{"type":"FeatureCollection","features":[{"type":"Feature","properties":{"name":"נס ציונה","osm_id":1246731},"geometry":{"type":"MultiPolygon","coordinates":[[[[34.7578682,31.9113453],[34.7645569,31.9039199],[34.7751474,31.9026394],[34.7740578,31.8985871],[34.7780128,31.8988806],[34.7841764,31.8964801],[34.7899673,31.9050564],[34.7964837,31.9074263],[34.799624,31.9120045],[34.8064695,31.9133758],[34.8095935,31.9203983],[34.8138994,31.9204758],[34.8151689,31.9246822],[34.8232805,31.9262594],[34.8221768,31.9305708],[34.8207326,31.931125],[34.82195,31.935052],[34.8178098,31.93518],[34.8184868,31.9399394],[34.8045818,31.9419428],[34.8049952,31.9446449],[34.8009711,31.9452463],[34.8003898,31.9412738],[34.7797474,31.9412294],[34.7785012,31.9363145],[34.7804167,31.9368659],[34.777049,31.9239724],[34.780086,31.9261396],[34.7804389,31.9235818],[34.7785863,31.9213922],[34.7786426,31.9162828],[34.7731899,31.9159598],[34.7742666,31.9101295],[34.7708661,31.913816],[34.7699069,31.9127998],[34.7613984,31.9151954],[34.7578682,31.9113453]]]]}},{"type":"Feature","properties":{"name":"רחובות","osm_id":1246791},"geometry":{"type":"MultiPolygon","coordinates":[[[[34.7621869,31.898212],[34.766319,31.8961409],[34.7683677,31.8937243],[34.767497,31.8925006],[34.7780479,31.8875377],[34.7749682,31.882475],[34.7891652,31.875726],[34.7914761,31.8760989],[34.791648,31.8800194],[34.7961921,31.8810258],[34.7956056,31.883188],[34.7988865,31.8844791],[34.7986022,31.881226],[34.8025507,31.8818016],[34.802565,31.8807314],[34.7988992,31.8758915],[34.7986004,31.8730984],[34.8061387,31.8713647],[34.8145101,31.8663637],[34.8193733,31.871038],[34.8184581,31.878974],[34.8246788,31.8811018],[34.8281686,31.8799633],[34.8450792,31.9015809],[34.8511431,31.907076],[34.8469149,31.9073962],[34.8467828,31.908762],[34.8429268,31.908281],[34.8389394,31.9115967],[34.8352908,31.9105108],[34.8355211,31.9122401],[34.8332377,31.9128119],[34.8344234,31.9157935],[34.8332893,31.9175549],[34.8308026,31.9163217],[34.8301122,31.9182202],[34.8234313,31.9146185],[34.8189649,31.92028],[34.8095935,31.9203983],[34.8064695,31.9133758],[34.799624,31.9120045],[34.7964837,31.9074263],[34.7899673,31.9050564],[34.7841764,31.8964801],[34.7780128,31.8988806],[34.7740578,31.8985871],[34.7751474,31.9026394],[34.7648488,31.9038256],[34.7621869,31.898212]]]]}},{"type":"Feature","properties":{"name":"مجدل شمس","osm_id":1375242},"geometry":{"type":"MultiPolygon","coordinates":[[[[35.7533659,33.287814],[35.7572544,33.2728512],[35.7550583,33.2650901],[35.758932,33.2604256],[35.7582978,33.2593527],[35.7553085,33.260348],[35.7554579,33.2577867],[35.7537469,33.2563354],[35.7557337,33.2558939],[35.756949,33.2512908],[35.7591418,33.2517289],[35.7536239,33.2437142],[35.7572385,33.2410375],[35.7607893,33.2408055],[35.759905,33.2381315],[35.7679798,33.23889],[35.7783942,33.2368734],[35.7825466,33.2416233],[35.7977369,33.2445309],[35.7987342,33.2528155],[35.7932967,33.2513279],[35.7847281,33.2558624],[35.7809233,33.2561316],[35.7856079,33.2617035],[35.7823606,33.2622217],[35.7779791,33.2659133],[35.7761637,33.2750802],[35.7768813,33.278901],[35.7802907,33.2853129],[35.7880573,33.2921421],[35.7795279,33.3000418],[35.7645744,33.2907195],[35.7607507,33.2848692],[35.7582545,33.2845824],[35.7560691,33.2900508],[35.7533659,33.287814]]]]}},{"type":"Feature","properties":{"name":"بقعاثا","osm_id":1375243},"geometry":{"type":"MultiPolygon","coordinates":[[[[35.7488715,33.2098366],[35.7517377,33.2043621],[35.7516805,33.2006463],[35.7638075,33.1852383],[35.7650655,33.1807388],[35.7667131,33.184026],[35.7756645,33.1881291],[35.7757866,33.1894375],[35.7868623,33.1872499],[35.7883694,33.1907779],[35.7933393,33.1902627],[35.7987559,33.196041],[35.8056697,33.1908192],[35.8056963,33.1877633],[35.8080478,33.1877068],[35.8067609,33.1935526],[35.7995808,33.2025757],[35.8090135,33.203394],[35.8065905,33.2203896],[35.8081736,33.2357939],[35.8072187,33.2381238],[35.8037071,33.23789],[35.8037122,33.2326423],[35.7886513,33.2248721],[35.7836088,33.2265613],[35.7819711,33.2254513],[35.7781968,33.2277031],[35.7682016,33.226438],[35.7668963,33.2250927],[35.7674607,33.2185073],[35.7605243,33.2162437],[35.758783,33.212705],[35.7551442,33.2120008],[35.7554893,33.2078794],[35.7527818,33.207618],[35.7488715,33.2098366]]]]}},{"type":"Feature","properties":{"name":"مسعدة","osm_id":1375244},"geometry":{"type":"MultiPolygon","coordinates":[[[[35.7422515,33.2285154],[35.744478,33.2180631],[35.7488715,33.2098366],[35.7527818,33.207618],[35.7554893,33.2078794],[35.7551442,33.2120008],[35.758783,33.212705],[35.7605243,33.2162437],[35.7674607,33.2185073],[35.7668963,33.2250927],[35.7682016,33.226438],[35.7781968,33.2277031],[35.7819711,33.2254513],[35.7836088,33.2265613],[35.7886513,33.2248721],[35.8037122,33.2326423],[35.804664,33.2348895],[35.803355,33.2373067],[35.8068793,33.2387902],[35.8045144,33.2464614],[35.7994845,33.2531662],[35.7977369,33.2445309],[35.7825466,33.2416233],[35.7783942,33.2368734],[35.7679798,33.23889],[35.759905,33.2381315],[35.7607893,33.2408055],[35.7572385,33.2410375],[35.7536239,33.2437142],[35.7459537,33.2370051],[35.7460875,33.2344982],[35.7482211,33.2329243],[35.7422515,33.2285154]]]]}},{"type":"Feature","properties":{"name":"عين قنية","osm_id":1375245},"geometry":{"type":"MultiPolygon","coordinates":[[[[35.7206434,33.239688],[35.7204092,33.2332857],[35.7284971,33.2256731],[35.7367259,33.2253471],[35.7400575,33.2269032],[35.7482211,33.2329243],[35.7457014,33.2364214],[35.748329,33.2392333],[35.7440264,33.2418547],[35.7447691,33.2510822],[35.737641,33.2529615],[35.7298643,33.2488525],[35.7206434,33.239688]]]]}},{"type":"Feature","properties":{"name":"מצפה רמון","osm_id":1376758},"geometry":{"type":"MultiPolygon","coordinates":[[[[34.7406134,30.5840531],[34.747788,30.5840212],[34.7554657,30.5910014],[34.7628404,30.592572],[34.7842019,30.601395],[34.8010495,30.6034319],[34.8080904,30.6093064],[34.8096013,30.6157203],[34.8131521,30.6165428],[34.8187221,30.6128443],[34.8331359,30.6101766],[34.8382101,30.6051222],[34.8444234,30.6056888],[34.8465662,30.6008546],[34.8499583,30.6015238],[34.8522062,30.5949974],[34.8451207,30.5921094],[34.8428178,30.584619],[34.8471858,30.5788426],[34.8543815,30.5768739],[34.8716079,30.5879702],[34.8775686,30.5866491],[34.888557,30.5903242],[34.9043784,30.6144059],[34.8864723,30.6230833],[34.881954,30.623365],[34.8723718,30.6179926],[34.8633155,30.6161918],[34.8569831,30.6130616],[34.8503825,30.6152884],[34.8402268,30.6242282],[34.8303462,30.6478367],[34.8316924,30.6484016],[34.8329653,30.6539836],[34.8320824,30.6578746],[34.8372787,30.6591056],[34.8358876,30.6617516],[34.8386057,30.6583619],[34.8556349,30.6600553],[34.8553789,30.679721],[34.8011077,30.6796919],[34.8035646,30.6752086],[34.8041705,30.6671745],[34.8089989,30.6617887],[34.7718175,30.6616162],[34.7719196,30.6492249],[34.7781769,30.6365229],[34.7722383,30.6341986],[34.7763476,30.6289858],[34.7733929,30.6270404],[34.7679833,30.6283598],[34.7655773,30.6242995],[34.75996,30.6241388],[34.7581745,30.6214081],[34.7586566,30.6189581],[34.7513644,30.612398],[34.7407971,30.608106],[34.7406134,30.5840531]]]]}},{"type":"Feature","properties":{"name":"ירוחם","osm_id":1376764},"geometry":{"type":"MultiPolygon","coordinates":[[[[34.8286378,31.0521622],[34.8432016,31.0517306],[34.8443412,31.0494113],[34.8543826,31.0520551],[34.8535184,31.0601384],[34.84908,31.0649971],[34.8431349,31.0667064],[34.8286378,31.0521622]]],[[[34.8662804,31.0004426],[34.872019,30.9890343],[34.875107,30.989637],[34.8752403,30.9689689],[34.8859694,30.9597203],[34.9480043,30.9588496],[34.9561037,30.9656574],[34.9635876,30.9588062],[34.9661618,30.9608016],[34.9650706,30.9636752],[34.9703701,30.9660569],[34.9736689,30.971586],[34.977741,30.9702565],[34.9824351,30.97094],[34.9913447,30.9766317],[34.9946787,30.9766461],[34.9942414,30.9808181],[34.9963072,30.9827421],[34.9704797,30.9904036],[34.9590489,30.9889094],[34.9590033,31.0134181],[34.8763624,31.0128822],[34.8724337,31.0141479],[34.867682,31.0106891],[34.8663433,31.004802],[34.8678793,31.0020404],[34.8662804,31.0004426]]]]}},{"type":"Feature","properties":{"name":"נאות חובב","osm_id":1376773},"geometry":{"type":"MultiPolygon","coordinates":[[[[34.7381723,31.1575447],[34.7383165,31.1280787],[34.782385,31.1233552],[34.7830359,31.1204363],[34.8054549,31.1192583],[34.8121756,31.1212667],[34.8047504,31.1377759],[34.804738,31.1578183],[34.7381723,31.1575447]]],[[[34.8107735,31.1550593],[34.8120367,31.1516429],[34.8184821,31.1537795],[34.8175276,31.157089],[34.8107735,31.1550593]]],[[[34.8210452,31.1461274],[34.8211514,31.1374607],[34.8331107,31.140595],[34.831633,31.1444031],[34.8273536,31.1450563],[34.8284781,31.1508968],[34.8239113,31.1513496],[34.823044,31.1461113],[34.8210452,31.1461274]]],[[[34.8413198,31.1315556],[34.8604385,31.0792235],[34.8708837,31.0785149],[34.8739585,31.0804365],[34.8838927,31.0789895],[34.9150154,31.0903979],[34.9372245,31.1023675],[34.946289,31.1094297],[34.9479075,31.1139828],[34.9422243,31.1226987],[34.9468644,31.1304338],[34.9448554,31.1345789],[34.9288425,31.1451328],[34.926847,31.1442701],[34.9227074,31.1365353],[34.9137215,31.1350847],[34.8897372,31.1383189],[34.8819147,31.1375842],[34.8745563,31.1407455],[34.8561019,31.13521],[34.8434203,31.1344435],[34.8413198,31.1315556]]]]}},{"type":"Feature","properties":{"name":"אשקלון","osm_id":1376782},"geometry":{"type":"MultiPolygon","coordinates":[[[[34.4920184,31.6341914],[34.5110009,31.6295959],[34.5183205,31.6257145],[34.5200765,31.6277539],[34.5339682,31.6196996],[34.5394045,31.6249411],[34.5340121,31.6280839],[34.5572585,31.6291196],[34.5689708,31.6362845],[34.5801771,31.6407663],[34.5898103,31.6349969],[34.5950935,31.648689],[34.6068729,31.6628857],[34.6069207,31.6702411],[34.6099592,31.6762851],[34.6093916,31.6842171],[34.6142545,31.6950743],[34.6097501,31.6963375],[34.6083659,31.6932113],[34.6042744,31.6926136],[34.6028536,31.6956834],[34.5977273,31.6986185],[34.609573,31.7027281],[34.6095583,31.706359],[34.6071233,31.7076739],[34.6084601,31.7089641],[34.6066664,31.7100748],[34.597333,31.7022081],[34.5933194,31.7014129],[34.5933343,31.7063792],[34.5910713,31.7093907],[34.5884862,31.7093156],[34.5836709,31.714318],[34.5759427,31.718223],[34.5599762,31.6927603],[34.5520248,31.6863075],[34.544507,31.6728664],[34.5221298,31.643666],[34.5130526,31.6396752],[34.5120712,31.6331026],[34.493166,31.6376608],[34.4920184,31.6341914]]]]}},{"type":"Feature","properties":{"name":"מועצה אזורית רמת נגב","osm_id":1376786},"geometry":{"type":"MultiPolygon","coordinates":[[[[34.3251712,31.0593937],[34.4033625,30.8591134],[34.496972,30.6792119],[34.5188298,30.5919174],[34.5167319,30.5465946],[34.5186383,30.5325223],[34.5577462,30.4946473],[34.5418439,30.4418882],[34.5435437,30.4129491],[34.6114884,30.3710267],[34.6316706,30.3821052],[34.6408502,30.3961792],[34.6504558,30.400659],[34.6652455,30.3975398],[34.6725899,30.3982123],[34.6773519,30.3927983],[34.6855179,30.3903322],[34.6863438,30.386756],[34.6940387,30.3878773],[34.6983454,30.3864827],[34.6984993,30.3826643],[34.7036697,30.3828773],[34.706876,30.381184],[34.7083972,30.3791644],[34.7070763,30.3762161],[34.7099936,30.376564],[34.7061997,30.3752397],[34.7082638,30.3705123],[34.7201853,30.3703305],[34.7253027,30.3683787],[34.7347774,30.3728152],[34.7411385,30.37396],[34.7488966,30.3804098],[34.7529901,30.3790887],[34.7544481,30.3768833],[34.7608718,30.3772567],[34.7642545,30.3741924],[34.7684493,30.3764194],[34.7807148,30.3720039],[34.7860254,30.3725138],[34.7875903,30.3696254],[34.7914347,30.3681924],[34.793942,30.3702895],[34.8044319,30.3695368],[34.8134139,30.3733312],[34.8183987,30.3731086],[34.8223689,30.3790439],[34.8200006,30.3822543],[34.8168656,30.3832408],[34.8174155,30.3921016],[34.8188246,30.3943856],[34.8280303,30.3982633],[34.8441164,30.389209],[34.8664856,30.3984006],[34.8736993,30.3937472],[34.8836148,30.3949291],[34.8883682,30.3917842],[34.8957571,30.3948814],[34.904894,30.3922892],[34.9075836,30.389819],[34.9097431,30.3871599],[34.9086586,30.3795903],[34.9103337,30.3748878],[34.9127353,30.374914],[34.9155705,30.3701686],[34.933437,30.3595322],[34.9427366,30.3452175],[34.9403526,30.3506817],[34.9410327,30.3550368],[34.9482187,30.3595515],[34.9501137,30.3626945],[34.955126,30.3625902],[34.9575893,30.3652622],[34.9597911,30.3631634],[34.9608659,30.3655987],[34.9637854,30.3668993],[34.9617748,30.3715235],[34.9513644,30.3792968],[34.9335711,30.4679825],[34.9361244,30.4638742],[34.9402356,30.4622831],[34.9485282,30.4619958],[34.9553686,30.464406],[34.9638145,30.4764046],[34.9651083,30.4840002],[34.9742493,30.4977589],[34.9693963,30.4994662],[34.9693779,30.5012151],[34.9735524,30.5026876],[34.9743908,30.5047035],[34.9712841,30.5074431],[34.9726611,30.5092056],[34.9709953,30.5138171],[34.9690354,30.5132341],[34.9621628,30.5154529],[34.9592334,30.5146143],[34.9536473,30.5169436],[34.9514332,30.5135712],[34.9555356,30.5121113],[34.9561228,30.5101915],[34.9534392,30.5095619],[34.9486648,30.5120278],[34.9505948,30.513929],[34.9456514,30.5171085],[34.9458166,30.5195613],[34.9488835,30.5202734],[34.9510043,30.5150553],[34.9536133,30.51745],[34.9593934,30.5150486],[34.9622056,30.5159025],[34.9711461,30.5142569],[34.9729411,30.5121368],[34.9727369,30.5061812],[34.9793767,30.5043233],[34.9827641,30.5058523],[34.9797491,30.5180083],[34.9810418,30.523774],[34.973147,30.5303028],[34.9743354,30.5356777],[34.9803107,30.5440399],[34.9882102,30.5489547],[34.9967742,30.5672849],[35.001682,30.572106],[35.0226531,30.5768329],[35.0334273,30.5734183],[35.0486497,30.577289],[35.0573622,30.5920022],[35.0568349,30.6005951],[35.0528295,30.6081247],[35.0568533,30.6096747],[35.0653403,30.6078993],[35.067706,30.6098877],[35.0650342,30.6213711],[35.0671835,30.6247572],[35.0560111,30.6290302],[35.052652,30.6329995],[35.0551979,30.6349659],[35.059374,30.6343231],[35.0624302,30.6356188],[35.062284,30.6372518],[35.0565824,30.6414611],[35.0555725,30.644526],[35.0600393,30.6483335],[35.0680253,30.6487311],[35.065224,30.6584823],[35.0335502,30.6886779],[35.0359386,30.6883281],[35.0307408,30.7011675],[35.0333288,30.7201434],[35.0010725,30.7227129],[34.99487,30.7238375],[34.9912786,30.7273202],[34.9926412,30.7304872],[34.9959193,30.7312733],[34.9953986,30.7333797],[35.0006755,30.7420908],[35.0002399,30.7450846],[34.9978269,30.7489205],[34.9873886,30.7523642],[34.9834573,30.7583119],[34.9835646,30.7680081],[34.977802,30.7653866],[34.9772384,30.767942],[34.97263,30.7716805],[34.972734,30.780562],[34.9772287,30.7886812],[34.9729863,30.795405],[34.9757835,30.8011409],[34.9681172,30.8019614],[34.9625182,30.8065191],[34.959296,30.8068672],[34.9574615,30.8112399],[34.953321,30.8110287],[34.9519862,30.8073845],[34.9428921,30.8202776],[34.9502383,30.823455],[34.9521583,30.829113],[34.9567573,30.8289068],[34.9544735,30.8326433],[34.9609691,30.8363223],[34.9655676,30.8368608],[34.9623843,30.8430762],[34.9659302,30.8418484],[34.9714333,30.8429625],[34.9720454,30.8549158],[34.974445,30.8575241],[34.9758713,30.8630819],[34.9796512,30.8647581],[34.989244,30.8768902],[35.0068373,30.8857482],[35.0152319,30.8845266],[35.0175943,30.8828251],[35.0236642,30.8877351],[35.0233291,30.8908179],[35.0262378,30.8920668],[35.0261457,30.8956599],[35.030031,30.8990545],[35.0402523,30.9019963],[35.0456416,30.9003842],[35.0459817,30.9041637],[35.049545,30.9029633],[35.0608409,30.9078151],[35.0633369,30.911664],[35.0631522,30.91439],[35.0659236,30.9132979],[35.0774339,30.9184578],[35.0740611,30.921043],[35.0729322,30.9260832],[35.0679966,30.9308624],[35.0649391,30.9306771],[35.058109,30.934112],[35.0545349,30.932238],[35.0534461,30.9336019],[35.054397,30.9361624],[35.0499671,30.9350854],[35.0459511,30.9386794],[35.0431572,30.9366204],[35.0397581,30.9389015],[35.0395905,30.9414635],[35.0432982,30.9410874],[35.0444458,30.9441792],[35.0395135,30.9470979],[35.0395491,30.9503823],[35.046422,30.9609028],[35.0559099,30.9675849],[35.0577883,30.983852],[35.0654341,30.991673],[35.0818444,31.0173622],[35.071759,31.0181484],[35.0715714,31.0163272],[35.0694017,31.0158142],[35.0656237,31.0172229],[35.0643953,31.0200994],[35.0556484,31.0173748],[35.0391239,31.0196107],[35.0401209,31.0220726],[35.0198077,31.0278038],[35.0080581,31.0271815],[35.0063854,31.0283372],[35.0063322,31.0316121],[35.0036311,31.0325118],[34.9859194,31.0345031],[35.0002249,31.0448652],[34.9973794,31.0482676],[34.9988697,31.0558541],[34.9956348,31.052351],[34.9830316,31.0461128],[34.9742953,31.0357369],[34.9719972,31.0359894],[34.9689689,31.0376718],[34.9696506,31.0390965],[34.9844244,31.0550337],[34.9369487,31.0957037],[34.9255241,31.0955782],[34.8838927,31.0789895],[34.8739585,31.0804365],[34.8708837,31.0785149],[34.8604385,31.0792235],[34.8545213,31.0947984],[34.8281051,31.0947412],[34.8254127,31.1034879],[34.815104,31.1146717],[34.8121756,31.1212667],[34.8054549,31.1192583],[34.7830359,31.1204363],[34.782385,31.1233552],[34.7383165,31.1280787],[34.7383057,31.1302763],[34.6466965,31.1379622],[34.6253252,31.1386838],[34.6218914,31.1366454],[34.6241391,31.1342525],[34.616762,31.1333121],[34.6085644,31.1374981],[34.5822481,31.1082488],[34.5080931,31.1102832],[34.4119256,31.0785343],[34.3251712,31.0593937]]]]}},{"type":"Feature","properties":{"name":"מועצה אזורית מרחבים","osm_id":1376788},"geometry":{"type":"MultiPolygon","coordinates":[[[[34.4465437,31.3165418],[34.4517916,31.3147212],[34.4494685,31.3120874],[34.485668,31.3100274],[34.4839532,31.2952923],[34.4862491,31.291126],[34.4850153,31.2875026],[34.4878442,31.2857851],[34.4835307,31.2824251],[34.4832797,31.280568],[34.4908057,31.2787279],[34.4883317,31.2703603],[34.492759,31.2714791],[34.4969786,31.2629584],[34.4929685,31.2599694],[34.4989907,31.256218],[34.4985513,31.2515353],[34.4928386,31.2512851],[34.4888756,31.2493161],[34.4900947,31.2444087],[34.496774,31.2448763],[34.5015301,31.2416821],[34.5094823,31.2414339],[34.5116419,31.2366322],[34.5108071,31.2331674],[34.51217,31.2312874],[34.5108819,31.2300704],[34.5121451,31.228168],[34.5171294,31.2273515],[34.5280882,31.2183832],[34.5318963,31.2209654],[34.5365703,31.2187089],[34.5395985,31.2120643],[34.53819,31.2106563],[34.5470044,31.20689],[34.5472673,31.2026986],[34.5516331,31.1981533],[34.5617003,31.1958409],[34.5679543,31.192026],[34.5843783,31.1897102],[34.5849167,31.1885716],[34.5819436,31.1865033],[34.5848118,31.1842919],[34.5835035,31.1813757],[34.5864298,31.1804198],[34.5844687,31.1758459],[34.5793838,31.1720555],[34.5855912,31.166494],[34.5839723,31.1654068],[34.6180854,31.1415511],[34.6218914,31.1366454],[34.6253252,31.1386838],[34.6466965,31.1379622],[34.7383057,31.1302763],[34.7381723,31.1575447],[34.8048694,31.1578188],[34.8038438,31.1645125],[34.8071889,31.1783462],[34.8067477,31.1868122],[34.8039329,31.1958247],[34.793365,31.1926365],[34.7798096,31.1958264],[34.7623859,31.1948586],[34.7415252,31.2063089],[34.7420376,31.199166],[34.7007044,31.1783045],[34.687225,31.1855442],[34.6855041,31.1893563],[34.682878,31.1891427],[34.6780938,31.1932512],[34.6732377,31.1941523],[34.6708774,31.1970654],[34.6626765,31.1995305],[34.6671078,31.2020313],[34.6684146,31.206703],[34.6808474,31.212333],[34.6814921,31.2159972],[34.6821429,31.2129615],[34.6916516,31.2181583],[34.6988707,31.2273135],[34.6977595,31.2295779],[34.6992461,31.2327944],[34.698511,31.2353926],[34.6918832,31.2353076],[34.6912723,31.2382995],[34.693567,31.2388445],[34.6941835,31.2417653],[34.6988053,31.2404037],[34.7006152,31.2462007],[34.7008396,31.2564455],[34.6937971,31.2563141],[34.6923458,31.2710901],[34.6987596,31.2755145],[34.6957064,31.2884561],[34.7000076,31.2929976],[34.698549,31.296065],[34.7016796,31.2988959],[34.7063469,31.297806],[34.7096253,31.300309],[34.7093395,31.3039555],[34.702163,31.3156317],[34.7029591,31.3235275],[34.6992428,31.3297576],[34.6835195,31.3334152],[34.6714953,31.3310132],[34.6602179,31.3326514],[34.6546944,31.3361486],[34.6512546,31.3420546],[34.642164,31.3457958],[34.6212954,31.3688029],[34.6158144,31.3793194],[34.619546,31.3835116],[34.6286583,31.3881009],[34.6306803,31.38823],[34.632105,31.3860157],[34.6350826,31.3862083],[34.6423292,31.3930252],[34.6456544,31.3926303],[34.6495571,31.3889036],[34.6543989,31.3902956],[34.660199,31.3881503],[34.6623017,31.3894624],[34.6659678,31.3879891],[34.6681594,31.3900828],[34.6801383,31.3890151],[34.6879797,31.4020619],[34.68563,31.4080968],[34.6934884,31.4182209],[34.6893691,31.4241116],[34.6933784,31.4269417],[34.6907658,31.4299975],[34.7022434,31.4345463],[34.7010243,31.4353503],[34.7034492,31.4388839],[34.71042,31.44392],[34.7328242,31.4421201],[34.7300523,31.4512587],[34.7250099,31.4538141],[34.7255631,31.4569582],[34.7223184,31.4576879],[34.7241234,31.4621207],[34.7226436,31.4626578],[34.711242,31.4560985],[34.6976369,31.4580546],[34.6947283,31.4607041],[34.6907825,31.4586809],[34.6894086,31.4602057],[34.6832424,31.4582056],[34.679405,31.4621057],[34.674384,31.4604586],[34.6729608,31.4636773],[34.6698318,31.4627386],[34.6672999,31.4687674],[34.6707038,31.4736056],[34.6701649,31.4756632],[34.6747062,31.4739328],[34.6769319,31.4707957],[34.6758553,31.4661927],[34.6823361,31.463534],[34.6838204,31.4645248],[34.6820083,31.4649423],[34.6868436,31.4661792],[34.6899936,31.4701089],[34.6918441,31.4683379],[34.6939637,31.4692493],[34.6945255,31.4746792],[34.6907386,31.4812488],[34.693092,31.4832645],[34.6848636,31.4855066],[34.6807486,31.4917236],[34.6707112,31.4956877],[34.6659765,31.4941261],[34.665159,31.4961337],[34.6628599,31.4967539],[34.6595275,31.4954468],[34.6619902,31.4946293],[34.6623526,31.4911625],[34.6589186,31.4941356],[34.6567665,31.4911539],[34.6527915,31.4917829],[34.6522266,31.493605],[34.6461021,31.4915047],[34.6519933,31.4824368],[34.6450206,31.4842484],[34.644027,31.4827238],[34.6379529,31.4813837],[34.6384468,31.4834191],[34.6348663,31.4912205],[34.6280107,31.4946299],[34.6262902,31.492906],[34.6234906,31.4948943],[34.6220941,31.4874777],[34.6157762,31.487798],[34.6149385,31.485987],[34.6206366,31.4815765],[34.6176433,31.4758157],[34.6089601,31.4721078],[34.6151792,31.4713739],[34.6123323,31.4686264],[34.614721,31.4657021],[34.6167846,31.4676013],[34.6228287,31.4645243],[34.6369256,31.4629628],[34.6402046,31.4552331],[34.6389908,31.4533502],[34.6355069,31.4539287],[34.6337781,31.450585],[34.6375638,31.4478405],[34.6382806,31.4424838],[34.6298005,31.4296539],[34.6367231,31.4260744],[34.6368261,31.4231314],[34.6265112,31.4163364],[34.6304896,31.4157796],[34.6311315,31.4031538],[34.6299095,31.4023367],[34.6290495,31.4043643],[34.6297879,31.4073782],[34.6280714,31.4057742],[34.6285389,31.4032634],[34.6187777,31.4028487],[34.6186292,31.3987917],[34.6167096,31.397973],[34.6172519,31.3872965],[34.613687,31.3864921],[34.6162762,31.3801291],[34.6134307,31.3774547],[34.6029664,31.3777399],[34.5985378,31.3728834],[34.5940065,31.3708157],[34.5936548,31.3689593],[34.5873663,31.3688165],[34.5883556,31.3662218],[34.5837815,31.3640362],[34.5835229,31.3611419],[34.5764113,31.3587216],[34.56757,31.362026],[34.5612901,31.3664788],[34.5506781,31.3636285],[34.5404439,31.3642545],[34.536765,31.3662718],[34.5322293,31.3653615],[34.527892,31.3719011],[34.5198727,31.3704197],[34.5089909,31.376666],[34.5036618,31.3755789],[34.4952901,31.3794801],[34.4888806,31.3804799],[34.4944945,31.3738609],[34.4985541,31.3719474],[34.4891316,31.3601546],[34.5050753,31.3414525],[34.5132885,31.3465098],[34.5169298,31.3460928],[34.5220856,31.3402951],[34.5331764,31.3190443],[34.5354004,31.3187279],[34.5339901,31.3150588],[34.5358411,31.3143974],[34.5350793,31.312587],[34.537525,31.311623],[34.5309939,31.3077163],[34.541366,31.3036855],[34.5447101,31.3034945],[34.5431296,31.3048264],[34.5428265,31.3088512],[34.549612,31.3065524],[34.5469416,31.300524],[34.5442179,31.3014465],[34.5422008,31.2970361],[34.5382105,31.29845],[34.5369009,31.2956291],[34.541523,31.2832216],[34.5395706,31.2781676],[34.5057123,31.2902807],[34.5068306,31.292684],[34.505032,31.2933145],[34.506658,31.2982788],[34.5028398,31.2994778],[34.5025097,31.3019091],[34.503417,31.3037641],[34.5071447,31.3034766],[34.5072368,31.3050595],[34.5103246,31.3053438],[34.5081312,31.3079859],[34.5050024,31.308278],[34.4974923,31.3131136],[34.4967972,31.3146485],[34.4982247,31.3144375],[34.5001777,31.3179309],[34.4970227,31.3184783],[34.5145311,31.3316876],[34.5103198,31.3356239],[34.4931334,31.3233524],[34.4852314,31.3265019],[34.4835193,31.3241746],[34.4856407,31.3221409],[34.4839986,31.3218303],[34.4624998,31.3225643],[34.463763,31.3259593],[34.4612056,31.3261167],[34.4596061,31.3309292],[34.4575621,31.3284936],[34.4584985,31.3254757],[34.4552731,31.3265594],[34.4547786,31.3238136],[34.4508894,31.3251623],[34.4465437,31.3165418]]]]}},{"type":"Feature","properties":{"name":"מועצה אזורית בני שמעון","osm_id":1376824},"geometry":{"type":"MultiPolygon","coordinates":[[[[34.6158144,31.3793194],[34.6212954,31.3688029],[34.642164,31.3457958],[34.6512546,31.3420546],[34.6546944,31.3361486],[34.6602179,31.3326514],[34.6714953,31.3310132],[34.6835195,31.3334152],[34.6900352,31.3310203],[34.696565,31.3311169],[34.6996266,31.3293965],[34.7025884,31.324625],[34.702163,31.3156317],[34.7093395,31.3039555],[34.7096253,31.300309],[34.7063469,31.297806],[34.7016796,31.2988959],[34.698549,31.296065],[34.7000076,31.2929976],[34.6957064,31.2884561],[34.6987596,31.2755145],[34.6923458,31.2710901],[34.6937971,31.2563141],[34.7008396,31.2564455],[34.7006152,31.2462007],[34.6988053,31.2404037],[34.6941835,31.2417653],[34.693567,31.2388445],[34.6912723,31.2382995],[34.6918832,31.2353076],[34.698511,31.2353926],[34.6992461,31.2327944],[34.6977595,31.2295779],[34.6988707,31.2273135],[34.6916516,31.2181583],[34.6821429,31.2129615],[34.6814921,31.2159972],[34.6808474,31.212333],[34.6684146,31.206703],[34.6671078,31.2020313],[34.6626765,31.1995305],[34.6708774,31.1970654],[34.6732377,31.1941523],[34.6780938,31.1932512],[34.682878,31.1891427],[34.6855041,31.1893563],[34.687225,31.1855442],[34.7007044,31.1783045],[34.7420376,31.199166],[34.7415252,31.2063089],[34.7364979,31.2133246],[34.7348637,31.2209698],[34.7371594,31.2382624],[34.7346717,31.2405962],[34.7339823,31.2441981],[34.7364004,31.2645393],[34.7438045,31.2926754],[34.76352,31.3007167],[34.7619144,31.3045521],[34.7577736,31.3083961],[34.754742,31.3085861],[34.7580629,31.3114357],[34.759018,31.3134135],[34.7579561,31.3149005],[34.7630413,31.3146105],[34.7632607,31.3165161],[34.7707499,31.3194819],[34.7875947,31.3208333],[34.7886866,31.3109048],[34.8026404,31.314001],[34.8222729,31.3234287],[34.8548134,31.3036732],[34.8536795,31.3026537],[34.8681018,31.3021131],[34.8679192,31.2979933],[34.8615674,31.2987318],[34.8609802,31.2932013],[34.8678825,31.2916909],[34.8717834,31.2872517],[34.8779148,31.289147],[34.88591,31.2951598],[34.8891611,31.2898901],[34.8941856,31.2901877],[34.9181192,31.2977261],[34.9042374,31.3053715],[34.8945199,31.3157981],[34.8916673,31.3225985],[34.8861137,31.3281256],[34.8885161,31.3339396],[34.8901582,31.334633],[34.891672,31.3328062],[34.8920423,31.3362865],[34.8942601,31.3362548],[34.8973589,31.3392353],[34.904688,31.340653],[34.9136062,31.3358759],[34.906419,31.3226145],[34.9080849,31.3180252],[34.9108636,31.3154767],[34.9242309,31.3284286],[34.9284508,31.3376767],[34.9329303,31.3427394],[34.9246515,31.3421068],[34.9190341,31.3437284],[34.9099183,31.3505986],[34.910939,31.3525355],[34.9097161,31.3564986],[34.8930388,31.3676365],[34.8895983,31.3726992],[34.8863539,31.3825263],[34.8800552,31.3923293],[34.8866362,31.4111663],[34.9005102,31.4378254],[34.8659269,31.4382287],[34.8654505,31.4360026],[34.8675799,31.4307279],[34.8697963,31.4300811],[34.8744385,31.4130897],[34.8692726,31.4127752],[34.8421326,31.4250887],[34.823922,31.4452076],[34.7969323,31.4526096],[34.7796174,31.4610176],[34.7777669,31.4681301],[34.7679297,31.4738479],[34.7651949,31.4830935],[34.7305267,31.4800839],[34.7334622,31.4777038],[34.7318029,31.4737973],[34.7356295,31.4736176],[34.7331044,31.4714624],[34.7333964,31.465715],[34.7357362,31.4667031],[34.7363279,31.4635829],[34.7341364,31.4608814],[34.7358653,31.4597271],[34.7362845,31.4546896],[34.733873,31.4515456],[34.7300523,31.4512587],[34.7328242,31.4421201],[34.71042,31.44392],[34.7034492,31.4388839],[34.7010243,31.4353503],[34.7022434,31.4345463],[34.6907658,31.4299975],[34.6933784,31.4269417],[34.6893691,31.4241116],[34.6934884,31.4182209],[34.68563,31.4080968],[34.6879797,31.4020619],[34.6801383,31.3890151],[34.6681594,31.3900828],[34.6659678,31.3879891],[34.6623017,31.3894624],[34.660199,31.3881503],[34.6543989,31.3902956],[34.6495571,31.3889036],[34.6456544,31.3926303],[34.6423292,31.3930252],[34.6350826,31.3862083],[34.632105,31.3860157],[34.6306803,31.38823],[34.6286583,31.3881009],[34.619546,31.3835116],[34.6158144,31.3793194]]],[[[34.839431,31.2435271],[34.8511152,31.2275743],[34.8497039,31.2203596],[34.8466337,31.2210224],[34.8433155,31.2107713],[34.846405,31.2072569],[34.8626737,31.2053983],[34.8634748,31.2074839],[34.8660006,31.2076178],[34.8725972,31.203871],[34.8771801,31.1983483],[34.887156,31.2041127],[34.8926898,31.2107298],[34.8966182,31.2065422],[34.9004172,31.2049999],[34.9062417,31.2042703],[34.9080606,31.206328],[34.9092142,31.21436],[34.9059737,31.2232045],[34.9034388,31.2527026],[34.8992652,31.2597037],[34.8917814,31.2654211],[34.8872405,31.2659382],[34.88809,31.2620095],[34.8866464,31.2619869],[34.8847183,31.2581123],[34.888191,31.2397985],[34.88125,31.2367215],[34.869297,31.237152],[34.8683037,31.239057],[34.8648585,31.2384826],[34.8620866,31.2352659],[34.8565502,31.2384589],[34.8528577,31.2366263],[34.8489056,31.2407468],[34.839431,31.2435271]]]]}},{"type":"Feature","properties":{"name":"עומר","osm_id":1376825},"geometry":{"type":"MultiPolygon","coordinates":[[[[34.8256662,31.2827061],[34.8300663,31.266993],[34.829648,31.2594318],[34.8323327,31.2610622],[34.8333484,31.259725],[34.8333413,31.2570407],[34.829424,31.2570152],[34.8287363,31.2503424],[34.8372825,31.2495505],[34.8388682,31.2471572],[34.8453996,31.2482089],[34.8494583,31.2529232],[34.8627348,31.2626712],[34.8698549,31.263565],[34.8680494,31.2683537],[34.8682614,31.274663],[34.8707849,31.2824955],[34.8696195,31.2867305],[34.8717834,31.2872517],[34.8678825,31.2916909],[34.8609802,31.2932013],[34.8615674,31.2987318],[34.8679192,31.2979933],[34.8681018,31.3021131],[34.8536795,31.3026537],[34.8407012,31.2905517],[34.837294,31.2930062],[34.8267943,31.2917048],[34.8256662,31.2827061]]]]}},{"type":"Feature","properties":{"name":"דימונה","osm_id":1376826},"geometry":{"type":"MultiPolygon","coordinates":[[[[34.9689689,31.0376718],[34.9742953,31.0357369],[34.9826274,31.0458043],[34.9956348,31.052351],[34.9988697,31.0558541],[34.9973794,31.0482676],[35.0002249,31.0448652],[34.9859194,31.0345031],[35.0036311,31.0325118],[35.0063322,31.0316121],[35.0063854,31.0283372],[35.0080581,31.0271815],[35.0198077,31.0278038],[35.0401209,31.0220726],[35.0391239,31.0196107],[35.0556484,31.0173748],[35.0643953,31.0200994],[35.0656237,31.0172229],[35.0694017,31.0158142],[35.0715714,31.0163272],[35.071759,31.0181484],[35.0818444,31.0173622],[35.0654341,30.991673],[35.0577883,30.983852],[35.0557135,30.9640429],[35.0863519,30.9509208],[35.0995459,30.952184],[35.1088249,30.9414597],[35.1294375,30.9318994],[35.1341997,30.9351656],[35.1401537,30.9345771],[35.1424982,30.9327093],[35.1523329,30.9357965],[35.1581557,30.9393732],[35.1580812,30.9428223],[35.1607039,30.9439892],[35.1574954,30.9537709],[35.1630324,30.9582752],[35.1658442,30.9642612],[35.1709249,30.9684233],[35.16327,30.9787072],[35.1798982,30.9841812],[35.1850196,30.9930027],[35.1918622,30.9934436],[35.1944377,30.9985889],[35.2012174,31.0044881],[35.1940034,31.0137061],[35.1918767,31.0127833],[35.1842329,31.0224929],[35.1886635,31.0303422],[35.1874403,31.0367488],[35.1889464,31.0411057],[35.1588773,31.0383264],[35.1029105,31.0363825],[35.0881229,31.037877],[35.0732732,31.0372299],[35.0636063,31.0392092],[35.0686822,31.052401],[35.0730458,31.0575603],[35.0717975,31.0652777],[35.0729733,31.0686431],[35.0718367,31.0740841],[35.0730277,31.085615],[35.0717425,31.0873102],[35.0728702,31.092198],[35.0765512,31.0943686],[35.0806032,31.1019452],[35.0791911,31.1059191],[35.0723002,31.1098213],[35.0666891,31.1095695],[35.0580945,31.1065449],[35.0544672,31.1025676],[35.0450708,31.1022534],[35.0225227,31.0861049],[34.990043,31.086055],[34.9901227,31.0504934],[34.9874305,31.0504882],[34.9834583,31.0539682],[34.9689689,31.0376718]]],[[[34.9792509,31.1936044],[34.9797745,31.1886766],[34.9817219,31.1877118],[34.9824626,31.1774156],[35.005594,31.1748892],[35.0142071,31.1718336],[35.0466531,31.1730878],[35.0757088,31.1841436],[35.0814391,31.2225965],[35.0536094,31.2241785],[35.0040697,31.2222495],[34.9809441,31.2137622],[34.981905,31.1969535],[34.9792509,31.1936044]]],[[[35.0581523,31.1379817],[35.0597586,31.1349107],[35.0614423,31.1359581],[35.060474,31.138156],[35.0581523,31.1379817]]],[[[35.0769439,31.1487418],[35.080518,31.144835],[35.0813777,31.156747],[35.088516,31.1588352],[35.0945444,31.1583386],[35.0939524,31.1610822],[35.0911638,31.1636676],[35.0810266,31.1623285],[35.0802796,31.1582549],[35.078041,31.1564063],[35.0789808,31.1547342],[35.0769439,31.1487418]]]]}},{"type":"Feature","properties":{"name":"תל שבע","osm_id":1376827},"geometry":{"type":"MultiPolygon","coordinates":[[[[34.8351085,31.2488575],[34.8371166,31.2463802],[34.8440529,31.2470322],[34.8443901,31.2413048],[34.8489056,31.2407468],[34.8528577,31.2366263],[34.8565502,31.2384589],[34.8620866,31.2352659],[34.8648585,31.2384826],[34.8683037,31.239057],[34.869297,31.237152],[34.8735311,31.2379237],[34.8800203,31.2365263],[34.888191,31.2397985],[34.8847183,31.2581123],[34.8802265,31.2590762],[34.8695773,31.2658337],[34.8698549,31.263565],[34.8627348,31.2626712],[34.8494583,31.2529232],[34.8453996,31.2482089],[34.8388682,31.2471572],[34.8372825,31.2495505],[34.8351085,31.2488575]]]]}},{"type":"Feature","properties":{"name":"מיתר","osm_id":1376828},"geometry":{"type":"MultiPolygon","coordinates":[[[[34.8861137,31.3281256],[34.8916673,31.3225985],[34.8945199,31.3157981],[34.9026526,31.3085333],[34.9021788,31.3073019],[34.9101791,31.3010764],[34.9161547,31.299276],[34.9174964,31.3021525],[34.9250396,31.3085329],[34.9380213,31.314304],[34.9405899,31.3105951],[34.9527187,31.3042676],[34.9586626,31.3028133],[34.9700524,31.3057451],[34.9827926,31.3044535],[34.9888745,31.3110798],[34.9854762,31.3132993],[34.9801362,31.308384],[34.9792068,31.308884],[34.9805794,31.3102435],[34.9765742,31.310687],[34.9732056,31.3140595],[34.9738607,31.3159888],[34.9767552,31.3164237],[34.9658987,31.3185298],[34.9570554,31.3256381],[34.9595613,31.3319779],[34.9503509,31.3429994],[34.9503931,31.3480643],[34.9330707,31.3442951],[34.9243432,31.3285694],[34.9112701,31.3155781],[34.9083211,31.3176618],[34.906419,31.3226145],[34.9136062,31.3358759],[34.904688,31.340653],[34.8973589,31.3392353],[34.8942601,31.3362548],[34.8920423,31.3362865],[34.891672,31.3328062],[34.8889191,31.3343823],[34.8861137,31.3281256]]]]}},{"type":"Feature","properties":{"name":"حورة","osm_id":1376829},"geometry":{"type":"MultiPolygon","coordinates":[[[[34.9161547,31.299276],[34.9400365,31.2771876],[34.9475634,31.2862584],[34.9479763,31.2936019],[34.9507006,31.2985397],[34.9551783,31.2973796],[34.9609937,31.2986365],[34.9649763,31.3021374],[34.9626338,31.3041558],[34.9586626,31.3028133],[34.9527187,31.3042676],[34.9405899,31.3105951],[34.9380213,31.314304],[34.9250396,31.3085329],[34.9174964,31.3021525],[34.9161547,31.299276]]]]}},{"type":"Feature","properties":{"name":"مجلس إقليمي واحة الصحراء","osm_id":1376830},"geometry":{"type":"MultiPolygon","coordinates":[[[[34.6830062,31.0383127],[34.6858247,31.033631],[34.6856181,31.0250018],[34.6939453,31.0180136],[34.697373,31.0130634],[34.715653,31.0154508],[34.7237531,31.0131486],[34.7237173,31.0187448],[34.7276166,31.0197612],[34.7285848,31.0166736],[34.7318663,31.0113943],[34.7277396,31.0197266],[34.7310553,31.020744],[34.7336325,31.0241323],[34.7407057,31.0276208],[34.7440788,31.0279449],[34.7436453,31.0264933],[34.7443428,31.0279775],[34.7505369,31.0284662],[34.7495941,31.0301167],[34.7350956,31.0263713],[34.7359243,31.0256599],[34.7335016,31.0246504],[34.7304863,31.020839],[34.7237062,31.0189903],[34.7230903,31.0216441],[34.7106145,31.0297471],[34.7032705,31.0388642],[34.6863049,31.0319834],[34.6847416,31.0360102],[34.6859715,31.0387016],[34.6830062,31.0383127]]],[[[34.9008194,31.1886076],[34.901268,31.1831312],[34.9054438,31.181995],[34.9058014,31.1793647],[34.9109535,31.178237],[34.9105727,31.1768133],[34.9141289,31.1749216],[34.917699,31.1672462],[34.9218202,31.1633458],[34.9265628,31.1653091],[34.9296131,31.1723965],[34.9405319,31.1698012],[34.9461676,31.1731548],[34.946624,31.1750023],[34.9582222,31.1705086],[34.9626503,31.1733502],[34.9639809,31.1724817],[34.9633765,31.1739215],[34.9679145,31.1748067],[34.9656234,31.1797973],[34.9607966,31.1817956],[34.9623747,31.1830692],[34.9580848,31.1827666],[34.9599392,31.1839218],[34.9580109,31.1846365],[34.9573845,31.1829691],[34.94963,31.1856466],[34.940219,31.1859892],[34.9369243,31.1876232],[34.939955,31.1880013],[34.9341405,31.1899117],[34.9358387,31.190654],[34.9345501,31.1915101],[34.9311003,31.1916166],[34.9269033,31.1884982],[34.9207389,31.1908058],[34.9190577,31.1922816],[34.9218573,31.1985785],[34.9195607,31.1993592],[34.9202072,31.1952541],[34.9187975,31.19251],[34.9162158,31.197],[34.909376,31.2006079],[34.9066096,31.1945678],[34.9008194,31.1886076]]],[[[34.9434978,31.1442522],[34.953319,31.1325786],[34.959066,31.1195232],[34.9799936,31.140207],[34.9843824,31.1472732],[34.9811047,31.1564687],[34.9720107,31.1492114],[34.9631095,31.1549758],[34.9595069,31.1556905],[34.9489686,31.1548908],[34.9434978,31.1442522]]],[[[34.9737739,31.0691863],[34.9802563,31.0636621],[34.9900927,31.063869],[34.9900509,31.0825241],[34.9882186,31.0866946],[34.9948145,31.0936684],[34.9934957,31.0944118],[34.991269,31.092216],[34.9876961,31.0933335],[34.9821836,31.1000037],[34.978367,31.0962155],[34.974911,31.0845241],[34.9766854,31.0759324],[34.9737739,31.0691863]]],[[[34.9913471,31.116774],[34.9967873,31.1098787],[35.0016271,31.1116576],[34.9985753,31.1162611],[35.0023389,31.1207819],[35.0050829,31.120499],[35.0053263,31.1233617],[35.0100261,31.1254389],[35.0047008,31.1301753],[35.000248,31.1245207],[34.9956073,31.1228675],[34.9952864,31.1198699],[34.9936146,31.1200022],[34.9913471,31.116774]]]]}},{"type":"Feature","properties":{"name":"ערד","osm_id":1376910},"geometry":{"type":"MultiPolygon","coordinates":[[[[35.1101141,31.2809313],[35.120956,31.2712305],[35.1233819,31.2648753],[35.12699,31.2640919],[35.1241223,31.2546748],[35.1193625,31.2542415],[35.118486,31.2519731],[35.1259907,31.2519779],[35.1259763,31.1946287],[35.169406,31.1946246],[35.2238627,31.2350153],[35.2280899,31.2388192],[35.2264174,31.2407841],[35.2286049,31.2391058],[35.2347079,31.2399518],[35.2354475,31.2409916],[35.2301953,31.2452683],[35.2379966,31.2430872],[35.2367978,31.2486662],[35.2432059,31.2499209],[35.240469,31.2530353],[35.2451816,31.2526799],[35.2471709,31.2557796],[35.2456091,31.2564321],[35.2499812,31.2589673],[35.2496043,31.2603931],[35.2440748,31.2621552],[35.2421437,31.2639335],[35.2468504,31.2623568],[35.2504672,31.2644442],[35.2544634,31.262136],[35.2544827,31.2648231],[35.2518084,31.2650813],[35.2515041,31.2686753],[35.2530051,31.2688357],[35.2519111,31.2706849],[35.2590463,31.2708532],[35.2584223,31.2725196],[35.2685794,31.2824105],[35.2876907,31.2919449],[35.2993364,31.3010347],[35.3087214,31.3059492],[35.3274859,31.3092138],[35.347289,31.3091933],[35.3479895,31.3129211],[35.3452178,31.3181443],[35.3405319,31.3214305],[35.3294164,31.3241264],[35.3097846,31.3247406],[35.2899709,31.3167015],[35.2574828,31.3141836],[35.2510531,31.3101592],[35.2472284,31.3035981],[35.2337992,31.2988014],[35.226269,31.2938134],[35.219947,31.2987901],[35.1240232,31.2871926],[35.1101141,31.2809313]]]]}},{"type":"Feature","properties":{"name":"كسيفة","osm_id":1376911},"geometry":{"type":"MultiPolygon","coordinates":[[[[35.0575366,31.2380075],[35.0618688,31.2356745],[35.0610964,31.2292862],[35.0644026,31.2267446],[35.0693219,31.2269958],[35.0723716,31.231431],[35.0742344,31.2313136],[35.0794305,31.2364187],[35.0806597,31.2353855],[35.079805,31.2293161],[35.0827845,31.2289157],[35.0831486,31.2266019],[35.0860681,31.2254176],[35.0889637,31.2291096],[35.0880794,31.2256788],[35.090706,31.2247351],[35.0910016,31.2226929],[35.0941959,31.2227539],[35.0941746,31.2250533],[35.097233,31.2262395],[35.0964988,31.2299821],[35.1039637,31.2372157],[35.1094817,31.2336562],[35.1205359,31.2354383],[35.1188699,31.239328],[35.1157859,31.2383301],[35.1165592,31.2353063],[35.1104893,31.2337229],[35.104063,31.2373706],[35.1054254,31.2394953],[35.1113648,31.2397169],[35.1221351,31.2447501],[35.1248659,31.2519772],[35.1032095,31.2517911],[35.0994436,31.2473742],[35.0917682,31.2522245],[35.0740572,31.2526202],[35.0689894,31.2544382],[35.0707401,31.2553553],[35.0612415,31.2583832],[35.059051,31.2544957],[35.0637713,31.2506411],[35.0640665,31.2485239],[35.0585195,31.2440275],[35.0575366,31.2380075]]]]}},{"type":"Feature","properties":{"name":"מועצה אזורית תמר","osm_id":1376912},"geometry":{"type":"MultiPolygon","coordinates":[[[[34.9503931,31.3480643],[34.9503509,31.3429994],[34.9595613,31.3319779],[34.9570554,31.3256381],[34.9658987,31.3185298],[34.9767552,31.3164237],[34.9738607,31.3159888],[34.9732056,31.3140595],[34.9765742,31.310687],[34.9805794,31.3102435],[34.9792068,31.308884],[34.9801362,31.308384],[34.9854762,31.3132993],[34.9894588,31.3115706],[35.0038214,31.3145484],[35.0095994,31.3185673],[35.0149188,31.3192166],[35.0172986,31.3231671],[35.0201727,31.3405023],[35.0225073,31.3401364],[35.0230827,31.3421468],[35.0194746,31.3456624],[35.0178862,31.3516589],[35.018848,31.3534657],[35.0211934,31.3537425],[35.0212567,31.3566828],[35.0239793,31.3591776],[34.9998418,31.3567536],[34.9862522,31.3520318],[34.9503931,31.3480643]]],[[[35.0636063,31.0392092],[35.0732732,31.0372299],[35.0881229,31.037877],[35.1029105,31.0363825],[35.1588773,31.0383264],[35.1889464,31.0411057],[35.1874403,31.0367488],[35.1886635,31.0303422],[35.1842329,31.0224929],[35.1918767,31.0127833],[35.1940034,31.0137061],[35.1953153,31.0104452],[35.1987296,31.0078294],[35.2116175,31.0392985],[35.2369876,31.0325701],[35.2342774,31.0395994],[35.2340734,31.0441673],[35.2363424,31.0441668],[35.2434794,31.04005],[35.2508808,31.0406485],[35.2559142,31.0390435],[35.2630045,31.0348286],[35.2649871,31.0322571],[35.2642065,31.0293256],[35.2664957,31.0270248],[35.2660866,31.024443],[35.2618945,31.0205535],[35.2577942,31.0197652],[35.254709,31.01597],[35.2556323,31.0150936],[35.2488252,31.0091574],[35.2936067,30.9708828],[35.2890936,30.933336],[35.2485421,30.9647476],[35.2276548,30.9345453],[35.221082,30.9323882],[35.2194181,30.9284966],[35.2104678,30.9209869],[35.2074585,30.9246739],[35.2040529,30.9233084],[35.2014396,30.9193483],[35.2086414,30.907033],[35.2065018,30.9039358],[35.203149,30.9025899],[35.199218,30.9041849],[35.1904743,30.9024184],[35.1855754,30.9033363],[35.1759248,30.8922186],[35.1696832,30.8895751],[35.1626457,30.893328],[35.157104,30.8924385],[35.1584649,30.884646],[35.147179,30.874651],[35.1474855,30.8734725],[35.1543559,30.8661719],[35.1686366,30.8571762],[35.1760329,30.8555381],[35.1991542,30.8432845],[35.202921,30.8378938],[35.2192272,30.8327073],[35.2424378,30.8163308],[35.2454887,30.8206661],[35.2464074,30.828888],[35.2614491,30.8288954],[35.2608739,30.8385093],[35.281173,30.8384686],[35.284386,30.8203382],[35.2829804,30.8189341],[35.2838265,30.8159687],[35.2820634,30.8142091],[35.2816031,30.8082187],[35.2797803,30.8072388],[35.2626238,30.8084721],[35.2551043,30.8046511],[35.2489557,30.8039567],[35.2423508,30.7970125],[35.2410931,30.7884924],[35.2329419,30.7908136],[35.2191095,30.7894794],[35.2175359,30.7811316],[35.2378205,30.7783001],[35.2410643,30.7882987],[35.2453579,30.7900914],[35.2580207,30.7903308],[35.2767649,30.7970767],[35.2859319,30.8063075],[35.2930926,30.8186816],[35.292184,30.8315448],[35.2938489,30.8356253],[35.2969075,30.8385641],[35.3025596,30.8404132],[35.3044119,30.8455856],[35.3110448,30.8472968],[35.3131495,30.8519529],[35.3266299,30.8584326],[35.3282267,30.8569882],[35.3271462,30.8517665],[35.3224344,30.8440745],[35.3218076,30.840376],[35.3234619,30.8361981],[35.3299518,30.8289728],[35.3331632,30.8297206],[35.3298607,30.8414667],[35.3317061,30.8622091],[35.341641,30.8849911],[35.3542795,30.9083016],[35.3711667,30.926784],[35.3940835,30.9265815],[35.3978815,30.931404],[35.4020014,30.9332078],[35.4164664,30.9509396],[35.4180972,30.9682362],[35.4182083,31.0041039],[35.4259502,31.0448151],[35.4273669,31.0501866],[35.4453726,31.077672],[35.4547379,31.1044493],[35.456197,31.128294],[35.4535448,31.1437513],[35.4492533,31.1573772],[35.4228174,31.1995058],[35.4109642,31.210202],[35.4001066,31.239216],[35.3992998,31.2529455],[35.4013769,31.266519],[35.4066383,31.2814696],[35.4541971,31.3578433],[35.4606945,31.3716582],[35.4675524,31.3937577],[35.4669601,31.3981389],[35.4721786,31.4195657],[35.4759345,31.4578227],[35.476012,31.49312],[35.4518116,31.4966472],[35.4202559,31.4963263],[35.3983344,31.4923265],[35.3212522,31.4398331],[35.3011092,31.4282674],[35.2879513,31.4166259],[35.250183,31.3915543],[35.2289372,31.3737138],[35.203484,31.3712726],[35.1763455,31.3643751],[35.1563995,31.3625163],[35.1348333,31.3552879],[35.1105746,31.3567764],[35.1062989,31.3544504],[35.1090884,31.3512947],[35.105125,31.3476676],[35.1008504,31.3457662],[35.0957745,31.3458393],[35.0933763,31.3427174],[35.0914742,31.3430839],[35.0914117,31.3417526],[35.097295,31.3384119],[35.0947427,31.3385844],[35.0951465,31.334563],[35.0921734,31.3347411],[35.089061,31.3316825],[35.1189396,31.3310645],[35.1154484,31.3246331],[35.1155525,31.3202997],[35.1261063,31.3089215],[35.1754713,31.3221277],[35.1787065,31.3116801],[35.1945005,31.2955961],[35.219947,31.2987901],[35.226269,31.2938134],[35.2337992,31.2988014],[35.2472284,31.3035981],[35.2510531,31.3101592],[35.2574828,31.3141836],[35.2899709,31.3167015],[35.3097846,31.3247406],[35.3294164,31.3241264],[35.3405319,31.3214305],[35.3452178,31.3181443],[35.3481596,31.3105346],[35.347289,31.3091933],[35.3274859,31.3092138],[35.3087214,31.3059492],[35.2993364,31.3010347],[35.2876907,31.2919449],[35.2685794,31.2824105],[35.2584223,31.2725196],[35.2590463,31.2708532],[35.2519111,31.2706849],[35.2530051,31.2688357],[35.2515041,31.2686753],[35.2518084,31.2650813],[35.2544827,31.2648231],[35.2544634,31.262136],[35.2504672,31.2644442],[35.2468504,31.2623568],[35.2421437,31.2639335],[35.2496043,31.2603931],[35.2499812,31.2589673],[35.2456091,31.2564321],[35.2471709,31.2557796],[35.2451816,31.2526799],[35.240469,31.2530353],[35.2432059,31.2499209],[35.2367978,31.2486662],[35.2379966,31.2430872],[35.2301953,31.2452683],[35.2354475,31.2409916],[35.2347079,31.2399518],[35.2286049,31.2391058],[35.2264174,31.2407841],[35.2280899,31.2388192],[35.2238627,31.2350153],[35.1839345,31.2056539],[35.188815,31.2000049],[35.1893336,31.1938443],[35.1706216,31.1729711],[35.1668068,31.1586483],[35.1653201,31.1397255],[35.161068,31.1189976],[35.1477055,31.0882585],[35.1393625,31.0788994],[35.1251752,31.0721673],[35.0967288,31.06788],[35.0728518,31.0678364],[35.0717975,31.0652777],[35.0728125,31.0566635],[35.0686822,31.052401],[35.0636063,31.0392092]]]]}},{"type":"Feature","properties":{"name":"מועצה אזורית הערבה התיכונה","osm_id":1376929},"geometry":{"type":"MultiPolygon","coordinates":[[[[34.9335711,30.4679825],[34.9513644,30.3792968],[34.9617748,30.3715235],[34.9637854,30.3668993],[34.9595198,30.3542609],[34.9491682,30.3427485],[34.9480969,30.336368],[34.9556358,30.3211317],[34.9662768,30.3191966],[34.9663498,30.3117857],[34.967846,30.3090365],[34.9645885,30.303308],[34.9661051,30.2975086],[35.0020174,30.2783753],[35.020202,30.2767884],[35.02084,30.2731254],[35.026464,30.2746836],[35.0489329,30.2744572],[35.0718984,30.2803433],[35.0814579,30.2856692],[35.0982546,30.2865572],[35.1011006,30.2828886],[35.1121485,30.285619],[35.1118489,30.2899567],[35.1293986,30.2963151],[35.1341628,30.2959795],[35.1346266,30.2992473],[35.1512953,30.2973857],[35.1546803,30.3067269],[35.1652375,30.315211],[35.1920381,30.346085],[35.165731,30.40066],[35.161933,30.4186476],[35.1619544,30.4413124],[35.1815024,30.4714252],[35.1863463,30.4877958],[35.1931539,30.4989034],[35.1950851,30.5340072],[35.2039042,30.5484961],[35.2040329,30.5819564],[35.218946,30.6079628],[35.2221861,30.6190984],[35.2638594,30.6601851],[35.2660241,30.6679283],[35.2626767,30.6725239],[35.2708092,30.6801089],[35.2681055,30.6845194],[35.2738133,30.6900368],[35.2766886,30.7014765],[35.281817,30.7103691],[35.2904001,30.7096865],[35.2936616,30.7122508],[35.2939191,30.7187259],[35.2863446,30.7228763],[35.2945414,30.734884],[35.2958074,30.7620109],[35.3082099,30.762269],[35.3138129,30.7696161],[35.3156557,30.7901625],[35.3222003,30.7969088],[35.3369014,30.7987423],[35.3411045,30.8154863],[35.3373924,30.8189692],[35.3331632,30.8297206],[35.3299518,30.8289728],[35.3220831,30.8394808],[35.3224344,30.8440745],[35.3271462,30.8517665],[35.3282267,30.8569882],[35.3266299,30.8584326],[35.3131495,30.8519529],[35.3110448,30.8472968],[35.3044119,30.8455856],[35.3025596,30.8404132],[35.2969075,30.8385641],[35.2938489,30.8356253],[35.292184,30.8315448],[35.2930926,30.8186816],[35.2859319,30.8063075],[35.2767649,30.7970767],[35.2580207,30.7903308],[35.2453579,30.7900914],[35.2410643,30.7882987],[35.2378205,30.7783001],[35.2175359,30.7811316],[35.2191095,30.7894794],[35.2329419,30.7908136],[35.2410931,30.7884924],[35.2423508,30.7970125],[35.2489557,30.8039567],[35.2551043,30.8046511],[35.2626238,30.8084721],[35.2797803,30.8072388],[35.2816031,30.8082187],[35.2820634,30.8142091],[35.2838265,30.8159687],[35.2829804,30.8189341],[35.284386,30.8203382],[35.281173,30.8384686],[35.2608739,30.8385093],[35.2614491,30.8288954],[35.2464074,30.828888],[35.2454887,30.8206661],[35.2424378,30.8163308],[35.2192272,30.8327073],[35.202921,30.8378938],[35.1991542,30.8432845],[35.1760329,30.8555381],[35.1686366,30.8571762],[35.1543559,30.8661719],[35.1474855,30.8734725],[35.147179,30.874651],[35.1584649,30.884646],[35.157104,30.8924385],[35.1626457,30.893328],[35.1696832,30.8895751],[35.1759248,30.8922186],[35.1855754,30.9033363],[35.1904743,30.9024184],[35.199218,30.9041849],[35.203149,30.9025899],[35.2065018,30.9039358],[35.2086414,30.907033],[35.2014396,30.9193483],[35.2040529,30.9233084],[35.2074585,30.9246739],[35.2104678,30.9209869],[35.2194181,30.9284966],[35.221082,30.9323882],[35.2276548,30.9345453],[35.2485421,30.9647476],[35.2890936,30.933336],[35.2936067,30.9708828],[35.2488252,31.0091574],[35.2556323,31.0150936],[35.254709,31.01597],[35.2577942,31.0197652],[35.2618945,31.0205535],[35.266483,31.025335],[35.2642065,31.0293256],[35.2647035,31.0328934],[35.2593162,31.0376758],[35.2508808,31.0406485],[35.2434794,31.04005],[35.2363424,31.0441668],[35.2340734,31.0441673],[35.2342774,31.0395994],[35.2369876,31.0325701],[35.2113422,31.0391323],[35.1987296,31.0078294],[35.200926,31.0036101],[35.1944377,30.9985889],[35.1918622,30.9934436],[35.1850196,30.9930027],[35.1798982,30.9841812],[35.16327,30.9787072],[35.1709249,30.9684233],[35.1658442,30.9642612],[35.1630324,30.9582752],[35.1574954,30.9537709],[35.1607039,30.9439892],[35.1580812,30.9428223],[35.1581557,30.9393732],[35.1500935,30.9350065],[35.1424982,30.9327093],[35.1401537,30.9345771],[35.1338667,30.9351156],[35.1294375,30.9318994],[35.1088249,30.9414597],[35.0995459,30.952184],[35.0863519,30.9509208],[35.0564773,30.9629066],[35.0559099,30.9675849],[35.0519171,30.9654068],[35.046422,30.9609028],[35.0397168,30.9512771],[35.0395135,30.9470979],[35.0444458,30.9441792],[35.0432982,30.9410874],[35.0395905,30.9414635],[35.0391834,30.9398728],[35.0431572,30.9366204],[35.0459511,30.9386794],[35.0499671,30.9350854],[35.054397,30.9361624],[35.0534461,30.9336019],[35.0545349,30.932238],[35.058109,30.934112],[35.0649391,30.9306771],[35.0679966,30.9308624],[35.0729322,30.9260832],[35.0740611,30.921043],[35.0774339,30.9184578],[35.0659236,30.9132979],[35.0631522,30.91439],[35.0633369,30.911664],[35.0608409,30.9078151],[35.049545,30.9029633],[35.0459817,30.9041637],[35.0456416,30.9003842],[35.0402523,30.9019963],[35.030031,30.8990545],[35.0261457,30.8956599],[35.0262378,30.8920668],[35.0233291,30.8908179],[35.0236642,30.8877351],[35.0175943,30.8828251],[35.0152319,30.8845266],[35.0068373,30.8857482],[34.989244,30.8768902],[34.9796512,30.8647581],[34.9758713,30.8630819],[34.974445,30.8575241],[34.9720454,30.8549158],[34.9714333,30.8429625],[34.9659302,30.8418484],[34.9623843,30.8430762],[34.9655676,30.8368608],[34.9609691,30.8363223],[34.9544735,30.8326433],[34.9567573,30.8289068],[34.9521583,30.829113],[34.9502383,30.823455],[34.9428921,30.8202776],[34.9519862,30.8073845],[34.953321,30.8110287],[34.9574615,30.8112399],[34.959296,30.8068672],[34.9625182,30.8065191],[34.9681172,30.8019614],[34.9757835,30.8011409],[34.9729863,30.795405],[34.9772287,30.7886812],[34.972734,30.780562],[34.97263,30.7716805],[34.9772384,30.767942],[34.977802,30.7653866],[34.9835646,30.7680081],[34.9834573,30.7583119],[34.9873886,30.7523642],[34.9978269,30.7489205],[35.0002399,30.7450846],[35.0006755,30.7420908],[34.9953986,30.7333797],[34.9959193,30.7312733],[34.9926412,30.7304872],[34.9912508,30.7276703],[34.9926368,30.7256096],[34.99487,30.7238375],[35.0074606,30.721633],[35.0333288,30.7201434],[35.0307408,30.7011675],[35.0359386,30.6883281],[35.0335502,30.6886779],[35.065224,30.6584823],[35.0680253,30.6487311],[35.0600393,30.6483335],[35.0555725,30.644526],[35.0565824,30.6414611],[35.062284,30.6372518],[35.0624302,30.6356188],[35.0525778,30.6334079],[35.0560111,30.6290302],[35.0671835,30.6247572],[35.0650342,30.6213711],[35.067706,30.6098877],[35.0653403,30.6078993],[35.0568533,30.6096747],[35.0528295,30.6081247],[35.0568349,30.6005951],[35.0573622,30.5920022],[35.0530042,30.5832429],[35.0471344,30.5761177],[35.0334273,30.5734183],[35.0267244,30.5764016],[35.021189,30.5766521],[35.0095954,30.572996],[35.0035642,30.5728677],[34.9984897,30.5699639],[34.9882102,30.5489547],[34.9803107,30.5440399],[34.9731598,30.5326601],[34.973553,30.5297916],[34.9810418,30.523774],[34.9797491,30.5180083],[34.9810475,30.5095469],[34.9831175,30.506559],[34.9814123,30.5046855],[34.9727369,30.5061812],[34.9729411,30.5121368],[34.9711461,30.5142569],[34.9622056,30.5159025],[34.9593934,30.5150486],[34.9536133,30.51745],[34.9510043,30.5150553],[34.9488835,30.5202734],[34.9460514,30.5200449],[34.9456514,30.5171085],[34.9505948,30.513929],[34.9486648,30.5120278],[34.9534392,30.5095619],[34.9561228,30.5101915],[34.9555356,30.5121113],[34.9514332,30.5135712],[34.9536473,30.5169436],[34.9592334,30.5146143],[34.9621628,30.5154529],[34.971345,30.5135874],[34.9726611,30.5092056],[34.9712841,30.5074431],[34.9743908,30.5047035],[34.9689954,30.4999491],[34.9742493,30.4977589],[34.9651083,30.4840002],[34.9638145,30.4764046],[34.9549556,30.4640787],[34.9485282,30.4619958],[34.9392656,30.4624428],[34.9359874,30.4640021],[34.9335711,30.4679825]]]]}},{"type":"Feature","properties":{"name":"عرعرة النقب","osm_id":1376931},"geometry":{"type":"MultiPolygon","coordinates":[[[[34.9875215,31.1474325],[34.9948751,31.1402162],[35.0283427,31.1403642],[35.0485839,31.158342],[35.0452029,31.1674348],[35.0295421,31.1673134],[35.0294593,31.1702095],[35.016615,31.1703944],[35.0042718,31.1749987],[35.003377,31.1645646],[34.9976502,31.1596365],[35.0004573,31.1536918],[34.9875215,31.1474325]]]]}},{"type":"Feature","properties":{"name":"באר שבע","osm_id":1377264},"geometry":{"type":"MultiPolygon","coordinates":[[[[34.7366111,31.266035],[34.7346717,31.2405962],[34.7371594,31.2382624],[34.7349954,31.227525],[34.7352788,31.2171578],[34.7415252,31.2063089],[34.7623859,31.1948586],[34.7798096,31.1958264],[34.793365,31.1926365],[34.8041363,31.1958492],[34.8021994,31.2087538],[34.8045267,31.2090554],[34.8086832,31.1998262],[34.812229,31.1998371],[34.8145536,31.2015261],[34.814511,31.211919],[34.8258235,31.2119454],[34.8298923,31.2240465],[34.8497039,31.2203596],[34.8511152,31.2275743],[34.839431,31.2435271],[34.8437374,31.2432659],[34.8440529,31.2470322],[34.8371166,31.2463802],[34.8351085,31.2488575],[34.8287363,31.2503424],[34.829424,31.2570152],[34.8333413,31.2570407],[34.8333484,31.259725],[34.8323327,31.2610622],[34.829648,31.2594318],[34.8300663,31.266993],[34.8256662,31.2827061],[34.8267195,31.2916578],[34.837294,31.2930062],[34.8407012,31.2905517],[34.8548134,31.3036732],[34.8222729,31.3234287],[34.8026404,31.314001],[34.7886866,31.3109048],[34.7875947,31.3208333],[34.7707499,31.3194819],[34.7632607,31.3165161],[34.7630413,31.3146105],[34.7579561,31.3149005],[34.759018,31.3134135],[34.7580629,31.3114357],[34.754742,31.3085861],[34.7577736,31.3083961],[34.7619144,31.3045521],[34.76352,31.3007167],[34.7438045,31.2926754],[34.7366111,31.266035]]]]}},{"type":"Feature","properties":{"name":"شقيب السلام","osm_id":1377266},"geometry":{"type":"MultiPolygon","coordinates":[[[[34.8091317,31.1945293],[34.8083953,31.1834538],[34.8265469,31.1805644],[34.8267838,31.1784543],[34.8441961,31.17874],[34.8511445,31.1842457],[34.8498184,31.1906133],[34.8478725,31.1924635],[34.8482089,31.2023785],[34.8433155,31.2107713],[34.8466337,31.2210224],[34.8308092,31.2244547],[34.8293115,31.2236119],[34.825739,31.211775],[34.8091317,31.1945293]]]]}},{"type":"Feature","properties":{"name":"اللقية","osm_id":1377267},"geometry":{"type":"MultiPolygon","coordinates":[[[[34.8530467,31.3228843],[34.8558136,31.3154513],[34.8586829,31.3133565],[34.8645477,31.3140508],[34.869746,31.3112854],[34.8785725,31.3164878],[34.8797828,31.3101163],[34.8746956,31.3099483],[34.8758161,31.3065843],[34.8840965,31.3080866],[34.8882876,31.3148809],[34.8882253,31.3194654],[34.8726281,31.3343066],[34.8700235,31.3320946],[34.8636939,31.3371323],[34.8579159,31.3352085],[34.8530467,31.3228843]]]]}},{"type":"Feature","properties":{"name":"מועצה אזורית חבל אילות","osm_id":1377268},"geometry":{"type":"MultiPolygon","coordinates":[[[[34.6114884,30.3710267],[34.7068943,30.1174043],[34.7475322,30.0207918],[34.7812225,29.924765],[34.8142297,29.8419411],[34.8260262,29.8072865],[34.8486244,29.7588365],[34.8566397,29.6879139],[34.8785854,29.6436292],[34.8770958,29.6132945],[34.8679667,29.5998312],[34.8793949,29.5880959],[34.885975,29.5859509],[34.8870771,29.5794088],[34.8862936,29.5762385],[34.8841799,29.5765072],[34.8839167,29.5752071],[34.8889873,29.5734599],[34.8930999,29.5681659],[34.9024457,29.5673777],[34.9025034,29.5703193],[34.89946,29.5731971],[34.9019273,29.5713582],[34.9024007,29.5726549],[34.9038144,29.5702865],[34.9050079,29.5729894],[34.9082005,29.5736561],[34.9051421,29.5715412],[34.9075772,29.5669838],[34.9207164,29.5770399],[34.9207095,29.6156125],[34.9483084,29.6336932],[34.9886011,29.6337586],[34.984892,29.6122021],[34.9952131,29.6105243],[35.0006709,29.6217931],[35.0146046,29.6390908],[35.0196686,29.6560237],[35.0210848,29.6725249],[35.0119438,29.6967963],[35.0132742,29.7108681],[35.0299897,29.7719223],[35.0323715,29.7769883],[35.0439372,29.7880878],[35.0453749,29.8023144],[35.0507179,29.8108791],[35.049881,29.8191453],[35.0586143,29.8406638],[35.0671974,29.8562228],[35.0690213,29.8632012],[35.0788274,29.8717793],[35.0788274,29.8774915],[35.0845351,29.8855474],[35.0817242,29.9221911],[35.0772825,29.9249063],[35.0778189,29.9300389],[35.0844064,29.9398943],[35.0836125,29.9470528],[35.0752869,29.9503437],[35.0782695,29.9571854],[35.0889983,29.9634131],[35.0920024,29.9696219],[35.088183,29.9726332],[35.0943842,29.9814435],[35.0988903,29.9914797],[35.1162281,29.9952337],[35.1167646,30.0012546],[35.1102414,30.0031129],[35.1103916,30.0092077],[35.1008644,30.0122549],[35.1127091,30.0391931],[35.1307121,30.0615556],[35.1458397,30.0627627],[35.1515689,30.0826132],[35.1574912,30.1142099],[35.1621905,30.122488],[35.1577702,30.1286497],[35.1609245,30.1344398],[35.151011,30.1435883],[35.1549592,30.1549996],[35.1445952,30.1625878],[35.1465478,30.1841618],[35.1513973,30.2025044],[35.1510968,30.2145393],[35.1452389,30.2413853],[35.1501527,30.2530447],[35.1460114,30.2820482],[35.1512953,30.2973857],[35.1346266,30.2992473],[35.1341628,30.2959795],[35.1293986,30.2963151],[35.1118489,30.2899567],[35.1121485,30.285619],[35.1011006,30.2828886],[35.0982546,30.2865572],[35.0814579,30.2856692],[35.0718984,30.2803433],[35.0489329,30.2744572],[35.026464,30.2746836],[35.02084,30.2731254],[35.020202,30.2767884],[35.0020174,30.2783753],[34.9661051,30.2975086],[34.9645885,30.303308],[34.967846,30.3090365],[34.9663498,30.3117857],[34.9662768,30.3191966],[34.9556358,30.3211317],[34.9480969,30.336368],[34.9491682,30.3427485],[34.9595198,30.3542609],[34.9633166,30.3638225],[34.9627832,30.3664362],[34.9597911,30.3631634],[34.9575893,30.3652622],[34.955126,30.3625902],[34.9501137,30.3626945],[34.9482187,30.3595515],[34.9410327,30.3550368],[34.9403526,30.3506817],[34.9427366,30.3452175],[34.933437,30.3595322],[34.9155705,30.3701686],[34.9127353,30.374914],[34.9103337,30.3748878],[34.9086586,30.3795903],[34.9097431,30.3871599],[34.9075836,30.389819],[34.904894,30.3922892],[34.8951838,30.3949763],[34.8883682,30.3917842],[34.8836148,30.3949291],[34.8736993,30.3937472],[34.8664856,30.3984006],[34.8441164,30.389209],[34.8280303,30.3982633],[34.8188246,30.3943856],[34.8174155,30.3921016],[34.8168656,30.3832408],[34.8200006,30.3822543],[34.8223689,30.3790439],[34.8183987,30.3731086],[34.8134139,30.3733312],[34.8044319,30.3695368],[34.793942,30.3702895],[34.7914347,30.3681924],[34.7875903,30.3696254],[34.7860254,30.3725138],[34.7807148,30.3720039],[34.7684493,30.3764194],[34.7642545,30.3741924],[34.7608718,30.3772567],[34.7544481,30.3768833],[34.7529901,30.3790887],[34.7488966,30.3804098],[34.7411385,30.37396],[34.7347774,30.3728152],[34.7253027,30.3683787],[34.7201853,30.3703305],[34.7082638,30.3705123],[34.7061997,30.3752397],[34.7099936,30.376564],[34.7070763,30.3762161],[34.7083972,30.3791644],[34.706876,30.381184],[34.7036697,30.3828773],[34.6984993,30.3826643],[34.6983454,30.3864827],[34.6940387,30.3878773],[34.6863438,30.386756],[34.6855179,30.3903322],[34.6773519,30.3927983],[34.6725899,30.3982123],[34.6652455,30.3975398],[34.6504558,30.400659],[34.6408502,30.3961792],[34.6316706,30.3821052],[34.6114884,30.3710267]]],[[[34.9542228,29.5845973],[34.9584274,29.5768182],[34.9622955,29.5772399],[34.9662747,29.5745095],[34.9699153,29.5758583],[34.9692801,29.5800893],[34.9736271,29.579777],[34.9726358,29.5778801],[34.974168,29.5765571],[34.9723501,29.5721799],[34.9748145,29.5695988],[34.9755182,29.5738761],[34.9786454,29.5768077],[34.9915291,29.603697],[34.9863545,29.6058877],[34.9836707,29.6026528],[34.980553,29.5928397],[34.9743498,29.5810762],[34.9568763,29.5887073],[34.9542228,29.5845973]]]]}},{"type":"Feature","properties":{"name":"אילת","osm_id":1377284},"geometry":{"type":"MultiPolygon","coordinates":[[[[34.8663724,29.5972113],[34.8726617,29.5794001],[34.8784986,29.5433853],[34.8849419,29.5275616],[34.8954273,29.5125318],[34.9036851,29.4934913],[34.9025753,29.4906263],[34.9041103,29.4877892],[34.9208438,29.5004346],[34.9223185,29.5040866],[34.9295894,29.5115083],[34.9300445,29.5154045],[34.9438024,29.5287043],[34.948035,29.5363083],[34.9539382,29.5406205],[34.9569663,29.5463594],[34.9759867,29.5398892],[34.9780588,29.5441954],[34.9786454,29.5768077],[34.9762932,29.5754014],[34.9744048,29.5696548],[34.9723501,29.5721799],[34.974168,29.5765571],[34.9726358,29.5778801],[34.9736271,29.579777],[34.9711993,29.5806262],[34.9692801,29.5800893],[34.9699153,29.5758583],[34.9662747,29.5745095],[34.9622955,29.5772399],[34.9584274,29.5768182],[34.9542228,29.5845973],[34.9568763,29.5887073],[34.9743498,29.5810762],[34.980553,29.5928397],[34.9836707,29.6026528],[34.9863545,29.6058877],[34.9915291,29.603697],[34.9952131,29.6105243],[34.984892,29.6122021],[34.9886011,29.6337586],[34.9483084,29.6336932],[34.9207095,29.6156125],[34.9207164,29.5770399],[34.9075772,29.5669838],[34.9051421,29.5715412],[34.9082005,29.5736561],[34.9050079,29.5729894],[34.9038144,29.5702865],[34.9024007,29.5726549],[34.9019273,29.5713582],[34.89946,29.5731971],[34.9025034,29.5703193],[34.9024457,29.5673777],[34.8930999,29.5681659],[34.8889873,29.5734599],[34.8838036,29.5753346],[34.8862936,29.5762385],[34.8870771,29.5794088],[34.8855053,29.5865886],[34.8793949,29.5880959],[34.8771572,29.5917259],[34.8699542,29.5964094],[34.8686869,29.5994797],[34.8663724,29.5972113]]],[[[34.9671544,29.7437533],[34.9662897,29.7424332],[34.9674809,29.7431614],[34.9671544,29.7437533]]],[[[34.9739002,29.7615285],[34.9776734,29.7604919],[34.9784387,29.7629148],[34.9755232,29.762842],[34.9739002,29.7615285]]],[[[34.989454,29.6262929],[34.9897447,29.6215492],[34.9963506,29.6198337],[34.9977962,29.6239031],[34.989454,29.6262929]]],[[[34.9912279,29.7091033],[34.9960936,29.7072485],[34.9915232,29.6954179],[34.9930123,29.6948044],[34.9949056,29.6971487],[34.9942478,29.6912872],[35.0073877,29.7006277],[35.0092638,29.7073319],[35.010368,29.7070965],[35.0227975,29.7541761],[35.020588,29.7546471],[35.0192019,29.7496956],[35.0149499,29.7506033],[35.0139971,29.7377821],[35.0053142,29.7381386],[34.9987349,29.7159274],[34.9912279,29.7091033]]]]}},{"type":"Feature","properties":{"name":"מועצה אזורית מבואות החרמון","osm_id":1377971},"geometry":{"type":"MultiPolygon","coordinates":[[[[35.4870621,33.0755185],[35.4984971,33.071519],[35.504814,33.0748788],[35.511698,33.0764454],[35.5145687,33.0753841],[35.5226488,33.0690172],[35.5286093,33.0606116],[35.5331882,33.0588892],[35.5362635,33.0544445],[35.5424423,33.0519514],[35.5407846,33.047577],[35.544287,33.0411761],[35.5621577,33.0324837],[35.5626681,33.037432],[35.5656201,33.0370811],[35.5657021,33.0342976],[35.5675185,33.0325738],[35.5640468,33.0304404],[35.5634326,33.0275247],[35.5603857,33.0285919],[35.5578147,33.025603],[35.5577415,33.022127],[35.5525363,33.0229616],[35.5482841,33.0257957],[35.5508329,33.0298398],[35.5494282,33.0303705],[35.5500011,33.0344171],[35.5467497,33.0370657],[35.5412364,33.0348876],[35.5339935,33.0354111],[35.525541,33.0320331],[35.5215926,33.0268454],[35.5239256,33.0211622],[35.5227747,33.0178574],[35.5180419,33.0112119],[35.514979,33.0099175],[35.5178588,33.0058903],[35.5151654,32.9987984],[35.5159724,32.9973788],[35.5194711,32.9971983],[35.5241472,33.0012435],[35.5292518,32.9976735],[35.529472,32.9947868],[35.5325035,32.9937952],[35.5367804,32.9936652],[35.5376992,32.9953706],[35.5425447,32.9947903],[35.5479937,32.9915437],[35.5538311,32.9911529],[35.5572981,32.9937401],[35.5582623,32.9964138],[35.5569132,32.9966854],[35.5624501,33.003931],[35.5649415,33.011916],[35.5573198,33.0159885],[35.562513,33.0181174],[35.5654155,33.0249446],[35.5644592,33.0266498],[35.5727917,33.0302772],[35.57143,33.0419804],[35.5743188,33.0597494],[35.5778717,33.0608577],[35.5801665,33.0665017],[35.5800683,33.07238],[35.5760557,33.072337],[35.5757249,33.0747749],[35.5690682,33.0761164],[35.568012,33.077576],[35.5729024,33.0804695],[35.5719645,33.0868571],[35.5742258,33.0948447],[35.5712731,33.0999771],[35.5677059,33.10232],[35.5694546,33.1094712],[35.5727419,33.109498],[35.5685676,33.1323887],[35.5722369,33.1556921],[35.5699087,33.1627522],[35.5701143,33.1689854],[35.5668265,33.17367],[35.5642167,33.1728456],[35.5604219,33.1759412],[35.5492024,33.1727575],[35.5518196,33.1703119],[35.5524008,33.1660603],[35.5551859,33.1621116],[35.5541885,33.1600646],[35.5525411,33.1603805],[35.5529408,33.1570552],[35.5494605,33.1496456],[35.5420612,33.1436503],[35.5401046,33.1453323],[35.5340335,33.1456589],[35.5402452,33.1421728],[35.5441572,33.1420495],[35.5488206,33.1441021],[35.5479064,33.145408],[35.5498392,33.1481286],[35.5510527,33.1451979],[35.555492,33.1442114],[35.558898,33.1212079],[35.5537538,33.1174683],[35.5466705,33.1183773],[35.5438956,33.1206749],[35.5390439,33.1198027],[35.5370008,33.122445],[35.5354394,33.1339046],[35.5331579,33.1350713],[35.5324645,33.1284333],[35.525229,33.1241111],[35.5295713,33.1177873],[35.5367609,33.1151425],[35.5366091,33.1095165],[35.5327419,33.1072266],[35.530724,33.1077984],[35.5302582,33.103329],[35.5199859,33.0866633],[35.511899,33.0916825],[35.5086819,33.0839061],[35.5051368,33.0814592],[35.4976952,33.0813921],[35.4944412,33.0790881],[35.4897234,33.0787752],[35.4870621,33.0755185]]],[[[35.4959714,32.8921073],[35.4995785,32.8874484],[35.5053597,32.8858235],[35.5090777,32.8869808],[35.5085813,32.8850109],[35.50979,32.8844391],[35.5154605,32.8878422],[35.521453,32.885401],[35.523376,32.8861034],[35.5251905,32.8812764],[35.5218753,32.8805672],[35.5210954,32.8773996],[35.526819,32.878548],[35.5265929,32.8768963],[35.5278609,32.8771365],[35.53907,32.888586],[35.5391228,32.8933095],[35.5431084,32.8918649],[35.5484665,32.8934124],[35.5410525,32.9012984],[35.5408448,32.9038253],[35.5435596,32.9030702],[35.543184,32.9041769],[35.5492875,32.9060443],[35.5514848,32.9054942],[35.5530201,32.9009579],[35.5569529,32.902854],[35.5568769,32.9170045],[35.5537649,32.9195354],[35.542052,32.9117915],[35.527666,32.9096094],[35.5210833,32.905999],[35.5227464,32.9025892],[35.5216136,32.9009116],[35.5120738,32.901036],[35.506038,32.8962746],[35.5028944,32.8964187],[35.4959714,32.8921073]]],[[[35.5302849,32.9410291],[35.5365113,32.9405072],[35.5379467,32.9356309],[35.5408117,32.937111],[35.5440654,32.9315636],[35.5510885,32.9320898],[35.5542577,32.9304599],[35.5540361,32.9343308],[35.555888,32.9368539],[35.5544407,32.9445357],[35.5582497,32.9425036],[35.5669776,32.9438158],[35.5814064,32.9414885],[35.5837583,32.946935],[35.5979732,32.9472821],[35.6100979,32.9565945],[35.6090308,32.9592414],[35.6053985,32.9602208],[35.6020923,32.9584916],[35.5986078,32.9614859],[35.5926913,32.9625782],[35.5991944,32.9539111],[35.5951263,32.9511655],[35.5936999,32.9538817],[35.5967925,32.9559896],[35.5879894,32.9601329],[35.5850746,32.9586685],[35.5851367,32.9553746],[35.5797966,32.9561426],[35.5786501,32.9534126],[35.5747279,32.9545267],[35.5766241,32.9565396],[35.5741138,32.9617748],[35.5583207,32.9610373],[35.5560582,32.9588986],[35.5537378,32.9598778],[35.5517371,32.9565049],[35.549799,32.9570211],[35.5479162,32.9554667],[35.5349413,32.9550286],[35.5302849,32.9410291]]],[[[35.5368349,33.2087576],[35.5395993,33.2042264],[35.5484342,33.2015922],[35.5495877,33.1990025],[35.5499252,33.2046588],[35.5565335,33.2067554],[35.5539308,33.2133368],[35.5558339,33.2151071],[35.5548831,33.2186437],[35.556013,33.2246178],[35.559831,33.2287843],[35.5581252,33.2306122],[35.5562232,33.2291271],[35.5554985,33.2305852],[35.5517135,33.2297185],[35.5514539,33.2317421],[35.5467849,33.2305189],[35.5484866,33.2364515],[35.5397896,33.2338972],[35.5372378,33.2305934],[35.5390899,33.2245103],[35.5372453,33.2217494],[35.5368349,33.2087576]]],[[[35.5616406,32.9115591],[35.5658833,32.9017275],[35.5713451,32.896194],[35.575703,32.8971715],[35.5834535,32.9054792],[35.5850772,32.9100266],[35.5886982,32.9125456],[35.5878507,32.9138892],[35.5830323,32.9103855],[35.5771803,32.9101653],[35.5634927,32.9138449],[35.5616406,32.9115591]]],[[[35.5776887,33.1106184],[35.580867,33.1075057],[35.5812875,33.1043484],[35.583309,33.1044913],[35.5831397,33.1105371],[35.5776887,33.1106184]]],[[[35.5860447,33.0001033],[35.5875801,33.0000315],[35.5886482,32.9956511],[35.5903249,32.9959616],[35.5903746,32.9895478],[35.5919658,32.9895067],[35.5919493,32.9868451],[35.5945155,32.9884741],[35.5951424,32.9910579],[35.5982391,32.9907597],[35.5981139,32.9922952],[35.5998164,32.9927571],[35.6012934,32.9908692],[35.6116982,32.9966604],[35.6125015,32.9818474],[35.6147843,32.975566],[35.618553,32.9710337],[35.6177699,32.9683122],[35.6242621,32.966069],[35.6248846,32.9595839],[35.6302626,32.9588121],[35.633099,32.9908568],[35.63043,32.9946711],[35.6310111,32.9979399],[35.6253443,33.0009598],[35.6264453,33.0027565],[35.6284206,33.0023688],[35.6284106,33.0038417],[35.6275227,33.0027658],[35.6178201,33.0034806],[35.617869,33.0081982],[35.6197319,33.0090568],[35.61902,33.0139991],[35.6046353,33.0167175],[35.5984393,33.0150259],[35.5954695,33.0105107],[35.5933323,33.0110106],[35.5868992,33.006646],[35.5860447,33.0001033]]],[[[35.5861716,33.2529919],[35.59074,33.2460171],[35.5893416,33.2396551],[35.5904037,33.2301401],[35.6022369,33.2298912],[35.6034077,33.2273653],[35.6092493,33.2298776],[35.6046974,33.2332236],[35.6026471,33.2370212],[35.6009119,33.2447729],[35.6011573,33.2528275],[35.5920584,33.2592579],[35.5906173,33.2538491],[35.5861716,33.2529919]]],[[[35.5914883,33.2251794],[35.5962467,33.2225373],[35.5974004,33.218256],[35.600025,33.2212752],[35.6029584,33.2196595],[35.5967872,33.2125776],[35.5965779,33.2035896],[35.6001277,33.1965377],[35.6084948,33.1949382],[35.6092824,33.1928804],[35.6135511,33.1922067],[35.6124237,33.1981299],[35.6098268,33.2000045],[35.611308,33.2020103],[35.6099529,33.2037653],[35.6119313,33.2047476],[35.6107898,33.2062002],[35.6130643,33.2096657],[35.6113278,33.2141942],[35.6130292,33.2169589],[35.6117138,33.2184526],[35.612464,33.2226149],[35.6148314,33.2242902],[35.5914883,33.2251794]]],[[[35.5924432,33.1062348],[35.5963865,33.101352],[35.6121104,33.102036],[35.6113877,33.0774974],[35.6206164,33.0719322],[35.6252544,33.1096319],[35.604251,33.1233916],[35.5962379,33.123314],[35.5956556,33.110429],[35.592554,33.1103931],[35.5924432,33.1062348]]],[[[35.5962681,32.9181893],[35.5992013,32.922145],[35.6057971,32.9254214],[35.6108761,32.9258661],[35.6141377,32.9341994],[35.6144821,32.9416545],[35.6061078,32.9442139],[35.6077994,32.938436],[35.6070208,32.9348622],[35.6030888,32.9284023],[35.5965218,32.9242773],[35.5962681,32.9181893]]],[[[35.6386434,33.2159014],[35.6427753,33.2167974],[35.6412116,33.2097188],[35.642254,33.2069361],[35.6431517,33.2090674],[35.645423,33.2093951],[35.6463249,33.2063103],[35.6533012,33.206223],[35.6594956,33.2171965],[35.6592294,33.2195496],[35.6605956,33.2194848],[35.6621833,33.2287946],[35.6636221,33.2307736],[35.665534,33.2306589],[35.6647044,33.2316926],[35.6595072,33.2306269],[35.6602323,33.2334693],[35.6483436,33.2327004],[35.6426655,33.2286814],[35.6431936,33.2245928],[35.6386434,33.2159014]]]]}},{"type":"Feature","properties":{"name":"ע'ג'ר","osm_id":1377972},"geometry":{"type":"MultiPolygon","coordinates":[[[[35.6200155,33.2704225],[35.6237919,33.2641909],[35.6364648,33.2611904],[35.6418742,33.2730813],[35.6376534,33.2780658],[35.6259566,33.273936],[35.6242683,33.2781266],[35.6214514,33.278601],[35.6203649,33.2751847],[35.6226485,33.2728027],[35.6200155,33.2704225]]]]}},{"type":"Feature","properties":{"name":"קרית שמונה","osm_id":1378947},"geometry":{"type":"MultiPolygon","coordinates":[[[[35.5499252,33.2046588],[35.5500293,33.1929476],[35.5594953,33.1907038],[35.5655925,33.1957394],[35.5769262,33.1956555],[35.5772735,33.1939134],[35.5796122,33.1993018],[35.5861995,33.1979526],[35.5885265,33.2031128],[35.6029584,33.2196595],[35.600025,33.2212752],[35.5974004,33.218256],[35.5962467,33.2225373],[35.5914883,33.2251794],[35.6023152,33.2251545],[35.6034077,33.2273653],[35.6022369,33.2298912],[35.5864681,33.230239],[35.5800691,33.2266556],[35.5783066,33.2294429],[35.5769529,33.224918],[35.574085,33.2262637],[35.5720001,33.2302458],[35.5661949,33.2284488],[35.5619485,33.232196],[35.5554961,33.2229811],[35.5558339,33.2151071],[35.5539308,33.2133368],[35.5565335,33.2067554],[35.5499252,33.2046588]]]]}},{"type":"Feature","properties":{"name":"מועצה אזורית גליל עליון","osm_id":1378948},"geometry":{"type":"MultiPolygon","coordinates":[[[[35.3645705,33.0375422],[35.3715853,33.0325381],[35.3729265,33.0208964],[35.3716046,33.0175821],[35.385009,33.018931],[35.3937815,33.0138945],[35.392921,33.011728],[35.3787902,33.0076661],[35.3756214,33.0047678],[35.3766019,33.0039885],[35.386299,33.0041718],[35.3884563,33.0060143],[35.3929095,33.0055569],[35.3928155,33.0068806],[35.3966888,33.005244],[35.3952809,33.0092128],[35.3963359,33.010122],[35.4096627,33.0058351],[35.4073639,33.0066919],[35.4046107,33.0174998],[35.410707,33.0216461],[35.4161043,33.0196909],[35.4261167,33.0191683],[35.4251909,33.0202607],[35.4281582,33.0272205],[35.4302257,33.0268192],[35.432809,33.0289317],[35.4318013,33.0362154],[35.4347664,33.0357888],[35.4355652,33.0376523],[35.4413162,33.0343464],[35.4403626,33.0391145],[35.4417285,33.0414408],[35.4387205,33.043066],[35.44308,33.0440359],[35.4433641,33.0461584],[35.4465362,33.0463284],[35.4568137,33.0549603],[35.4632703,33.0542736],[35.4674366,33.056601],[35.4706002,33.0629457],[35.4785298,33.0699333],[35.4804124,33.0747787],[35.4833655,33.0763537],[35.4767419,33.0804209],[35.4642534,33.0787697],[35.4604251,33.0825559],[35.4504878,33.0825728],[35.442838,33.0857351],[35.4324096,33.0662627],[35.418694,33.0643167],[35.4199887,33.058728],[35.4151252,33.0548497],[35.4143373,33.045969],[35.4124841,33.0441262],[35.4160091,33.0396575],[35.4111011,33.0329981],[35.4086357,33.0351771],[35.4095778,33.0371429],[35.4084886,33.0376334],[35.4061254,33.036446],[35.4061087,33.0312016],[35.4039833,33.0315866],[35.4043895,33.0377427],[35.4019372,33.0353867],[35.401802,33.0396643],[35.3971467,33.0445462],[35.3936837,33.0456558],[35.3961466,33.0512668],[35.3870843,33.0558034],[35.3861159,33.0598974],[35.3836803,33.061473],[35.382183,33.061504],[35.3773401,33.0535839],[35.3779475,33.0498283],[35.3802443,33.0474501],[35.3797512,33.0444785],[35.371105,33.0433979],[35.3645705,33.0375422]]],[[[35.4670908,32.8948004],[35.4720847,32.8929456],[35.475407,32.8937921],[35.4798582,32.8891855],[35.4789293,32.8989372],[35.4854493,32.8967898],[35.4899269,32.8930867],[35.4959714,32.8921073],[35.5028944,32.8964187],[35.506038,32.8962746],[35.5120738,32.901036],[35.5216136,32.9009116],[35.5227464,32.9025892],[35.5210833,32.905999],[35.5284227,32.909912],[35.542052,32.9117915],[35.5541349,32.9195538],[35.5573785,32.9152487],[35.5569529,32.902854],[35.5530201,32.9009579],[35.5514848,32.9054942],[35.5492875,32.9060443],[35.543184,32.9041769],[35.5435596,32.9030702],[35.5406995,32.9035625],[35.5410525,32.9012984],[35.5484665,32.8934124],[35.5593866,32.8969624],[35.5609504,32.8991082],[35.5690434,32.8995319],[35.5658833,32.9017275],[35.56225,32.9079972],[35.5616406,32.9115591],[35.5634927,32.9138449],[35.5821291,32.910089],[35.5878507,32.9138892],[35.5859755,32.9149838],[35.5863585,32.9169604],[35.5899387,32.9186972],[35.5962681,32.9181893],[35.5965218,32.9242773],[35.6030888,32.9284023],[35.6070208,32.9348622],[35.6077994,32.938436],[35.6061078,32.9442139],[35.6161614,32.9404778],[35.6243525,32.9403229],[35.6263261,32.9474628],[35.6242621,32.966069],[35.6177699,32.9683122],[35.618553,32.9710337],[35.6147843,32.975566],[35.6125015,32.9818474],[35.6116982,32.9966604],[35.6012934,32.9908692],[35.5998164,32.9927571],[35.5981139,32.9922952],[35.5982391,32.9907597],[35.5951424,32.9910579],[35.5945155,32.9884741],[35.5919493,32.9868451],[35.5919658,32.9895067],[35.5903746,32.9895478],[35.5903249,32.9959616],[35.5886482,32.9956511],[35.5881305,32.9973516],[35.5843037,32.9963965],[35.5810317,32.9991481],[35.5820107,33.0006287],[35.5715685,32.9980644],[35.5731158,32.9968695],[35.5690106,32.9941787],[35.5689708,32.9998714],[35.5652784,32.9994906],[35.5577821,32.9818277],[35.561818,32.9814821],[35.5620677,32.9835188],[35.5708826,32.984953],[35.570762,32.9831872],[35.5724567,32.9831572],[35.5697597,32.9754989],[35.5730542,32.9757994],[35.5719888,32.9744295],[35.5796202,32.9733508],[35.5841563,32.9710405],[35.5867924,32.9724634],[35.5806656,32.9791026],[35.5862726,32.9773372],[35.5897956,32.9788075],[35.5889715,32.9769365],[35.6047786,32.9662811],[35.6023643,32.9647795],[35.604841,32.9611546],[35.6038287,32.9595484],[35.609513,32.9586713],[35.6092522,32.9551207],[35.6025856,32.9503906],[35.5978073,32.9472327],[35.5837583,32.946935],[35.5814064,32.9414885],[35.5669776,32.9438158],[35.5582497,32.9425036],[35.5544407,32.9445357],[35.555888,32.9368539],[35.5540361,32.9343308],[35.5542577,32.9304599],[35.5510885,32.9320898],[35.5440654,32.9315636],[35.5408117,32.937111],[35.5379467,32.9356309],[35.5367193,32.931719],[35.5334936,32.9289714],[35.5133246,32.9303814],[35.5025195,32.9298691],[35.4999771,32.9277552],[35.5006825,32.9304949],[35.4951852,32.9275195],[35.4926804,32.9305551],[35.4857939,32.9310507],[35.4834644,32.9258835],[35.4845032,32.9237166],[35.4833744,32.9205934],[35.4802478,32.9227214],[35.4762938,32.9172416],[35.478964,32.9130131],[35.4761788,32.9116864],[35.4715562,32.9044322],[35.467193,32.903141],[35.4670908,32.8948004]]],[[[35.4949494,33.0914562],[35.4955926,33.0871344],[35.4987888,33.0852759],[35.4976952,33.0813921],[35.5051368,33.0814592],[35.5086819,33.0839061],[35.511899,33.0916825],[35.5199859,33.0866633],[35.5302582,33.103329],[35.530724,33.1077984],[35.5327419,33.1072266],[35.5366091,33.1095165],[35.5367609,33.1151425],[35.5295713,33.1177873],[35.525229,33.1241111],[35.519836,33.1163183],[35.5046439,33.1156146],[35.5024633,33.1130334],[35.5035932,33.0895981],[35.4949494,33.0914562]]],[[[35.5270701,33.1416459],[35.5321871,33.1337788],[35.5333404,33.1350834],[35.5354394,33.1339046],[35.5370008,33.122445],[35.5390439,33.1198027],[35.5438956,33.1206749],[35.5466705,33.1183773],[35.5537538,33.1174683],[35.5591362,33.1219838],[35.5555748,33.1441063],[35.5510527,33.1451979],[35.5498392,33.1481286],[35.5479064,33.145408],[35.5488206,33.1441021],[35.5441572,33.1420495],[35.5402452,33.1421728],[35.5340335,33.1456589],[35.5401046,33.1453323],[35.5420612,33.1436503],[35.5494605,33.1496456],[35.5529408,33.1570552],[35.5525411,33.1603805],[35.5541885,33.1600646],[35.5551859,33.1621116],[35.5524008,33.1660603],[35.5518196,33.1703119],[35.5492024,33.1727575],[35.5604219,33.1759412],[35.5642167,33.1728456],[35.5668265,33.17367],[35.5694582,33.1702839],[35.5722369,33.1556921],[35.5685676,33.1323887],[35.5727419,33.109498],[35.5694546,33.1094712],[35.5677059,33.10232],[35.5712731,33.0999771],[35.5742258,33.0948447],[35.5719645,33.0868571],[35.5729024,33.0804695],[35.568012,33.077576],[35.5690682,33.0761164],[35.5757249,33.0747749],[35.5764717,33.072195],[35.5800683,33.07238],[35.5832427,33.0787098],[35.586545,33.0799725],[35.5878296,33.0729816],[35.5963189,33.0671066],[35.6039566,33.0664324],[35.6078249,33.0713491],[35.6103433,33.0688844],[35.6169964,33.0741243],[35.6113877,33.0774974],[35.6121104,33.102036],[35.5963865,33.101352],[35.5924432,33.1062348],[35.592554,33.1103931],[35.5956556,33.110429],[35.5962379,33.123314],[35.604251,33.1233916],[35.6252544,33.1096319],[35.6206391,33.0723225],[35.6218167,33.0676252],[35.6343308,33.0702117],[35.6382925,33.0695979],[35.6377357,33.066538],[35.6346602,33.066286],[35.6350736,33.0645712],[35.6228785,33.0619843],[35.6240627,33.0579306],[35.6134532,33.0553711],[35.5857248,33.0426224],[35.578302,33.0437911],[35.5715836,33.0428014],[35.5730443,33.0348772],[35.5720946,33.0223773],[35.5753458,33.0202617],[35.5714324,33.018497],[35.5737174,33.0205292],[35.5713066,33.0207037],[35.5708981,33.0177936],[35.5684655,33.0157797],[35.5729828,33.0184792],[35.5733327,33.0157008],[35.5770054,33.0151167],[35.5759831,33.01872],[35.5799284,33.0198389],[35.5815852,33.015782],[35.5857593,33.0187489],[35.5887305,33.0148174],[35.5865504,33.0111045],[35.5881497,33.009354],[35.5953638,33.0104609],[35.5984393,33.0150259],[35.6038522,33.0167217],[35.6183289,33.0144224],[35.6197319,33.0090568],[35.617869,33.0081982],[35.6178201,33.0034806],[35.6275227,33.0027658],[35.6284106,33.0038417],[35.6284206,33.0023688],[35.6264453,33.0027565],[35.6254186,33.0007792],[35.6310111,32.9979399],[35.6329729,33.0088824],[35.6289804,33.0136216],[35.6317166,33.0240476],[35.6404833,33.0406108],[35.6466393,33.0633915],[35.6454594,33.077734],[35.6501783,33.0871303],[35.6528271,33.1229934],[35.6705877,33.1534967],[35.6629013,33.190088],[35.6675299,33.2211071],[35.6669317,33.2255358],[35.6728008,33.2322693],[35.6772318,33.2329017],[35.6830824,33.2370905],[35.6838861,33.2391433],[35.6821276,33.2413071],[35.684354,33.2427337],[35.6843041,33.2445868],[35.6810712,33.2477405],[35.6735727,33.2463369],[35.6506658,33.2503184],[35.641794,33.2449458],[35.6249817,33.2419205],[35.6011573,33.2528275],[35.6009119,33.2447729],[35.6026471,33.2370212],[35.6046974,33.2332236],[35.6092493,33.2298776],[35.6051755,33.2286871],[35.6023237,33.2248797],[35.6148314,33.2242902],[35.612464,33.2226149],[35.6117138,33.2184526],[35.6130292,33.2169589],[35.6113278,33.2141942],[35.6130643,33.2096657],[35.6107898,33.2062002],[35.6119313,33.2047476],[35.6099529,33.2037653],[35.611308,33.2020103],[35.6098268,33.2000045],[35.6124237,33.1981299],[35.6135511,33.1922067],[35.6092824,33.1928804],[35.6084948,33.1949382],[35.6001277,33.1965377],[35.5965779,33.2035896],[35.5967872,33.2125776],[35.5885265,33.2031128],[35.5861995,33.1979526],[35.5796122,33.1993018],[35.5772735,33.1939134],[35.5769262,33.1956555],[35.5655925,33.1957394],[35.5594953,33.1907038],[35.5500293,33.1929476],[35.5484342,33.2015922],[35.5395993,33.2042264],[35.5422165,33.1986661],[35.5419782,33.1920784],[35.5398178,33.1884838],[35.5270701,33.1416459]]],[[[35.542771,33.2347288],[35.5484866,33.2364515],[35.5470729,33.2303606],[35.5514539,33.2317421],[35.5517135,33.2297185],[35.5554985,33.2305852],[35.5562232,33.2291271],[35.5579334,33.2307254],[35.559831,33.2287843],[35.562413,33.2324602],[35.5661949,33.2284488],[35.5720001,33.2302458],[35.574085,33.2262637],[35.5769529,33.224918],[35.5783066,33.2294429],[35.5800691,33.2266556],[35.5864681,33.230239],[35.5904037,33.2301401],[35.5893416,33.2396551],[35.59074,33.2460171],[35.588873,33.2482161],[35.5750846,33.2498268],[35.57534,33.2529465],[35.5711975,33.2534711],[35.5720563,33.2549117],[35.5694723,33.2581896],[35.5671294,33.258093],[35.5634533,33.2542415],[35.5577121,33.2518626],[35.5584954,33.2561792],[35.5566675,33.2617295],[35.5558179,33.2582757],[35.5464171,33.2543153],[35.5474448,33.2518687],[35.5463915,33.2475538],[35.5480753,33.2436022],[35.5467895,33.2380315],[35.542771,33.2347288]]],[[[35.5467497,33.0370657],[35.5500011,33.0344171],[35.5494282,33.0303705],[35.5508329,33.0298398],[35.5482841,33.0257957],[35.5525363,33.0229616],[35.5577415,33.022127],[35.5578147,33.025603],[35.5603857,33.0285919],[35.5634326,33.0275247],[35.5640468,33.0304404],[35.5675185,33.0325738],[35.5657021,33.0342976],[35.5656201,33.0370811],[35.5626681,33.037432],[35.5621577,33.0324837],[35.5480897,33.0391248],[35.5467497,33.0370657]]]]}},{"type":"Feature","properties":{"name":"מטולה","osm_id":1378949},"geometry":{"type":"MultiPolygon","coordinates":[[[[35.5571481,33.2644745],[35.5584954,33.2561792],[35.5577121,33.2518626],[35.5634533,33.2542415],[35.5671294,33.258093],[35.5694723,33.2581896],[35.5720563,33.2549117],[35.5711975,33.2534711],[35.57534,33.2529465],[35.5750846,33.2498268],[35.5826807,33.2481567],[35.5886699,33.2481649],[35.5861716,33.2529919],[35.5906173,33.2538491],[35.5914651,33.2592431],[35.5965453,33.257121],[35.593799,33.2610909],[35.5835775,33.2663095],[35.5855527,33.2733758],[35.5844655,33.2818618],[35.5683207,33.2904157],[35.5649047,33.2877208],[35.563312,33.2837314],[35.5644024,33.2736658],[35.5571481,33.2644745]]]]}},{"type":"Feature","properties":{"name":"אופקים","osm_id":1379102},"geometry":{"type":"MultiPolygon","coordinates":[[[[34.6048596,31.3176742],[34.6127977,31.2913805],[34.6304709,31.2914834],[34.6356001,31.2899745],[34.6550481,31.2925691],[34.667468,31.3041786],[34.6660208,31.3138339],[34.6566226,31.3139595],[34.6452077,31.3165549],[34.6371801,31.3197064],[34.6384211,31.3218061],[34.6309393,31.3254383],[34.6251742,31.3261611],[34.6205661,31.3228078],[34.6048596,31.3176742]]]]}},{"type":"Feature","properties":{"name":"נתיבות","osm_id":1379103},"geometry":{"type":"MultiPolygon","coordinates":[[[[34.5550893,31.4266589],[34.5562579,31.4215749],[34.5593698,31.4172018],[34.5770719,31.4060809],[34.5758267,31.4055005],[34.5777603,31.403939],[34.5890101,31.4095234],[34.5921797,31.4044989],[34.6054045,31.4167335],[34.605127,31.4183852],[34.6029076,31.4170307],[34.6013586,31.4188305],[34.6009985,31.4223283],[34.6024303,31.4230022],[34.5995084,31.4295334],[34.5913619,31.4279477],[34.5886202,31.4306385],[34.5903225,31.4338466],[34.5751488,31.4434157],[34.5729227,31.4405962],[34.5655728,31.4386105],[34.5646274,31.4413408],[34.5594531,31.4414131],[34.5550893,31.4266589]]],[[[34.6080421,31.4155541],[34.611445,31.4091626],[34.6133555,31.4001614],[34.6188179,31.4008057],[34.6187777,31.4028487],[34.6285389,31.4032634],[34.6280714,31.4057742],[34.6297879,31.4073782],[34.6290495,31.4043643],[34.6299095,31.4023367],[34.6311315,31.4031538],[34.6304896,31.4157796],[34.6242994,31.4168424],[34.6202226,31.4238984],[34.6080421,31.4155541]]]]}},{"type":"Feature","properties":{"name":"יסוד המעלה","osm_id":1379121},"geometry":{"type":"MultiPolygon","coordinates":[[[[35.5715836,33.0428014],[35.578302,33.0437911],[35.5857248,33.0426224],[35.6134532,33.0553711],[35.6240627,33.0579306],[35.6228785,33.0619843],[35.6350736,33.0645712],[35.6346602,33.066286],[35.6377357,33.066538],[35.6382925,33.0695979],[35.6343308,33.0702117],[35.6218167,33.0676252],[35.6206164,33.0719322],[35.6169964,33.0741243],[35.6103433,33.0688844],[35.6078249,33.0713491],[35.6039566,33.0664324],[35.5963189,33.0671066],[35.5878296,33.0729816],[35.586545,33.0799725],[35.5841332,33.0795126],[35.5824002,33.0752329],[35.5800724,33.0743211],[35.5801539,33.0663823],[35.5780043,33.061031],[35.5743188,33.0597494],[35.5715836,33.0428014]]]]}},{"type":"Feature","properties":{"name":"קצרין","osm_id":1379175},"geometry":{"type":"MultiPolygon","coordinates":[[[[35.6715888,32.9821134],[35.6808135,32.9792012],[35.6865365,32.9816156],[35.6850398,32.9768098],[35.6911993,32.9747381],[35.698833,32.9765137],[35.7165243,32.9857897],[35.7185645,32.9887993],[35.7181252,32.9972237],[35.7162855,33.0007395],[35.7122484,33.0029778],[35.7018859,33.0030641],[35.694777,33.0068919],[35.6883986,33.0071919],[35.6716358,32.9910353],[35.6715888,32.9821134]]]]}},{"type":"Feature","properties":{"name":"מועצה אזורית גולן","osm_id":1379176},"geometry":{"type":"MultiPolygon","coordinates":[[[[35.6133258,32.8952631],[35.621796,32.8915157],[35.6296202,32.8839542],[35.6440513,32.8641419],[35.6431222,32.8612113],[35.6480228,32.8527893],[35.6498111,32.8435256],[35.6490978,32.8393139],[35.6442195,32.8345122],[35.6413505,32.8341109],[35.6454651,32.8217276],[35.6440391,32.8106611],[35.6556746,32.8084446],[35.6548462,32.7928489],[35.6624478,32.7771955],[35.6555182,32.7540047],[35.657234,32.7444084],[35.6518678,32.7338028],[35.6522383,32.7308783],[35.6500169,32.7264723],[35.6509757,32.7209077],[35.6498312,32.714606],[35.6446593,32.7080632],[35.6376407,32.7052118],[35.6384618,32.7012358],[35.6350854,32.6918539],[35.6356168,32.6878169],[35.648869,32.682149],[35.6525508,32.6855782],[35.6645738,32.6875066],[35.6719912,32.6911829],[35.6713127,32.6942198],[35.6749168,32.6965228],[35.6768238,32.7014343],[35.6756008,32.7056188],[35.6796455,32.7056775],[35.6870591,32.7091125],[35.6907392,32.7079627],[35.6982357,32.7124535],[35.7006096,32.7122721],[35.7025219,32.7157863],[35.7068217,32.7140595],[35.710668,32.718785],[35.7161048,32.7153368],[35.7182318,32.7173046],[35.7182103,32.7231785],[35.7234326,32.7215877],[35.7258439,32.7268927],[35.7293469,32.7265339],[35.7292342,32.723244],[35.7328016,32.7231108],[35.7345986,32.7280367],[35.7371521,32.7295958],[35.7369563,32.7343363],[35.740824,32.7314912],[35.7447535,32.7327254],[35.7481411,32.735769],[35.7502118,32.7406829],[35.7534707,32.7420388],[35.7825564,32.7743256],[35.7948344,32.7819299],[35.8003136,32.7822758],[35.8167069,32.8060712],[35.8376774,32.8281659],[35.8456682,32.8530981],[35.8443799,32.870215],[35.8511167,32.8898088],[35.8614552,32.907827],[35.8729148,32.9233632],[35.8798081,32.9265479],[35.8950234,32.9448773],[35.8713235,32.9814186],[35.850451,33.102351],[35.8363748,33.1052269],[35.816977,33.1129915],[35.818007,33.1273686],[35.8444429,33.167612],[35.8376806,33.1930585],[35.8171568,33.2031106],[35.8150621,33.2449606],[35.810117,33.2512723],[35.7839877,33.2658841],[35.7774064,33.2767315],[35.813197,33.3169602],[35.7733352,33.3356317],[35.7517493,33.3292432],[35.7462259,33.3306286],[35.7413153,33.3255745],[35.7279923,33.3298433],[35.7180306,33.3277385],[35.7119269,33.3206214],[35.709829,33.310781],[35.7069965,33.3053195],[35.6969562,33.3015802],[35.695521,33.2971658],[35.6851435,33.2938378],[35.6622187,33.2784063],[35.6587935,33.2739759],[35.64294,33.2804809],[35.6376534,33.2780658],[35.6418742,33.2730813],[35.6368386,33.2613682],[35.6237919,33.2641909],[35.6233837,33.2663616],[35.6215375,33.2668542],[35.621695,33.2621475],[35.6232247,33.260498],[35.6213258,33.2594331],[35.6212845,33.2560607],[35.6191143,33.2556558],[35.6202998,33.2531516],[35.6238204,33.2525391],[35.6227848,33.2492595],[35.6256454,33.2458082],[35.6230668,33.2443248],[35.6249817,33.2419205],[35.641794,33.2449458],[35.6506658,33.2503184],[35.6735727,33.2463369],[35.6810712,33.2477405],[35.684354,33.2427337],[35.6821276,33.2413071],[35.6838861,33.2391433],[35.6830824,33.2370905],[35.6772318,33.2329017],[35.6728008,33.2322693],[35.6669317,33.2255358],[35.6675299,33.2211071],[35.6629013,33.190088],[35.6705877,33.1534967],[35.6528271,33.1229934],[35.6501783,33.0871303],[35.6454594,33.077734],[35.6466393,33.0633915],[35.6404833,33.0406108],[35.6317166,33.0240476],[35.6289804,33.0136216],[35.6329729,33.0088824],[35.63043,32.9946711],[35.633099,32.9908568],[35.6309969,32.9600255],[35.6289323,32.956617],[35.6280799,32.9374469],[35.6241742,32.9163045],[35.6241488,32.9141868],[35.627314,32.9118464],[35.6255666,32.9088283],[35.6234092,32.9085087],[35.625279,32.9074942],[35.6227749,32.9049407],[35.6167857,32.9051099],[35.6163662,32.9027027],[35.6136094,32.9005365],[35.614624,32.8993423],[35.6133258,32.8952631]]]]}},{"type":"Feature","properties":{"name":"רהט","osm_id":1379225},"geometry":{"type":"MultiPolygon","coordinates":[[[[34.7112483,31.3851386],[34.7277137,31.382096],[34.7305116,31.3793196],[34.7312121,31.3747076],[34.7344443,31.3724173],[34.7356344,31.3669245],[34.7436885,31.3649366],[34.7422938,31.3617386],[34.7391788,31.363702],[34.7351625,31.3607207],[34.7397051,31.357791],[34.7361493,31.3535198],[34.7374834,31.3532714],[34.736493,31.3497584],[34.743579,31.3527582],[34.759841,31.3641028],[34.7834526,31.371572],[34.7932793,31.3727301],[34.7887322,31.3891881],[34.7887155,31.4053978],[34.7842353,31.4238624],[34.7791747,31.4237373],[34.777117,31.421324],[34.7661547,31.4234872],[34.7643538,31.421102],[34.7554509,31.4246699],[34.7516594,31.4138838],[34.7422134,31.4082588],[34.7312011,31.3972155],[34.7273016,31.3908533],[34.7217864,31.3942994],[34.7174696,31.3895821],[34.7124259,31.3891764],[34.7112483,31.3851386]]]]}},{"type":"Feature","properties":{"name":"להבים","osm_id":1379226},"geometry":{"type":"MultiPolygon","coordinates":[[[[34.7895254,31.3897297],[34.7961772,31.363864],[34.7917958,31.3489047],[34.801246,31.3486512],[34.8008886,31.3568942],[34.8022372,31.3571466],[34.8100828,31.3535564],[34.8156054,31.3540569],[34.8156066,31.3483678],[34.8294585,31.3481482],[34.8214585,31.3589618],[34.8215424,31.3620484],[34.8249425,31.3667103],[34.8291074,31.3692962],[34.821391,31.3777406],[34.8153124,31.382436],[34.7903048,31.3934894],[34.7895254,31.3897297]]]]}},{"type":"Feature","properties":{"name":"ראש פינה","osm_id":1379241},"geometry":{"type":"MultiPolygon","coordinates":[[[[35.5217153,32.9735515],[35.5261626,32.9699047],[35.5318915,32.968178],[35.5326275,32.9642645],[35.5370244,32.9638574],[35.5347975,32.9590293],[35.5349413,32.9550286],[35.5479162,32.9554667],[35.549799,32.9570211],[35.5517371,32.9565049],[35.5537378,32.9598778],[35.5560582,32.9588986],[35.5583207,32.9610373],[35.5741138,32.9617748],[35.5749312,32.9606116],[35.5753033,32.9618343],[35.5825728,32.9601779],[35.5818008,32.9649313],[35.5835828,32.9684604],[35.588391,32.9692576],[35.5867924,32.9724634],[35.5841563,32.9710405],[35.5796202,32.9733508],[35.5719888,32.9744295],[35.5730542,32.9757994],[35.5697597,32.9754989],[35.5724567,32.9831572],[35.570762,32.9831872],[35.5708826,32.984953],[35.5620677,32.9835188],[35.561818,32.9814821],[35.5577821,32.9818277],[35.5550329,32.9767353],[35.54935,32.9778898],[35.5467299,32.9748967],[35.533046,32.9757155],[35.5336327,32.9802315],[35.5322609,32.9772116],[35.5297911,32.977049],[35.5303936,32.9749012],[35.5224958,32.9749895],[35.5217153,32.9735515]]],[[[35.5538311,32.9911529],[35.5616347,32.9909264],[35.5652784,32.9994906],[35.5689708,32.9998714],[35.5690106,32.9941787],[35.5705565,32.9945551],[35.5702252,32.9959143],[35.5731158,32.9968695],[35.5715685,32.9980644],[35.5804558,32.9995556],[35.5805172,33.0028914],[35.5837178,33.0060917],[35.5927598,33.0096376],[35.5881497,33.009354],[35.5865504,33.0111045],[35.5887305,33.0148174],[35.5857593,33.0187489],[35.5815852,33.015782],[35.5795915,33.0198298],[35.5759831,33.01872],[35.5770054,33.0151167],[35.5733327,33.0157008],[35.5729828,33.0184792],[35.5685049,33.0155084],[35.5708981,33.0177936],[35.5713066,33.0207037],[35.5737174,33.0205292],[35.5714324,33.018497],[35.5753458,33.0202617],[35.5720946,33.0223773],[35.5727917,33.0302772],[35.5644592,33.0266498],[35.5654155,33.0249446],[35.562513,33.0181174],[35.5573198,33.0159885],[35.5649415,33.011916],[35.5624501,33.003931],[35.5569132,32.9966854],[35.5582623,32.9964138],[35.5572981,32.9937401],[35.5538311,32.9911529]]],[[[35.5744946,32.9852989],[35.5742842,32.9808813],[35.5774825,32.9803565],[35.5778526,32.9829762],[35.5832848,32.9829315],[35.5830605,32.9856565],[35.5744946,32.9852989]]],[[[35.5806656,32.9791026],[35.583218,32.9762983],[35.5862717,32.9772384],[35.5806656,32.9791026]]]]}},{"type":"Feature","properties":{"name":"طوبا الزنغرية","osm_id":1379262},"geometry":{"type":"MultiPolygon","coordinates":[[[[35.5747279,32.9545267],[35.5786501,32.9534126],[35.5797966,32.9561426],[35.5851367,32.9553746],[35.5850746,32.9586685],[35.5879894,32.9601329],[35.5967925,32.9559896],[35.5936999,32.9538817],[35.5951263,32.9511655],[35.5991944,32.9539111],[35.5926913,32.9625782],[35.5986078,32.9614859],[35.6020923,32.9584916],[35.6048006,32.9607149],[35.6023643,32.9647795],[35.6047786,32.9662811],[35.5889715,32.9769365],[35.5897956,32.9788075],[35.586778,32.9785597],[35.583218,32.9762983],[35.5880548,32.9715422],[35.588391,32.9692576],[35.5835828,32.9684604],[35.5818008,32.9649313],[35.5825728,32.9601779],[35.5749272,32.9615512],[35.5766241,32.9565396],[35.5747279,32.9545267]]]]}},{"type":"Feature","properties":{"name":"צפת","osm_id":1379335},"geometry":{"type":"MultiPolygon","coordinates":[[[[35.4553853,32.9795866],[35.4585894,32.9763191],[35.4641933,32.9765806],[35.4596104,32.967244],[35.464353,32.9656602],[35.475635,32.9662348],[35.4770643,32.9633209],[35.4793462,32.9638304],[35.4796794,32.9606321],[35.4840384,32.9550166],[35.4820377,32.9515278],[35.4786437,32.9495809],[35.4779799,32.9377804],[35.4801088,32.9314748],[35.484966,32.9327576],[35.4858529,32.9310392],[35.4926804,32.9305551],[35.4951852,32.9275195],[35.5006825,32.9304949],[35.4999771,32.9277552],[35.5025195,32.9298691],[35.5133246,32.9303814],[35.5334936,32.9289714],[35.5375563,32.93311],[35.5365113,32.9405072],[35.5302849,32.9410291],[35.5370244,32.9638574],[35.5326275,32.9642645],[35.5318915,32.968178],[35.5261626,32.9699047],[35.5217708,32.973375],[35.5224958,32.9749895],[35.5257604,32.9741717],[35.5305525,32.9758147],[35.529007,32.9788694],[35.5250474,32.9800668],[35.5225658,32.9837668],[35.5239337,32.9836207],[35.5183516,32.988486],[35.5081827,32.9875052],[35.503976,32.9761108],[35.5009242,32.9747025],[35.496663,32.9759036],[35.4965857,32.9782726],[35.4938303,32.9750219],[35.4868728,32.9729484],[35.4818526,32.9733135],[35.475138,32.9699522],[35.4725377,32.9718439],[35.4714489,32.9800684],[35.4582093,32.9840045],[35.4566811,32.9835387],[35.4553853,32.9795866]]]]}},{"type":"Feature","properties":{"name":"חצור הגלילית","osm_id":1379342},"geometry":{"type":"MultiPolygon","coordinates":[[[[35.5225658,32.9837668],[35.5250474,32.9800668],[35.529007,32.9788694],[35.5297911,32.977049],[35.5322609,32.9772116],[35.5336327,32.9802315],[35.533046,32.9757155],[35.5471055,32.9749512],[35.54935,32.9778898],[35.5550329,32.9767353],[35.5616347,32.9909264],[35.5479937,32.9915437],[35.5447327,32.9942009],[35.5376992,32.9953706],[35.5360392,32.9935474],[35.5305353,32.9945003],[35.5282138,32.9916271],[35.527868,32.9879399],[35.5238206,32.9870689],[35.5242928,32.9838133],[35.5225658,32.9837668]]]]}},{"type":"Feature","properties":{"name":"מועצה אזורית לכיש","osm_id":1379423},"geometry":{"type":"MultiPolygon","coordinates":[[[[34.6558032,31.5525213],[34.6629506,31.547763],[34.6789211,31.5507777],[34.6795017,31.5491144],[34.6869434,31.5494395],[34.692151,31.5432272],[34.694016,31.5349583],[34.6994649,31.5308834],[34.7026624,31.5333102],[34.7027221,31.53579],[34.7095082,31.5368402],[34.7110885,31.5322207],[34.718619,31.5311822],[34.7205027,31.5253753],[34.7173436,31.5207984],[34.7170116,31.5175104],[34.7134883,31.5163105],[34.7133027,31.5137267],[34.7180492,31.5114203],[34.7209652,31.5074661],[34.7186057,31.5055718],[34.7205941,31.5037176],[34.7195546,31.4994323],[34.7268199,31.4964155],[34.729706,31.4997217],[34.7321314,31.4980015],[34.7329707,31.4993113],[34.7366204,31.4984025],[34.7397694,31.4961046],[34.7388924,31.4944414],[34.7409605,31.4935639],[34.7406902,31.4907559],[34.7491024,31.4871793],[34.7514099,31.4918969],[34.7544431,31.4915067],[34.7533292,31.48854],[34.7466885,31.4820817],[34.7423715,31.4834207],[34.7425439,31.4868225],[34.7399368,31.487712],[34.7380542,31.4911373],[34.7329609,31.4858496],[34.7305267,31.4800839],[34.7651949,31.4830935],[34.7679297,31.4738479],[34.7777669,31.4681301],[34.7796174,31.4610176],[34.7969323,31.4526096],[34.823922,31.4452076],[34.8421326,31.4250887],[34.8692726,31.4127752],[34.8742819,31.4128686],[34.8697963,31.4300811],[34.8675799,31.4307279],[34.8654505,31.4360026],[34.8659269,31.4382287],[34.9005102,31.4378254],[34.9216396,31.4598862],[34.9371197,31.4861449],[34.943783,31.5054176],[34.9441339,31.5103927],[34.9403675,31.5232807],[34.9420257,31.5285412],[34.941169,31.5484209],[34.9432692,31.5620096],[34.9452646,31.5654047],[34.9469205,31.5806894],[34.9523239,31.5945584],[34.9609212,31.6030291],[34.9492806,31.6138596],[34.9275881,31.6172161],[34.9169595,31.6111261],[34.8855404,31.6037455],[34.8739994,31.5970781],[34.8696223,31.5961139],[34.8568838,31.5862451],[34.8465139,31.5856023],[34.8438874,31.5872831],[34.8356791,31.5849306],[34.8312902,31.5907719],[34.8230609,31.5926244],[34.8204234,31.5959942],[34.8151648,31.5980623],[34.8199842,31.5985492],[34.8208826,31.600883],[34.8243716,31.6014475],[34.8225126,31.6034898],[34.8248495,31.6035198],[34.8309747,31.6098249],[34.8295511,31.611104],[34.8322146,31.6177757],[34.8297323,31.6202231],[34.8299205,31.6231693],[34.8136801,31.622366],[34.8091352,31.6194632],[34.8025566,31.6197769],[34.797149,31.617084],[34.7933461,31.6181753],[34.7894235,31.6107658],[34.7958337,31.6081829],[34.7940504,31.6053121],[34.8115343,31.5998967],[34.8102708,31.5935415],[34.8140314,31.5855263],[34.8114477,31.5819415],[34.8046476,31.5815201],[34.8010102,31.5841821],[34.7970954,31.5803172],[34.793026,31.581003],[34.7922951,31.5789216],[34.7942295,31.5767152],[34.798182,31.5776128],[34.8073608,31.5723465],[34.8129129,31.5725688],[34.8152193,31.567809],[34.813245,31.5677393],[34.8127631,31.5700138],[34.8117016,31.5660328],[34.8100265,31.5659763],[34.8105269,31.5642818],[34.8084642,31.5652438],[34.808594,31.5612358],[34.8061761,31.5588148],[34.8058163,31.5555537],[34.8037754,31.5588812],[34.7971005,31.5607837],[34.7933327,31.5566632],[34.7889954,31.5589208],[34.7872925,31.5557901],[34.7816502,31.5584036],[34.7805805,31.561633],[34.7638144,31.5575125],[34.7658014,31.5506322],[34.7651624,31.5420611],[34.7689887,31.5339552],[34.7571827,31.5343962],[34.7542106,31.5365402],[34.752619,31.5446489],[34.7545091,31.5484958],[34.7533827,31.5491981],[34.7545306,31.5552991],[34.7528714,31.5603416],[34.7456153,31.557008],[34.7415542,31.5514413],[34.7384117,31.552062],[34.7392433,31.5593271],[34.7379071,31.5599517],[34.7345311,31.5591886],[34.7345371,31.5560087],[34.7297026,31.5499865],[34.726149,31.5509304],[34.7249057,31.553331],[34.7266766,31.5559691],[34.7254784,31.5600838],[34.7280945,31.5659695],[34.7316302,31.5677991],[34.7310298,31.570608],[34.7329343,31.5734367],[34.7381031,31.5750341],[34.7319067,31.5854232],[34.7281272,31.5854643],[34.734757,31.6028899],[34.7313182,31.6062423],[34.7307593,31.6096069],[34.7334081,31.6093473],[34.7353204,31.6110978],[34.7395316,31.6097512],[34.7406459,31.6139567],[34.7426632,31.6149343],[34.7408885,31.6186278],[34.7424462,31.6217257],[34.7401773,31.6228408],[34.7383066,31.6280432],[34.7294393,31.6310638],[34.7275278,31.6343487],[34.7299478,31.6373854],[34.7278556,31.6390593],[34.7313465,31.6403332],[34.7222372,31.6493508],[34.7194998,31.649017],[34.7162659,31.6526138],[34.7152613,31.6562985],[34.7203391,31.6654869],[34.7171709,31.6660308],[34.7154126,31.6633474],[34.708647,31.6645499],[34.7083413,31.6608245],[34.7057645,31.6595575],[34.7039061,31.6601798],[34.7052192,31.6619338],[34.7003087,31.6626414],[34.6993307,31.6611041],[34.6971003,31.661428],[34.692302,31.6527179],[34.6961693,31.6468552],[34.7003219,31.6462697],[34.6964231,31.6360615],[34.686993,31.6361958],[34.6840983,31.6305699],[34.6766897,31.6316817],[34.6758066,31.6304381],[34.6798548,31.6264949],[34.6772092,31.6242647],[34.6811789,31.6222469],[34.6856373,31.6148603],[34.6789685,31.6091506],[34.6840184,31.6064787],[34.6825933,31.6049055],[34.6862366,31.6036856],[34.6859506,31.6017496],[34.6891979,31.6013829],[34.6891002,31.5982663],[34.6870752,31.5966291],[34.688391,31.592538],[34.6837302,31.5897854],[34.6826261,31.5859898],[34.6759228,31.584987],[34.6704853,31.5860546],[34.6674955,31.5837467],[34.6663744,31.5764803],[34.6596154,31.5708307],[34.6558032,31.5525213]]],[[[34.7634505,31.6559229],[34.7650342,31.6512647],[34.7774137,31.6462334],[34.7784295,31.6499471],[34.7817269,31.6482698],[34.7870941,31.6511436],[34.787898,31.6535001],[34.7863979,31.6587817],[34.7886265,31.6599034],[34.7864125,31.6630244],[34.7839016,31.6611385],[34.7794645,31.6626227],[34.7786598,31.6656556],[34.7718586,31.6668375],[34.7709777,31.6622714],[34.764593,31.6588278],[34.7634505,31.6559229]]]]}},{"type":"Feature","properties":{"name":"מועצה אזורית מטה יהודה","osm_id":1379430},"geometry":{"type":"MultiPolygon","coordinates":[[[[34.8348609,31.7838636],[34.8387694,31.7806755],[34.8417547,31.7729259],[34.8385603,31.7706059],[34.8438558,31.7616106],[34.8397293,31.7561549],[34.8548225,31.7519077],[34.8546736,31.7532688],[34.8636873,31.7534702],[34.8753762,31.7490095],[34.8718797,31.7437924],[34.8661766,31.7412261],[34.8633157,31.7358651],[34.8637695,31.7340559],[34.8593464,31.7318804],[34.8636726,31.7289266],[34.8662502,31.7243208],[34.8697468,31.7230401],[34.8684609,31.7180047],[34.8716385,31.7148387],[34.8660839,31.7024753],[34.8689965,31.6993735],[34.8655665,31.6982413],[34.8637667,31.694678],[34.8723494,31.6896259],[34.8660797,31.6841383],[34.8666511,31.6815968],[34.8685597,31.6814725],[34.8685032,31.6767737],[34.8655836,31.6749564],[34.8659698,31.6681961],[34.8686253,31.6675209],[34.8726729,31.6693555],[34.8801843,31.6673298],[34.876883,31.6598357],[34.8776698,31.6544553],[34.9094294,31.6343269],[34.9273876,31.6172457],[34.9492806,31.6138596],[34.9609212,31.6030291],[34.975463,31.6180002],[34.993329,31.6414301],[35.0062551,31.6526506],[35.029281,31.6598716],[35.0689792,31.684008],[35.0852791,31.6906106],[35.0857245,31.6959553],[35.0931846,31.7008326],[35.0982988,31.7070433],[35.0938743,31.7083168],[35.091061,31.7137047],[35.0865157,31.7144099],[35.0853717,31.7165161],[35.0884902,31.7196415],[35.0872096,31.7214424],[35.0807057,31.7194517],[35.0805151,31.7208365],[35.0930714,31.7287662],[35.1043849,31.7294442],[35.1033048,31.7198209],[35.1185632,31.7175629],[35.1164331,31.7137165],[35.1185578,31.7141529],[35.1206636,31.7157478],[35.1215664,31.7211806],[35.1271892,31.7298102],[35.1337097,31.7341573],[35.1364134,31.7337553],[35.1363788,31.741028],[35.1384187,31.7435159],[35.1415221,31.7416752],[35.1395371,31.7395103],[35.1416375,31.7369898],[35.1412457,31.7352093],[35.1426233,31.7354841],[35.1449577,31.7381145],[35.1454981,31.7465423],[35.1490282,31.744985],[35.1498086,31.7488984],[35.1525777,31.7485687],[35.1532003,31.7516523],[35.1597303,31.7536431],[35.1605642,31.7559182],[35.1579308,31.7605697],[35.1548521,31.7601719],[35.1550044,31.757808],[35.1528506,31.7593525],[35.1540773,31.7643874],[35.1510726,31.7643573],[35.1505717,31.7622187],[35.1387306,31.7621323],[35.1400356,31.7706758],[35.134099,31.7767704],[35.1291817,31.7742094],[35.1253095,31.7755415],[35.1259524,31.7789144],[35.1313668,31.7821028],[35.1297764,31.7853039],[35.1310949,31.7902638],[35.1332508,31.7933673],[35.1355384,31.7938626],[35.1332176,31.7947608],[35.1327085,31.7967866],[35.1392899,31.7979772],[35.1390319,31.8029436],[35.1425627,31.8038909],[35.1423786,31.8084543],[35.1483688,31.8119911],[35.1368011,31.8150878],[35.1202619,31.8253245],[35.1065211,31.8241569],[35.1041837,31.826833],[35.1029889,31.8329539],[35.0999976,31.832721],[35.0961349,31.8350721],[35.0858583,31.8504231],[35.0779174,31.8544991],[35.0689373,31.856544],[35.0603985,31.8565758],[35.0554489,31.8547963],[35.0469346,31.8502297],[35.0305846,31.8338795],[35.0257165,31.8309722],[35.0161731,31.8284716],[34.9863494,31.8306492],[34.977775,31.8326068],[34.978058,31.8373299],[34.9921942,31.8468066],[34.9945893,31.8519849],[34.9993393,31.8541412],[34.998258,31.8544585],[34.9615826,31.8544563],[34.9538858,31.850881],[34.9509882,31.8513478],[34.9513535,31.8502945],[34.9460197,31.8492831],[34.9455913,31.8480236],[34.9417228,31.8472198],[34.9381267,31.8488497],[34.9366725,31.8441459],[34.9335634,31.8406041],[34.9295593,31.8398039],[34.9246261,31.8427156],[34.9100789,31.8318193],[34.9125176,31.8185544],[34.9168861,31.81509],[34.9000498,31.8107212],[34.8790329,31.8098928],[34.8427373,31.802969],[34.8357118,31.7987292],[34.8359698,31.7949995],[34.8400901,31.79214],[34.8495578,31.7949982],[34.849581,31.7889365],[34.8519792,31.7871076],[34.8370223,31.7886217],[34.8348609,31.7838636]]],[[[35.1029796,31.8063657],[35.1027282,31.8060267],[35.1030509,31.8063857],[35.1029796,31.8063657]]],[[[35.1419188,31.7763311],[35.1435298,31.7734163],[35.167046,31.7792468],[35.168629,31.7779277],[35.1759268,31.7789522],[35.1801003,31.7803997],[35.1723193,31.7797136],[35.1707119,31.7856679],[35.1681128,31.7873317],[35.1682676,31.7900925],[35.163925,31.7911032],[35.1511385,31.7853161],[35.150996,31.7832735],[35.1489008,31.7827142],[35.1491023,31.7805318],[35.1424447,31.7789001],[35.1419188,31.7763311]]],[[[35.1520297,31.7969322],[35.1519852,31.7869913],[35.1535194,31.7901478],[35.1631147,31.7920068],[35.1613961,31.7939811],[35.1621627,31.7950185],[35.1520297,31.7969322]]],[[[35.2133441,31.740056],[35.2197455,31.7340136],[35.2244167,31.7367988],[35.2251155,31.7407977],[35.2164622,31.7442948],[35.2133441,31.740056]]]]}},{"type":"Feature","properties":{"name":"בית שמש","osm_id":1379449},"geometry":{"type":"MultiPolygon","coordinates":[[[[34.9423742,31.6975776],[34.9431343,31.6957595],[34.9487796,31.6979739],[34.9530374,31.6935696],[34.9663266,31.6944151],[34.9766048,31.6919235],[34.9777196,31.6943964],[34.9834701,31.695219],[34.9872764,31.6928908],[34.9984168,31.6913544],[34.9999003,31.6872931],[35.0050224,31.6929711],[35.0098484,31.6937358],[35.0113436,31.696661],[35.0095864,31.6980194],[35.008463,31.7055483],[35.0062712,31.7086178],[35.0092172,31.7173241],[35.0090699,31.7242544],[35.0050896,31.7316449],[35.0046017,31.7287424],[35.0025776,31.7273903],[34.9956842,31.7301813],[34.9966186,31.733021],[34.9932196,31.7339806],[34.9997385,31.7355349],[35.0047805,31.7330515],[35.0051186,31.7364337],[35.00157,31.7420788],[35.0032041,31.7476506],[35.002629,31.7516496],[35.0080236,31.7545334],[35.0128893,31.7509549],[35.0194765,31.7529199],[35.0205105,31.7595838],[35.0183885,31.7607473],[35.0313031,31.7660996],[35.0318847,31.7684202],[35.0147946,31.7677673],[35.0102534,31.7658847],[35.0095669,31.7627969],[35.0057834,31.7606222],[34.9978663,31.7608341],[34.9945736,31.7629043],[34.9965396,31.7658971],[34.9945926,31.7663914],[34.9966793,31.7683278],[34.9944509,31.7701432],[34.9934677,31.7687221],[34.9914322,31.7693622],[34.9916735,31.7710994],[34.9952843,31.7722991],[34.9928148,31.775331],[34.9906343,31.7747271],[34.9855345,31.7696085],[34.9884908,31.7698189],[34.9921141,31.7624374],[34.9789029,31.7568263],[34.9735063,31.7524654],[34.9716989,31.7464962],[34.9678555,31.7429175],[34.9619568,31.7478529],[34.9575138,31.7492815],[34.9586184,31.7506339],[34.9565023,31.7536309],[34.9497854,31.7555749],[34.947392,31.7517752],[34.9475184,31.7378063],[34.9501263,31.7335641],[34.9562448,31.7302541],[34.9575367,31.7279577],[34.9565244,31.7260878],[34.9605413,31.7234077],[34.9613606,31.7195908],[34.9633307,31.7179323],[34.9593281,31.7111363],[34.95057,31.7091687],[34.9482894,31.7060378],[34.9451195,31.7049187],[34.9423742,31.6975776]]],[[[34.9461838,31.7593753],[34.9509433,31.7576269],[34.952196,31.7594082],[34.950796,31.7598102],[34.9509523,31.7606064],[34.9470505,31.7611735],[34.9461838,31.7593753]]],[[[34.9513911,31.7604853],[34.9521743,31.7595685],[34.9522763,31.7603667],[34.9513911,31.7604853]]]]}},{"type":"Feature","properties":{"name":"מועצה אזורית שפיר","osm_id":1379484},"geometry":{"type":"MultiPolygon","coordinates":[[[[34.6501235,31.6937442],[34.6505414,31.6884594],[34.6538074,31.6828593],[34.6521615,31.6822939],[34.6524078,31.6787961],[34.6564545,31.6788639],[34.6543338,31.6757812],[34.652603,31.6759558],[34.6548076,31.6704254],[34.6592754,31.6691538],[34.6614083,31.6708846],[34.6711587,31.667266],[34.6796747,31.6839193],[34.7233158,31.6773869],[34.7228958,31.6742523],[34.7200484,31.6712224],[34.7202121,31.6651014],[34.7188659,31.6647452],[34.7153605,31.6545617],[34.7192644,31.6491852],[34.7222372,31.6493508],[34.7313465,31.6403332],[34.7278556,31.6390593],[34.7299478,31.6373854],[34.7275278,31.6343487],[34.7294393,31.6310638],[34.7382236,31.6280947],[34.7389051,31.6264699],[34.7402701,31.6282955],[34.7447394,31.6260662],[34.7436247,31.6246769],[34.739929,31.6263788],[34.7398451,31.6238192],[34.7424462,31.6217257],[34.7408885,31.6186278],[34.7423827,31.6144807],[34.7463005,31.6114745],[34.7496781,31.6113228],[34.7505735,31.6225061],[34.7640417,31.6292374],[34.7681525,31.6335782],[34.7691713,31.6400709],[34.7634955,31.6567528],[34.7651458,31.6592731],[34.7712001,31.6625725],[34.7708692,31.6674497],[34.7638015,31.6685274],[34.7622742,31.6676627],[34.7630727,31.6663829],[34.7571841,31.6645871],[34.7547905,31.6619143],[34.7527432,31.6633356],[34.7491215,31.6608233],[34.7467347,31.66269],[34.7411887,31.6634538],[34.7389992,31.6721097],[34.7565798,31.6777757],[34.7551086,31.6815331],[34.7557554,31.684824],[34.7582466,31.6842068],[34.7572654,31.6879223],[34.7503387,31.6873798],[34.7492079,31.6911243],[34.7455793,31.6914442],[34.7438224,31.6942984],[34.7423852,31.6928944],[34.742859,31.6953458],[34.7390376,31.6961533],[34.7357459,31.7025951],[34.7214167,31.7055866],[34.7203698,31.7060547],[34.7214142,31.7068503],[34.7163882,31.708941],[34.7026955,31.7097485],[34.6970279,31.712059],[34.6921753,31.7174286],[34.6884066,31.7114532],[34.6848121,31.7094993],[34.6821215,31.7047712],[34.6827546,31.701373],[34.679299,31.7000637],[34.6790761,31.6972181],[34.6618883,31.7004266],[34.6501235,31.6937442]]],[[[34.7247406,31.5539818],[34.726149,31.5509304],[34.7297026,31.5499865],[34.7345371,31.5560087],[34.7345311,31.5591886],[34.7379071,31.5599517],[34.7392433,31.5593271],[34.7384117,31.552062],[34.7415542,31.5514413],[34.7456153,31.557008],[34.7528714,31.5603416],[34.7545306,31.5552991],[34.7542182,31.5459905],[34.752619,31.5446489],[34.7542106,31.5365402],[34.7571827,31.5343962],[34.7684638,31.5337913],[34.7651624,31.5420611],[34.7658014,31.5506322],[34.7638144,31.5575125],[34.7805805,31.561633],[34.7816502,31.5584036],[34.7872925,31.5557901],[34.7889954,31.5589208],[34.7933327,31.5566632],[34.7971005,31.5607837],[34.8037754,31.5588812],[34.8058163,31.5555537],[34.8061761,31.5588148],[34.808594,31.5612358],[34.8084642,31.5652438],[34.8105269,31.5642818],[34.8100265,31.5659763],[34.8117016,31.5660328],[34.8127631,31.5700138],[34.813245,31.5677393],[34.8152509,31.5679545],[34.8129129,31.5725688],[34.8073608,31.5723465],[34.798182,31.5776128],[34.7942295,31.5767152],[34.7922951,31.5789216],[34.7932149,31.5803274],[34.7920462,31.5831631],[34.7871609,31.5859093],[34.7836668,31.5752932],[34.7773564,31.5776805],[34.7784887,31.5818498],[34.7739786,31.5822323],[34.7723064,31.5842827],[34.7727893,31.586998],[34.7691811,31.5871753],[34.7705361,31.5936844],[34.7668857,31.5990255],[34.7582287,31.5952549],[34.7563721,31.596687],[34.76084,31.5864015],[34.7609773,31.5818648],[34.7470803,31.584409],[34.7474164,31.5904085],[34.743854,31.5933746],[34.7403895,31.6015054],[34.7395316,31.6097512],[34.7353204,31.6110978],[34.7334081,31.6093473],[34.7307593,31.6096069],[34.7313182,31.6062423],[34.734757,31.6028899],[34.7281272,31.5854643],[34.7319067,31.5854232],[34.738069,31.5748439],[34.7329343,31.5734367],[34.7310298,31.570608],[34.7317061,31.5679702],[34.728012,31.565824],[34.7254784,31.5600838],[34.7266766,31.5559691],[34.7247406,31.5539818]]]]}},{"type":"Feature","properties":{"name":"קרית גת","osm_id":1379485},"geometry":{"type":"MultiPolygon","coordinates":[[[[34.7389051,31.6264699],[34.7436247,31.6246769],[34.7447394,31.6260662],[34.7402701,31.6282955],[34.7389051,31.6264699]]],[[[34.7394923,31.6084875],[34.7432439,31.5945223],[34.7474164,31.5904085],[34.7470803,31.584409],[34.7609773,31.5818648],[34.76084,31.5864015],[34.7563721,31.596687],[34.7582287,31.5952549],[34.7668857,31.5990255],[34.7705361,31.5936844],[34.7691811,31.5871753],[34.7727893,31.586998],[34.7723064,31.5842827],[34.7739786,31.5822323],[34.7784887,31.5818498],[34.7773564,31.5776805],[34.7836668,31.5752932],[34.7871609,31.5859093],[34.7920462,31.5831631],[34.793026,31.581003],[34.7970954,31.5803172],[34.8001287,31.5831248],[34.7984471,31.583809],[34.8012282,31.5842863],[34.8039065,31.5972655],[34.8028721,31.598704],[34.7995268,31.5977681],[34.7942173,31.6023696],[34.7953367,31.6039961],[34.7933606,31.6028962],[34.7886323,31.604746],[34.7896154,31.6066275],[34.7863457,31.6082499],[34.7867041,31.6132498],[34.7830982,31.6130618],[34.7830455,31.6109096],[34.7811176,31.6128456],[34.7777085,31.6251886],[34.7774137,31.6462334],[34.7728765,31.6484755],[34.7650342,31.6512647],[34.7691713,31.6400709],[34.7677191,31.6328455],[34.7640417,31.6292374],[34.7502129,31.6221137],[34.7496781,31.6113228],[34.7463005,31.6114745],[34.7412421,31.614459],[34.7394923,31.6084875]]]]}},{"type":"Feature","properties":{"name":"מועצה אזורית יואב","osm_id":1379486},"geometry":{"type":"MultiPolygon","coordinates":[[[[34.6552855,31.6489624],[34.6632388,31.6485188],[34.6632379,31.6384143],[34.6753276,31.6346278],[34.6783481,31.6354127],[34.6766897,31.6316817],[34.6840983,31.6305699],[34.686993,31.6361958],[34.6964231,31.6360615],[34.7003219,31.6462697],[34.6961693,31.6468552],[34.692302,31.6527179],[34.6971003,31.661428],[34.6993307,31.6611041],[34.7003087,31.6626414],[34.7052192,31.6619338],[34.7039061,31.6601798],[34.7057645,31.6595575],[34.7083413,31.6608245],[34.708647,31.6645499],[34.7154126,31.6633474],[34.7171709,31.6660308],[34.7202103,31.665907],[34.7200484,31.6712224],[34.7240192,31.6764408],[34.6796747,31.6839193],[34.6711587,31.667266],[34.6619966,31.6707104],[34.6645816,31.6687983],[34.6644547,31.6678809],[34.6612434,31.6684743],[34.6625407,31.6663142],[34.6608093,31.6663007],[34.6647855,31.6594038],[34.6629948,31.6538293],[34.6574428,31.6558666],[34.6552855,31.6489624]]],[[[34.7542862,31.7057846],[34.7587856,31.6982452],[34.762769,31.6839507],[34.7712453,31.666644],[34.7786598,31.6656556],[34.7794645,31.6626227],[34.7839016,31.6611385],[34.7864125,31.6630244],[34.7886265,31.6599034],[34.7863979,31.6587817],[34.787898,31.6535001],[34.7870941,31.6511436],[34.7817269,31.6482698],[34.7784295,31.6499471],[34.777663,31.6477496],[34.7777085,31.6251886],[34.781542,31.6122123],[34.7830455,31.6109096],[34.7830982,31.6130618],[34.7867041,31.6132498],[34.7863457,31.6082499],[34.7896154,31.6066275],[34.7886323,31.604746],[34.7933606,31.6028962],[34.7942233,31.6044456],[34.7953367,31.6039961],[34.7942173,31.6023696],[34.7995268,31.5977681],[34.8028721,31.598704],[34.8039065,31.5972655],[34.8012282,31.5842863],[34.7984471,31.583809],[34.8012895,31.5841548],[34.8065983,31.5813754],[34.8071131,31.5825976],[34.8114477,31.5819415],[34.8140314,31.5855263],[34.8102708,31.5935415],[34.8115343,31.5998967],[34.7940504,31.6053121],[34.7958337,31.6081829],[34.7894235,31.6107658],[34.7933461,31.6181753],[34.797149,31.617084],[34.8025566,31.6197769],[34.8091352,31.6194632],[34.8136801,31.622366],[34.8299205,31.6231693],[34.8297323,31.6202231],[34.8322146,31.6177757],[34.8295511,31.611104],[34.8309747,31.6098249],[34.8248495,31.6035198],[34.8225126,31.6034898],[34.8243716,31.6014475],[34.8208826,31.600883],[34.8199842,31.5985492],[34.8151648,31.5980623],[34.8204234,31.5959942],[34.8230609,31.5926244],[34.8312902,31.5907719],[34.8360105,31.5849236],[34.8438874,31.5872831],[34.8465139,31.5856023],[34.8568838,31.5862451],[34.8696223,31.5961139],[34.8739994,31.5970781],[34.8855404,31.6037455],[34.9169595,31.6111261],[34.9275881,31.6172161],[34.9094294,31.6343269],[34.8776698,31.6544553],[34.876883,31.6598357],[34.8801843,31.6673298],[34.8726729,31.6693555],[34.8686253,31.6675209],[34.8659698,31.6681961],[34.8655836,31.6749564],[34.8685032,31.6767737],[34.8685597,31.6814725],[34.8666511,31.6815968],[34.8660797,31.6841383],[34.8723494,31.6896259],[34.8637667,31.694678],[34.8655665,31.6982413],[34.8689965,31.6993735],[34.8660839,31.7024753],[34.8716385,31.7148387],[34.8684609,31.7180047],[34.8697468,31.7230401],[34.8662502,31.7243208],[34.8636726,31.7289266],[34.8593464,31.7318804],[34.8637695,31.7340559],[34.8633157,31.7358651],[34.8661766,31.7412261],[34.8718797,31.7437924],[34.8753762,31.7490095],[34.8636873,31.7534702],[34.8546736,31.7532688],[34.8548225,31.7519077],[34.8397293,31.7561549],[34.8438558,31.7616106],[34.8385603,31.7706059],[34.8417547,31.7729259],[34.8363576,31.7833782],[34.8279973,31.7838131],[34.8202375,31.7885143],[34.818743,31.7829445],[34.8230963,31.7802059],[34.8146803,31.7802558],[34.7947881,31.7641557],[34.7995385,31.7602727],[34.796461,31.7573629],[34.7918116,31.7617347],[34.7872927,31.7602078],[34.7844677,31.7609699],[34.7770213,31.7529063],[34.7849171,31.7490104],[34.7880459,31.745672],[34.7864889,31.7442329],[34.7872827,31.7433303],[34.7903593,31.7426776],[34.7919363,31.739595],[34.7973983,31.7366399],[34.7946926,31.7334546],[34.7980088,31.7302242],[34.7984776,31.7253825],[34.7883944,31.7126599],[34.7774687,31.7165739],[34.7742975,31.7113602],[34.7709762,31.7107489],[34.7634413,31.7056283],[34.7542862,31.7057846]]]]}},{"type":"Feature","properties":{"name":"שדרות","osm_id":1380001},"geometry":{"type":"MultiPolygon","coordinates":[[[[34.5816232,31.5537667],[34.5802226,31.5291122],[34.5859028,31.5224254],[34.5871521,31.5120707],[34.5907573,31.5131461],[34.5882544,31.515279],[34.5902903,31.5181523],[34.5935269,31.5193687],[34.5955934,31.5188955],[34.5974066,31.5153362],[34.5983583,31.516834],[34.6004222,31.5154238],[34.6030652,31.5185779],[34.6118331,31.5136117],[34.6135683,31.515831],[34.6119878,31.5161981],[34.6126401,31.5177781],[34.6202454,31.5179857],[34.6130767,31.5267259],[34.617033,31.5312061],[34.6160761,31.5379972],[34.6106392,31.5293237],[34.6077042,31.5330549],[34.6091564,31.535036],[34.6136592,31.5354124],[34.6164028,31.5392806],[34.6110253,31.5463377],[34.6032451,31.5396613],[34.5942035,31.5492144],[34.5816232,31.5537667]]]]}},{"type":"Feature","properties":{"name":"מועצה אזורית באר טוביה","osm_id":1380003},"geometry":{"type":"MultiPolygon","coordinates":[[[[34.6025479,31.7587096],[34.6113846,31.7552138],[34.6169946,31.7507334],[34.6183011,31.7516599],[34.6290164,31.7475766],[34.6357932,31.7424154],[34.6448786,31.7395892],[34.6410352,31.7330741],[34.6489053,31.7279811],[34.6451949,31.7183113],[34.649625,31.7149138],[34.6437,31.7103535],[34.6501235,31.6937442],[34.6618883,31.7004266],[34.6790761,31.6972181],[34.679299,31.7000637],[34.6827546,31.701373],[34.6821215,31.7047712],[34.6848121,31.7094993],[34.6884066,31.7114532],[34.6921753,31.7174286],[34.6970279,31.712059],[34.7026955,31.7097485],[34.7163882,31.708941],[34.7214142,31.7068503],[34.7203698,31.7060547],[34.7214167,31.7055866],[34.7357459,31.7025951],[34.7390376,31.6961533],[34.742859,31.6953458],[34.7425042,31.6928113],[34.7438224,31.6942984],[34.7455793,31.6914442],[34.7492079,31.6911243],[34.7503387,31.6873798],[34.7572654,31.6879223],[34.7582466,31.6842068],[34.755926,31.6850019],[34.7551086,31.6815331],[34.7565798,31.6777757],[34.7387238,31.6715024],[34.7411887,31.6634538],[34.7467347,31.66269],[34.7491215,31.6608233],[34.7527432,31.6633356],[34.7547905,31.6619143],[34.7571841,31.6645871],[34.7630727,31.6663829],[34.7622742,31.6676627],[34.7638015,31.6685274],[34.7708692,31.6674497],[34.762769,31.6839507],[34.7587856,31.6982452],[34.7542862,31.7057846],[34.7634413,31.7056283],[34.7709762,31.7107489],[34.7742975,31.7113602],[34.7774687,31.7165739],[34.7883944,31.7126599],[34.7987853,31.7261348],[34.7980088,31.7302242],[34.7946926,31.7334546],[34.7973983,31.7366399],[34.7919363,31.739595],[34.7903593,31.7426776],[34.7872827,31.7433303],[34.7864889,31.7442329],[34.7880459,31.745672],[34.7849171,31.7490104],[34.7770213,31.7529063],[34.7836762,31.7592602],[34.7845454,31.7621067],[34.7777453,31.7762592],[34.7747709,31.7893274],[34.7677882,31.7949819],[34.7683974,31.7931263],[34.7664146,31.7922554],[34.7644697,31.794008],[34.7625294,31.7908666],[34.7639128,31.7894561],[34.7632049,31.7826518],[34.7570018,31.7831434],[34.7561483,31.782159],[34.7592564,31.7789996],[34.7543448,31.7805693],[34.7561622,31.7826014],[34.7557863,31.784575],[34.7492842,31.7853666],[34.7522084,31.7932237],[34.7544073,31.7983674],[34.7605229,31.7963522],[34.7639691,31.804369],[34.7514047,31.8100617],[34.7420853,31.8120962],[34.7372732,31.8153631],[34.7328725,31.8076561],[34.7293191,31.8046765],[34.7124097,31.8086408],[34.7108254,31.8042889],[34.7106372,31.8014058],[34.721082,31.797103],[34.7197349,31.7958949],[34.7228063,31.7928477],[34.721501,31.7891985],[34.7261111,31.7883855],[34.72707,31.7898134],[34.7316456,31.7880068],[34.7272653,31.7778733],[34.723329,31.7778263],[34.7234626,31.7818124],[34.7195659,31.7820879],[34.7153744,31.7762144],[34.7130583,31.7771662],[34.7084973,31.7699883],[34.7069533,31.7697219],[34.7003648,31.7735073],[34.6989888,31.7720832],[34.6881349,31.7810465],[34.6780092,31.7818367],[34.6720942,31.7797728],[34.6697235,31.782157],[34.6669997,31.7791214],[34.6647827,31.7670401],[34.6498188,31.7537493],[34.6473176,31.7533834],[34.6388854,31.7575169],[34.6398943,31.7607096],[34.637701,31.7633314],[34.6202834,31.7670115],[34.6192158,31.765983],[34.6097082,31.7701767],[34.6025479,31.7587096]]]]}},{"type":"Feature","properties":{"name":"מועצה אזורית גדרות","osm_id":1380012},"geometry":{"type":"MultiPolygon","coordinates":[[[[34.6905768,31.801764],[34.6976793,31.7978602],[34.7089544,31.8007999],[34.7087671,31.8093196],[34.7068856,31.8105693],[34.7086428,31.8107901],[34.703175,31.8186757],[34.6905768,31.801764]]],[[[34.7109134,31.8285968],[34.728356,31.8216337],[34.7415502,31.81234],[34.7596352,31.8063032],[34.7665461,31.8340456],[34.7633253,31.8373076],[34.7581469,31.8368678],[34.7473651,31.8393855],[34.7349137,31.8388663],[34.7351385,31.842501],[34.7290757,31.836048],[34.7191297,31.8394652],[34.7109134,31.8285968]]]]}},{"type":"Feature","properties":{"name":"אשדוד","osm_id":1380013},"geometry":{"type":"MultiPolygon","coordinates":[[[[34.6088045,31.7705804],[34.6192158,31.765983],[34.6202834,31.7670115],[34.637701,31.7633314],[34.6398943,31.7607096],[34.6388854,31.7575169],[34.6480018,31.7531554],[34.6521283,31.7564881],[34.6536881,31.755889],[34.6652436,31.7677777],[34.6678005,31.7805642],[34.6853221,31.7956698],[34.6891731,31.8015688],[34.6839025,31.8076764],[34.6773242,31.8106428],[34.6767245,31.8084855],[34.6723322,31.8054619],[34.6723844,31.7995844],[34.669767,31.8008236],[34.6698143,31.8067627],[34.6686339,31.8072498],[34.6715805,31.8284032],[34.6783758,31.8281733],[34.6927421,31.8315175],[34.6944868,31.833319],[34.6929918,31.8408347],[34.7065007,31.841365],[34.7063495,31.8442667],[34.7096523,31.8450409],[34.7097922,31.8548483],[34.7031663,31.8516238],[34.7012963,31.8536047],[34.7008465,31.8590553],[34.6941647,31.8623918],[34.6830388,31.8618862],[34.6811487,31.8542112],[34.6751117,31.8496714],[34.6743762,31.8509346],[34.6777765,31.8554102],[34.6426537,31.8728243],[34.6339848,31.8516092],[34.633064,31.8417172],[34.6207536,31.8415995],[34.6113374,31.8232775],[34.6278686,31.8171594],[34.6239636,31.807611],[34.6289789,31.8061403],[34.6088045,31.7705804]]]]}},{"type":"Feature","properties":{"name":"גן יבנה","osm_id":1380014},"geometry":{"type":"MultiPolygon","coordinates":[[[[34.6697235,31.782157],[34.6720942,31.7797728],[34.6780092,31.7818367],[34.6881349,31.7810465],[34.6989888,31.7720832],[34.7003648,31.7735073],[34.7069533,31.7697219],[34.7084973,31.7699883],[34.7130583,31.7771662],[34.7153744,31.7762144],[34.7195659,31.7820879],[34.7234626,31.7818124],[34.723329,31.7778263],[34.7272653,31.7778733],[34.7316456,31.7880068],[34.72707,31.7898134],[34.7261111,31.7883855],[34.721501,31.7891985],[34.7228063,31.7928477],[34.7197349,31.7958949],[34.721082,31.797103],[34.7106372,31.8014058],[34.7123672,31.8084015],[34.7072474,31.8112513],[34.7087671,31.8093196],[34.7089544,31.8007999],[34.6976793,31.7978602],[34.6897998,31.8025763],[34.6853221,31.7956698],[34.6697235,31.782157]]]]}},{"type":"Feature","properties":{"name":"מועצה אזורית חבל יבנה","osm_id":1380015},"geometry":{"type":"MultiPolygon","coordinates":[[[[34.6604636,31.8639915],[34.6777765,31.8554102],[34.6743762,31.8509346],[34.6757256,31.8495272],[34.6811487,31.8542112],[34.6830388,31.8618862],[34.6941647,31.8623918],[34.7008465,31.8590553],[34.7012963,31.8536047],[34.7031663,31.8516238],[34.7097922,31.8548483],[34.7096523,31.8450409],[34.7063495,31.8442667],[34.7065007,31.841365],[34.6929918,31.8408347],[34.6944868,31.833319],[34.6927421,31.8315175],[34.6783758,31.8281733],[34.6715805,31.8284032],[34.6686339,31.8072498],[34.6698143,31.8067627],[34.669767,31.8008236],[34.6723844,31.7995844],[34.6723322,31.8054619],[34.6767245,31.8084855],[34.6773242,31.8106428],[34.6839025,31.8076764],[34.6891731,31.8015688],[34.6907626,31.8020387],[34.7026722,31.8188293],[34.7070861,31.8119755],[34.7149967,31.8072282],[34.726572,31.804406],[34.7293191,31.8046765],[34.7328725,31.8076561],[34.7372403,31.81532],[34.728356,31.8216337],[34.7109134,31.8285968],[34.7191297,31.8394652],[34.7290757,31.836048],[34.7356032,31.8434921],[34.7258998,31.8480988],[34.7364246,31.8557143],[34.7392612,31.8550081],[34.7398785,31.8574694],[34.735425,31.8587917],[34.7357426,31.8605647],[34.7319403,31.8606589],[34.7321329,31.8622285],[34.7285507,31.8626554],[34.7281603,31.8603765],[34.7258591,31.8607478],[34.7252605,31.8589739],[34.7230232,31.8585293],[34.7192412,31.851815],[34.7148076,31.8537293],[34.7160758,31.8575404],[34.712998,31.8581478],[34.7128808,31.8598581],[34.720029,31.8745863],[34.6953857,31.881779],[34.6864735,31.8821243],[34.6719716,31.8877305],[34.6604636,31.8639915]]],[[[34.7527382,31.8676181],[34.7537864,31.8571169],[34.7607993,31.8482399],[34.7610397,31.8459392],[34.7724158,31.8526933],[34.7695209,31.8585759],[34.766678,31.8601605],[34.7642679,31.8713104],[34.7614713,31.8740832],[34.7527382,31.8676181]]]]}},{"type":"Feature","properties":{"name":"גדרה","osm_id":1380016},"geometry":{"type":"MultiPolygon","coordinates":[[[[34.7596352,31.8063032],[34.7639691,31.804369],[34.762934,31.8008702],[34.7651642,31.7972517],[34.7720176,31.7927198],[34.7739812,31.7966736],[34.7874054,31.793629],[34.7880953,31.7984079],[34.7904529,31.7980449],[34.7943343,31.8064576],[34.7874431,31.8111185],[34.7892498,31.8128308],[34.7887489,31.8195502],[34.7758671,31.8249257],[34.7782336,31.8275506],[34.7817676,31.8279249],[34.7836552,31.8264448],[34.7840527,31.8279962],[34.7893444,31.8249902],[34.7928421,31.8261991],[34.798951,31.8248325],[34.8009959,31.8302013],[34.7840207,31.8359446],[34.7775075,31.8336925],[34.7762887,31.8363569],[34.7672254,31.8358743],[34.7596352,31.8063032]]]]}},{"type":"Feature","properties":{"name":"בני עי\"ש","osm_id":1380017},"geometry":{"type":"MultiPolygon","coordinates":[[[[34.7492842,31.7853666],[34.7553798,31.784856],[34.7563488,31.7831444],[34.7543448,31.7805693],[34.7592564,31.7789996],[34.7561483,31.782159],[34.7578198,31.7832089],[34.7627541,31.7820806],[34.7640399,31.7859528],[34.7625626,31.7910467],[34.7645724,31.7940483],[34.7664146,31.7922554],[34.7683388,31.7930164],[34.7677882,31.7949819],[34.7629431,31.8004456],[34.7604567,31.7963166],[34.7544073,31.7983674],[34.7492842,31.7853666]]]]}},{"type":"Feature","properties":{"name":"עפולה","osm_id":1380226},"geometry":{"type":"MultiPolygon","coordinates":[[[[35.2474199,32.6057459],[35.2502356,32.6057455],[35.2502349,32.6071831],[35.253136,32.6080291],[35.253136,32.6048169],[35.25995,32.6045803],[35.2599545,32.6098024],[35.2531355,32.6100589],[35.2520268,32.6116979],[35.2474245,32.6103418],[35.2474199,32.6057459]]],[[[35.2563876,32.5984895],[35.2587538,32.5970316],[35.2627394,32.5974178],[35.2632706,32.5939643],[35.2612797,32.5919748],[35.2654755,32.588092],[35.2696459,32.5869143],[35.2694644,32.5846714],[35.2723408,32.580834],[35.282214,32.5766937],[35.2924653,32.5760736],[35.2946335,32.5852071],[35.2975562,32.5835944],[35.299677,32.5996674],[35.3035565,32.6031414],[35.3055283,32.6017729],[35.303157,32.6059615],[35.303609,32.6097819],[35.3142673,32.6110686],[35.3176809,32.6184963],[35.3191557,32.6179624],[35.3237391,32.621503],[35.3262443,32.6162988],[35.3360761,32.6114502],[35.3429325,32.6113874],[35.345598,32.614142],[35.3553922,32.6110912],[35.36368,32.6104097],[35.3677449,32.6079907],[35.3704858,32.6116294],[35.3687217,32.6138208],[35.3734002,32.6132138],[35.3742374,32.6175624],[35.3627853,32.6245342],[35.3599789,32.6230995],[35.3508261,32.6243177],[35.3466796,32.6225803],[35.3479207,32.6197704],[35.3515679,32.6191959],[35.3508069,32.6182172],[35.3486341,32.6175261],[35.3515083,32.6191741],[35.3478079,32.6197326],[35.3425349,32.6185354],[35.3405228,32.6239586],[35.348437,32.6231417],[35.3426481,32.6271882],[35.3439616,32.6281426],[35.3435244,32.6405973],[35.3350104,32.6386669],[35.3231756,32.6417437],[35.31786,32.641577],[35.3124124,32.638762],[35.3057104,32.6288573],[35.3005202,32.6253786],[35.2940095,32.6241693],[35.2899918,32.6252008],[35.2748172,32.6177268],[35.2708653,32.6195319],[35.272702,32.6142154],[35.2563876,32.5984895]]]]}},{"type":"Feature","properties":{"name":"مجلس إقليمي بستان المرج","osm_id":1380227},"geometry":{"type":"MultiPolygon","coordinates":[[[[35.3299978,32.6062371],[35.3307758,32.6035326],[35.3357064,32.6019055],[35.3539459,32.6027778],[35.3574573,32.6083418],[35.3505049,32.6071795],[35.3516938,32.6105912],[35.3493277,32.6098754],[35.3489665,32.6117091],[35.3457304,32.609188],[35.3422253,32.6121168],[35.3360761,32.6114502],[35.3304753,32.6135419],[35.3320487,32.6106198],[35.3299978,32.6062371]]],[[[35.3404198,32.6235832],[35.3425349,32.6185354],[35.3515083,32.6191741],[35.3485839,32.61799],[35.3489215,32.6174156],[35.3515679,32.6191959],[35.3479207,32.6197704],[35.3466796,32.6225803],[35.3508261,32.6243177],[35.3611186,32.6239062],[35.3596658,32.6313247],[35.3523612,32.638165],[35.3552086,32.6455966],[35.3425848,32.6394434],[35.3439616,32.6281426],[35.3426481,32.6271882],[35.348437,32.6231417],[35.3404198,32.6235832]]],[[[35.4049691,32.6461586],[35.4149143,32.6377352],[35.4203041,32.6368541],[35.4200654,32.6340891],[35.4227068,32.6309631],[35.42457,32.6322952],[35.4304616,32.6310205],[35.4311358,32.6332539],[35.4333619,32.6324969],[35.4367479,32.6371132],[35.4368922,32.6434668],[35.4351288,32.6445744],[35.4337417,32.6433633],[35.4346909,32.6463602],[35.430815,32.6460111],[35.431226,32.6478125],[35.4290164,32.6478819],[35.428662,32.6500198],[35.4246954,32.6499211],[35.4246657,32.6557719],[35.4192142,32.6511975],[35.4119639,32.6487002],[35.411073,32.6456868],[35.4049691,32.6461586]]]]}},{"type":"Feature","properties":{"name":"أم الفحم","osm_id":1380228},"geometry":{"type":"MultiPolygon","coordinates":[[[[35.1084261,32.5392087],[35.1127157,32.5393511],[35.1161903,32.5370355],[35.1144636,32.5344023],[35.1148007,32.5301819],[35.1204444,32.5295286],[35.119825,32.5272953],[35.1247234,32.5243526],[35.120326,32.5188074],[35.117061,32.5192199],[35.1168528,32.5214133],[35.113427,32.5217028],[35.1133287,32.5182085],[35.115997,32.5167146],[35.1110985,32.5155247],[35.1148059,32.5108626],[35.1202833,32.5148628],[35.1215698,32.5136908],[35.1194429,32.511152],[35.1205363,32.5067608],[35.1254932,32.507446],[35.1309162,32.5108589],[35.1330679,32.5100908],[35.1323548,32.5084187],[35.1416677,32.5064008],[35.1479034,32.5086026],[35.1489517,32.5072009],[35.1549801,32.5070613],[35.1592232,32.5049929],[35.1632266,32.5100316],[35.1647994,32.5091198],[35.1771175,32.5181278],[35.1807474,32.5244308],[35.1861646,32.5234824],[35.1881591,32.5245075],[35.1891229,32.5265755],[35.1876027,32.5250592],[35.1831209,32.5253663],[35.1816802,32.529093],[35.1849522,32.5307207],[35.1838012,32.533025],[35.1908013,32.533323],[35.1907502,32.5383107],[35.1940476,32.5400095],[35.1876794,32.542969],[35.1838719,32.5415158],[35.1833407,32.5436901],[35.1772495,32.5437454],[35.1738997,32.5454423],[35.1810209,32.5504753],[35.1809974,32.5529513],[35.1838763,32.5550828],[35.1808735,32.5582652],[35.1809131,32.5610072],[35.1795578,32.5603477],[35.177642,32.5638157],[35.1722305,32.5621482],[35.1717127,32.5587243],[35.1635347,32.5500231],[35.1612423,32.5458735],[35.1650113,32.5480598],[35.16216,32.5396912],[35.1579658,32.5400084],[35.1563104,32.5374833],[35.1538725,32.5377478],[35.1548566,32.5363928],[35.1517056,32.537508],[35.1526649,32.5403456],[35.1494812,32.5428116],[35.145428,32.5518705],[35.142162,32.5543625],[35.1416564,32.5505992],[35.1435356,32.5470204],[35.141831,32.5426617],[35.1384455,32.5413016],[35.1088935,32.5421617],[35.1084261,32.5392087]]],[[[35.1191674,32.5044074],[35.1213608,32.5010527],[35.1257499,32.5020564],[35.1299904,32.508613],[35.1191674,32.5044074]]]]}},{"type":"Feature","properties":{"name":"מועצה אזורית מגידו","osm_id":1380229},"geometry":{"type":"MultiPolygon","coordinates":[[[[35.0274748,32.5992114],[35.0295257,32.5975322],[35.0344414,32.5992134],[35.0312414,32.5953131],[35.0363747,32.5918714],[35.0321232,32.5930012],[35.0301993,32.5916818],[35.0321843,32.5874682],[35.030412,32.5848398],[35.0371921,32.5860295],[35.0430367,32.5842191],[35.0422363,32.5729075],[35.0484008,32.5736412],[35.053204,32.5711828],[35.0474167,32.5668451],[35.039393,32.5660548],[35.0312507,32.5617287],[35.0488341,32.5544803],[35.0565874,32.5543271],[35.0559706,32.5522907],[35.0604339,32.5485414],[35.0650061,32.5467159],[35.0669418,32.5488604],[35.0667773,32.5465054],[35.0712501,32.5437266],[35.082727,32.5441449],[35.085041,32.5316614],[35.0869858,32.5303509],[35.0906101,32.5312686],[35.091617,32.5350208],[35.0963088,32.5364302],[35.1001394,32.5425797],[35.1061542,32.5432061],[35.1115899,32.5411168],[35.1384455,32.5413016],[35.141831,32.5426617],[35.1435356,32.5470204],[35.1417756,32.5537183],[35.1480363,32.5600416],[35.1672513,32.562915],[35.1710384,32.5613386],[35.177642,32.5638157],[35.1795578,32.5603477],[35.1809819,32.5609097],[35.1808735,32.5582652],[35.183725,32.5544432],[35.1866534,32.5554597],[35.1961999,32.5521771],[35.198182,32.5482199],[35.2039468,32.5452755],[35.2033193,32.5421072],[35.214814,32.5444285],[35.216068,32.5478202],[35.2245704,32.5521479],[35.2361262,32.5366954],[35.2409656,32.5325519],[35.2477463,32.5366279],[35.2453442,32.542685],[35.2257282,32.5658164],[35.2445805,32.5829789],[35.247875,32.576782],[35.2578933,32.5855505],[35.2583774,32.5790094],[35.2611708,32.575616],[35.2594171,32.572038],[35.2748201,32.576743],[35.2722707,32.5788043],[35.2732986,32.5801107],[35.2697238,32.5841768],[35.2696459,32.5869143],[35.2624064,32.5900296],[35.2631544,32.5913842],[35.2611513,32.5922169],[35.2632706,32.5939643],[35.2624913,32.5976422],[35.2573882,32.5980218],[35.2142754,32.581594],[35.2088146,32.5922684],[35.2048091,32.588698],[35.2015166,32.5914537],[35.2060443,32.5987433],[35.1980537,32.6002665],[35.1947126,32.5955116],[35.1946289,32.5994696],[35.1900775,32.5976389],[35.1881058,32.5997684],[35.1920125,32.604021],[35.1796415,32.6058773],[35.1817676,32.6117271],[35.1769864,32.6153421],[35.176703,32.6182338],[35.1683604,32.6182841],[35.1647993,32.6205605],[35.1630963,32.6181523],[35.1616341,32.6193167],[35.1636717,32.6224227],[35.1656064,32.6203871],[35.1664815,32.6281592],[35.168814,32.6276386],[35.1722111,32.6401859],[35.1660334,32.642935],[35.1634906,32.6460615],[35.1693878,32.6511654],[35.1655808,32.6509788],[35.159216,32.6539037],[35.1521428,32.6389776],[35.1458348,32.641334],[35.144017,32.6361865],[35.1489212,32.6323434],[35.1457375,32.6299586],[35.138378,32.6363373],[35.1364793,32.6337266],[35.1329508,32.6334885],[35.1302624,32.6394603],[35.1400319,32.6449079],[35.1421088,32.641588],[35.1498502,32.6559392],[35.1475254,32.6578944],[35.1461704,32.6623226],[35.140042,32.6656625],[35.1380654,32.6697136],[35.1356152,32.6692355],[35.1281574,32.6767132],[35.1149642,32.6842317],[35.1054323,32.6845164],[35.1086289,32.6680148],[35.1142133,32.6579932],[35.1134376,32.6556411],[35.110926,32.654552],[35.1117386,32.6485056],[35.1067836,32.6459637],[35.1011623,32.6403177],[35.0974225,32.6405216],[35.097652,32.636366],[35.094504,32.6335024],[35.0846198,32.6355641],[35.0827793,32.635303],[35.0830091,32.633223],[35.0791272,32.6327969],[35.0775268,32.6302114],[35.0788103,32.6253643],[35.0735706,32.6265534],[35.0732492,32.6340517],[35.0659876,32.6383597],[35.0677666,32.6394756],[35.0670785,32.6426744],[35.0640507,32.6444742],[35.0573776,32.6431174],[35.0552352,32.6463965],[35.04661,32.6470451],[35.0447479,32.6437951],[35.0519967,32.6339757],[35.0438629,32.6302707],[35.0438658,32.6268574],[35.0581078,32.6229249],[35.0403177,32.604119],[35.0279884,32.6030459],[35.0274748,32.5992114]]],[[[35.0680787,32.6382905],[35.0713131,32.6372157],[35.0730685,32.6381577],[35.0707188,32.63769],[35.0680787,32.6382905]]]]}},{"type":"Feature","properties":{"name":"طلعة عارة","osm_id":1380230},"geometry":{"type":"MultiPolygon","coordinates":[[[[35.142162,32.5543625],[35.145428,32.5518705],[35.1494812,32.5428116],[35.1526649,32.5403456],[35.1517056,32.537508],[35.1548566,32.5363928],[35.1538725,32.5377478],[35.1563104,32.5374833],[35.1579658,32.5400084],[35.16216,32.5396912],[35.1650113,32.5480598],[35.1612423,32.5458735],[35.166291,32.554228],[35.1718439,32.5589131],[35.1722305,32.5621482],[35.1672513,32.562915],[35.1480363,32.5600416],[35.142162,32.5543625]]],[[[35.1738997,32.5454423],[35.1748259,32.5443253],[35.1775362,32.5452981],[35.1880564,32.5441469],[35.1907445,32.5449703],[35.1928646,32.5496178],[35.1959303,32.549471],[35.1941792,32.5518229],[35.1871431,32.5525752],[35.1867244,32.5553957],[35.1845202,32.5551994],[35.1809974,32.5529513],[35.1810209,32.5504753],[35.1738997,32.5454423]]],[[[35.1947409,32.5427434],[35.2010116,32.539837],[35.2031518,32.5418057],[35.2046865,32.5410395],[35.209244,32.5429316],[35.2033193,32.5421072],[35.2039468,32.5452755],[35.1982936,32.5483823],[35.1963013,32.5477874],[35.1947409,32.5427434]]]]}},{"type":"Feature","properties":{"name":"מועצה אזורית עמק הירדן","osm_id":1380231},"geometry":{"type":"MultiPolygon","coordinates":[[[[35.4311867,32.8490373],[35.4374918,32.8420441],[35.4460952,32.8418437],[35.4463116,32.8402313],[35.4503779,32.8389885],[35.4560515,32.8399577],[35.4549581,32.8417412],[35.4729511,32.8485948],[35.4734706,32.8514932],[35.4717541,32.8541896],[35.4659921,32.8558691],[35.4528399,32.8546098],[35.4519867,32.8563287],[35.4442308,32.8540543],[35.4443819,32.85209],[35.4378782,32.851793],[35.4311867,32.8490373]]],[[[35.4635485,32.6526758],[35.4653238,32.6511138],[35.4706063,32.6522778],[35.4685407,32.6502578],[35.4700918,32.6471109],[35.4665136,32.6465931],[35.4709919,32.6447487],[35.4716795,32.6423475],[35.471111,32.6394486],[35.4672703,32.6356153],[35.4672333,32.6319955],[35.4714126,32.6326551],[35.4803104,32.6277063],[35.4809053,32.6243884],[35.4849333,32.6227261],[35.4932996,32.6239784],[35.4931901,32.6227694],[35.4956925,32.6225927],[35.4947521,32.6214207],[35.4977388,32.621875],[35.5022983,32.6170974],[35.5051359,32.618769],[35.5188506,32.6127953],[35.5291897,32.612171],[35.5332247,32.6098115],[35.530302,32.6056535],[35.5337695,32.60532],[35.540999,32.6075529],[35.5398207,32.6098122],[35.5406908,32.6148831],[35.5486331,32.6245962],[35.5540604,32.6273358],[35.5537814,32.6301707],[35.5551996,32.6313884],[35.5521268,32.6316032],[35.5535636,32.6374223],[35.5547785,32.6375483],[35.5564474,32.6443795],[35.5552087,32.6457605],[35.5580204,32.6537031],[35.556681,32.654882],[35.5497516,32.6520298],[35.5448665,32.6552825],[35.5451906,32.6569447],[35.5394296,32.6553842],[35.5354978,32.6586237],[35.5358325,32.6610628],[35.5311024,32.6668425],[35.5325587,32.668722],[35.5359624,32.6683049],[35.5390823,32.6708668],[35.5364001,32.6718334],[35.5336027,32.6770257],[35.5277335,32.6750578],[35.5259607,32.6695599],[35.5230283,32.6680961],[35.5227792,32.6704719],[35.5187226,32.6747602],[35.5118709,32.6779002],[35.509214,32.6807952],[35.5042645,32.6760816],[35.5001319,32.6746763],[35.5006707,32.6712823],[35.4964689,32.6691178],[35.4971302,32.6672194],[35.4957963,32.6657736],[35.4922419,32.6657116],[35.4798004,32.6568804],[35.4760427,32.6588436],[35.4727166,32.6582928],[35.4635485,32.6526758]]],[[[35.467892,32.8922734],[35.4724264,32.8909971],[35.4728414,32.8889528],[35.4787944,32.8873955],[35.4766865,32.8862394],[35.4757788,32.8807726],[35.4738007,32.8799589],[35.4739979,32.8785269],[35.4790266,32.8766792],[35.4792198,32.8728217],[35.4817356,32.8714368],[35.4865723,32.872279],[35.4872855,32.8698785],[35.4859504,32.8698069],[35.4859394,32.8681411],[35.4898708,32.8667138],[35.5031207,32.8649252],[35.5032967,32.8627335],[35.4982835,32.8580467],[35.4901433,32.861528],[35.4863507,32.8605034],[35.4856668,32.857335],[35.489991,32.8577505],[35.500042,32.8549687],[35.4984436,32.8494249],[35.5031766,32.8468881],[35.5061699,32.8478699],[35.5095956,32.8457306],[35.5089618,32.8485671],[35.5121888,32.8472083],[35.5134022,32.8493699],[35.5179079,32.848253],[35.5158054,32.8444482],[35.5224498,32.8426634],[35.527224,32.8436844],[35.5273813,32.8470436],[35.5318202,32.8506375],[35.5365152,32.8606423],[35.5453169,32.8703829],[35.5643369,32.8744095],[35.5678293,32.8794008],[35.5768569,32.8802879],[35.5840695,32.8853801],[35.5923775,32.8879003],[35.5928418,32.8904516],[35.5989172,32.8911784],[35.6034148,32.8944881],[35.6124715,32.8925118],[35.6115326,32.8941379],[35.6128721,32.8954462],[35.6217065,32.8914254],[35.6295031,32.8838679],[35.6300423,32.8814782],[35.6429401,32.8663256],[35.6411525,32.8649402],[35.6418203,32.8602518],[35.6470183,32.8532655],[35.6488176,32.8433866],[35.6456428,32.8381162],[35.6400801,32.8341259],[35.6409927,32.8293881],[35.6448404,32.8232538],[35.6451571,32.8173106],[35.6392839,32.7983427],[35.640394,32.7928062],[35.6355271,32.785367],[35.6357051,32.7790715],[35.63907,32.7736745],[35.6344081,32.7522838],[35.6293022,32.7421616],[35.6131087,32.7189835],[35.597852,32.7080961],[35.5926902,32.706599],[35.5835544,32.706948],[35.5766255,32.713149],[35.571608,32.7210849],[35.570506,32.734011],[35.5670518,32.7480039],[35.5628067,32.7552274],[35.5576964,32.7540239],[35.5569241,32.7553516],[35.5589274,32.7567081],[35.5518935,32.7640568],[35.548182,32.7627225],[35.54664,32.7598367],[35.5382434,32.7666598],[35.5366041,32.7656042],[35.5324515,32.7675423],[35.5331335,32.7595731],[35.5293554,32.762086],[35.5314419,32.7665386],[35.5208967,32.7589792],[35.5187005,32.7605665],[35.5166503,32.7590799],[35.5156634,32.7607403],[35.5115777,32.7585004],[35.5265605,32.7479455],[35.5205739,32.7375164],[35.5235809,32.7369329],[35.5315421,32.7422995],[35.5421377,32.7325428],[35.5239266,32.7213203],[35.5274067,32.7163804],[35.5402016,32.714954],[35.5469218,32.7187978],[35.5459933,32.7105842],[35.5356003,32.7097994],[35.536463,32.6954837],[35.5340742,32.6929271],[35.5279908,32.6908265],[35.5340907,32.690294],[35.5424394,32.6923882],[35.5433817,32.6883105],[35.5402434,32.6819957],[35.5615527,32.6829464],[35.5620511,32.6812602],[35.5573918,32.6774947],[35.5566733,32.6747307],[35.5632446,32.6692481],[35.5652143,32.6648354],[35.5646492,32.6608814],[35.5662281,32.6604105],[35.5655346,32.6614382],[35.5672092,32.6624297],[35.5751161,32.6605767],[35.5700768,32.6538675],[35.5699022,32.6494026],[35.5724645,32.6459468],[35.5734099,32.6407941],[35.577184,32.6411346],[35.5800873,32.6447418],[35.5843893,32.6438362],[35.5864688,32.6416207],[35.5916684,32.6462666],[35.5893292,32.650061],[35.5937123,32.6530953],[35.5976149,32.6509912],[35.606049,32.6516768],[35.6065778,32.6602865],[35.5981674,32.6676081],[35.605526,32.6706145],[35.6073815,32.6754778],[35.6123742,32.6785005],[35.6176713,32.6804128],[35.6205706,32.6779235],[35.6243655,32.6777756],[35.6346649,32.6862587],[35.6420732,32.6815428],[35.6449191,32.6775346],[35.6561252,32.6852496],[35.658951,32.6848004],[35.6635678,32.679954],[35.6706923,32.6846627],[35.6748444,32.6850622],[35.6719912,32.6911829],[35.6645738,32.6875066],[35.6525508,32.6855782],[35.648869,32.682149],[35.6356168,32.6878169],[35.6350854,32.6918539],[35.6384618,32.7012358],[35.6376407,32.7052118],[35.6446593,32.7080632],[35.6498312,32.714606],[35.6509757,32.7209077],[35.6500169,32.7264723],[35.6522383,32.7308783],[35.6518678,32.7338028],[35.657234,32.7444084],[35.6555182,32.7540047],[35.6624478,32.7771955],[35.6548462,32.7928489],[35.6556746,32.8084446],[35.6440391,32.8106611],[35.6451863,32.8153447],[35.6454651,32.8217276],[35.6413505,32.8341109],[35.6442195,32.8345122],[35.6490978,32.8393139],[35.6498111,32.8435256],[35.6480228,32.8527893],[35.6431222,32.8612113],[35.6440513,32.8641419],[35.6427134,32.8670511],[35.6358862,32.8761902],[35.6299377,32.8818365],[35.6296202,32.8839542],[35.621796,32.8915157],[35.6133258,32.8952631],[35.614624,32.8993423],[35.6136094,32.9005365],[35.6163662,32.9027027],[35.6167857,32.9051099],[35.6227749,32.9049407],[35.625279,32.9074942],[35.6234092,32.9085087],[35.6255666,32.9088283],[35.627314,32.9118464],[35.6241488,32.9141868],[35.6241742,32.9163045],[35.6280799,32.9374469],[35.6289323,32.956617],[35.6302626,32.9588121],[35.6248846,32.9595839],[35.6263333,32.9475697],[35.6243525,32.9403229],[35.6144821,32.9416545],[35.6141377,32.9341994],[35.6105926,32.9255467],[35.6057971,32.9254214],[35.5992013,32.922145],[35.5962681,32.9181893],[35.5899387,32.9186972],[35.5861943,32.9168533],[35.5859755,32.9149838],[35.5886606,32.9120487],[35.5850772,32.9100266],[35.5834535,32.9054792],[35.575703,32.8971715],[35.5713451,32.896194],[35.5690434,32.8995319],[35.565127,32.8999582],[35.546032,32.8925195],[35.5391228,32.8933095],[35.53907,32.888586],[35.5278609,32.8771365],[35.5265929,32.8768963],[35.526819,32.878548],[35.5210954,32.8773996],[35.5218753,32.8805672],[35.5251905,32.8812764],[35.523376,32.8861034],[35.521453,32.885401],[35.5154605,32.8878422],[35.5099967,32.8844156],[35.5085813,32.8850109],[35.5090777,32.8869808],[35.5053597,32.8858235],[35.5004855,32.8870851],[35.4959714,32.8921073],[35.4899269,32.8930867],[35.4802641,32.8986134],[35.4789293,32.8989372],[35.4798582,32.8891855],[35.475407,32.8937921],[35.4720847,32.8929456],[35.4684285,32.8946507],[35.467892,32.8922734]]]]}},{"type":"Feature","properties":{"name":"מועצה אזורית גלבוע","osm_id":1380232},"geometry":{"type":"MultiPolygon","coordinates":[[[[35.2257282,32.5658164],[35.2453442,32.542685],[35.2477463,32.5366279],[35.2409656,32.5325519],[35.2532189,32.522744],[35.274281,32.5148921],[35.2953134,32.5095995],[35.3178506,32.5117571],[35.3428329,32.5191508],[35.3580452,32.5184904],[35.3712496,32.5148041],[35.3814912,32.5088046],[35.384504,32.5049955],[35.3906186,32.5051645],[35.4028693,32.5012272],[35.4055638,32.4903707],[35.416945,32.4934286],[35.4328419,32.5031639],[35.443542,32.5130603],[35.4476274,32.5212844],[35.4520825,32.5232914],[35.4588736,32.5205687],[35.4721126,32.519557],[35.4710538,32.5223458],[35.4761117,32.5354271],[35.4797242,32.5368717],[35.4822943,32.5414079],[35.4897235,32.5446593],[35.4946127,32.5513696],[35.4989987,32.5480066],[35.5004266,32.5495599],[35.5123511,32.5444122],[35.518227,32.5460039],[35.5214169,32.5501157],[35.5135365,32.5507268],[35.5138968,32.5539481],[35.5206265,32.5597128],[35.521669,32.5656452],[35.5283544,32.5674707],[35.5293438,32.5692507],[35.5262914,32.5739819],[35.5170054,32.5733385],[35.5043534,32.5777131],[35.5100896,32.5845427],[35.5063621,32.5860305],[35.5092875,32.591468],[35.5149428,32.5898151],[35.518099,32.595724],[35.5205199,32.597127],[35.519544,32.5985601],[35.5211569,32.6021939],[35.5194932,32.6042568],[35.5091239,32.6070168],[35.5164749,32.6135838],[35.5116846,32.6153543],[35.5091557,32.6143934],[35.5027174,32.6113962],[35.5024379,32.6068757],[35.500176,32.6071561],[35.4943566,32.6117],[35.4977146,32.6127596],[35.492749,32.6173978],[35.4977388,32.621875],[35.4947521,32.6214207],[35.4956925,32.6225927],[35.4931901,32.6227694],[35.4932996,32.6239784],[35.4849333,32.6227261],[35.4797111,32.6250611],[35.473985,32.623593],[35.4700499,32.6204727],[35.4613986,32.6191996],[35.454579,32.6232751],[35.4410553,32.6267658],[35.4311358,32.6332539],[35.4304616,32.6310205],[35.42457,32.6322952],[35.4227068,32.6309631],[35.4200654,32.6340891],[35.4203041,32.6368541],[35.4149143,32.6377352],[35.4046736,32.6465852],[35.3981187,32.6346505],[35.3947771,32.6315993],[35.3955291,32.6288906],[35.3905902,32.6296489],[35.3863995,32.6221634],[35.3826773,32.6203726],[35.3807212,32.6075634],[35.379512,32.6061318],[35.3735274,32.6073556],[35.3727883,32.605152],[35.3743453,32.6016101],[35.3715766,32.6009101],[35.3733437,32.5968052],[35.3716216,32.5915284],[35.3652754,32.593817],[35.3574662,32.5924397],[35.3570772,32.6006488],[35.3585113,32.6044476],[35.3550267,32.6045242],[35.3445417,32.5869854],[35.3356602,32.581002],[35.3267658,32.5796613],[35.322946,32.5763743],[35.3193261,32.5820654],[35.3162298,32.5838967],[35.3006502,32.5852535],[35.2974333,32.5802748],[35.3057562,32.5726477],[35.2970786,32.5662825],[35.2963592,32.5724712],[35.2917162,32.5767212],[35.282214,32.5766937],[35.2732374,32.5805007],[35.2722707,32.5788043],[35.2746772,32.576574],[35.2594171,32.572038],[35.2611708,32.575616],[35.2583774,32.5790094],[35.2578933,32.5855505],[35.247875,32.576782],[35.2445805,32.5829789],[35.2257282,32.5658164]]]]}},{"type":"Feature","properties":{"name":"מועצה אזורית עמק יזרעאל","osm_id":1380233},"geometry":{"type":"MultiPolygon","coordinates":[[[[35.1079166,32.6850943],[35.1190814,32.6829681],[35.1223445,32.6792911],[35.1311893,32.6743611],[35.1356152,32.6692355],[35.1380654,32.6697136],[35.140042,32.6656625],[35.1461704,32.6623226],[35.1475254,32.6578944],[35.1495939,32.6565262],[35.1499792,32.6549874],[35.1421088,32.641588],[35.1400319,32.6449079],[35.1302624,32.6394603],[35.1329508,32.6334885],[35.1364793,32.6337266],[35.138378,32.6363373],[35.1457375,32.6299586],[35.1489212,32.6323434],[35.144017,32.6361865],[35.1458348,32.641334],[35.1521428,32.6389776],[35.159216,32.6539037],[35.1655808,32.6509788],[35.1693878,32.6511654],[35.1634906,32.6460615],[35.1660334,32.642935],[35.1722111,32.6401859],[35.168814,32.6276386],[35.1664815,32.6281592],[35.1656064,32.6203871],[35.1636717,32.6224227],[35.1616341,32.6193167],[35.1630963,32.6181523],[35.1647993,32.6205605],[35.1683604,32.6182841],[35.176703,32.6182338],[35.1769864,32.6153421],[35.1817676,32.6117271],[35.1796415,32.6058773],[35.1920125,32.604021],[35.1881058,32.5997684],[35.1900775,32.5976389],[35.1946289,32.5994696],[35.1947126,32.5955116],[35.1980537,32.6002665],[35.2060443,32.5987433],[35.2015166,32.5914537],[35.2048091,32.588698],[35.2088146,32.5922684],[35.2142754,32.581594],[35.2573882,32.5980218],[35.2563876,32.5984895],[35.272702,32.6142154],[35.2708653,32.6195319],[35.2748172,32.6177268],[35.2899918,32.6252008],[35.2940095,32.6241693],[35.3005202,32.6253786],[35.3057104,32.6288573],[35.3124124,32.638762],[35.31786,32.641577],[35.3396373,32.6390441],[35.3552086,32.6455966],[35.3523612,32.638165],[35.3596658,32.6313247],[35.3611186,32.6239062],[35.3662079,32.623481],[35.3742374,32.6175624],[35.3734002,32.6132138],[35.3687217,32.6138208],[35.3704858,32.6116294],[35.3677449,32.6079907],[35.36368,32.6104097],[35.3529007,32.6120055],[35.350671,32.6096287],[35.3505049,32.6071795],[35.3574573,32.6083418],[35.3550267,32.6045242],[35.3585113,32.6044476],[35.3570772,32.6006488],[35.3574662,32.5924397],[35.3652754,32.593817],[35.3716216,32.5915284],[35.3733437,32.5968052],[35.3715766,32.6009101],[35.3743453,32.6016101],[35.3727883,32.605152],[35.3735274,32.6073556],[35.379512,32.6061318],[35.3807212,32.6075634],[35.3814069,32.6174469],[35.3826773,32.6203726],[35.3863995,32.6221634],[35.3881546,32.6272505],[35.3905902,32.6296489],[35.3955291,32.6288906],[35.3947771,32.6315993],[35.3981187,32.6346505],[35.4046286,32.6465815],[35.411073,32.6456868],[35.4119639,32.6487002],[35.4192142,32.6511975],[35.4246657,32.6557719],[35.4246954,32.6499211],[35.428662,32.6500198],[35.4290164,32.6478819],[35.431226,32.6478125],[35.430815,32.6460111],[35.4346909,32.6463602],[35.4337417,32.6433633],[35.4351288,32.6445744],[35.4368922,32.6434668],[35.4367479,32.6371132],[35.4333619,32.6324969],[35.4410553,32.6267658],[35.454579,32.6232751],[35.4613986,32.6191996],[35.4700499,32.6204727],[35.473985,32.623593],[35.4816455,32.6257784],[35.4714126,32.6326551],[35.4669351,32.6322453],[35.4672703,32.6356153],[35.471111,32.6394486],[35.4716795,32.6423475],[35.4709919,32.6447487],[35.4665136,32.6465931],[35.4700918,32.6471109],[35.4685407,32.6502578],[35.4705421,32.6524036],[35.4653238,32.6511138],[35.4633751,32.654514],[35.4587551,32.6553124],[35.4566807,32.6530431],[35.4552962,32.6542356],[35.453895,32.6531958],[35.4514516,32.6578901],[35.446189,32.6515355],[35.4399624,32.6537105],[35.4352661,32.6583525],[35.4197673,32.6666901],[35.4158314,32.6669549],[35.4169369,32.6698679],[35.4153391,32.6702417],[35.4088718,32.6696845],[35.4059714,32.6658483],[35.4009987,32.664604],[35.3968196,32.6730811],[35.3933394,32.6690193],[35.3920606,32.6723806],[35.3859104,32.6739692],[35.3863976,32.6753637],[35.3804946,32.6787461],[35.3798148,32.677036],[35.3725489,32.6794181],[35.3663173,32.6799341],[35.3656618,32.6783515],[35.3531279,32.6808383],[35.3549674,32.6728933],[35.350372,32.6749171],[35.3519946,32.6630533],[35.3330817,32.6635301],[35.3320381,32.6631169],[35.3332604,32.65723],[35.3280536,32.656809],[35.3272751,32.6585679],[35.3235682,32.6577059],[35.3237606,32.6629274],[35.3193432,32.6615619],[35.3199079,32.6601862],[35.3159387,32.6606439],[35.3168575,32.6641819],[35.3134639,32.6644389],[35.317189,32.6724341],[35.313496,32.6723549],[35.3135078,32.6749081],[35.3103431,32.6738807],[35.3077484,32.674927],[35.3076305,32.6777271],[35.3100959,32.6817946],[35.3147264,32.6833385],[35.3062652,32.6838711],[35.3056697,32.6861702],[35.3052359,32.6833967],[35.3009147,32.6790097],[35.2894248,32.6762639],[35.2882909,32.6728078],[35.2849666,32.673271],[35.2840505,32.6773358],[35.2794907,32.6737397],[35.2758619,32.673652],[35.2720894,32.670832],[35.2685139,32.6711392],[35.2665671,32.6692159],[35.264471,32.6773312],[35.2580585,32.672746],[35.248216,32.6717287],[35.2476996,32.6677695],[35.2456238,32.6673669],[35.2456047,32.6630051],[35.2482337,32.6618781],[35.2358742,32.6617881],[35.2362911,32.664012],[35.2405168,32.666691],[35.2284973,32.6711393],[35.2313607,32.6739157],[35.2300364,32.675232],[35.2294039,32.6848259],[35.2265191,32.684315],[35.2196464,32.6888229],[35.217956,32.6874946],[35.2156863,32.6887578],[35.2156027,32.6909141],[35.2217488,32.6955022],[35.2299074,32.6917927],[35.2312288,32.6938693],[35.2353973,32.6949167],[35.2482113,32.6930927],[35.2494315,32.695833],[35.255868,32.6979253],[35.2552076,32.6956296],[35.2567793,32.6931408],[35.2633117,32.6969072],[35.2679167,32.6937327],[35.2665893,32.6953061],[35.2674731,32.6966766],[35.2733664,32.6937732],[35.2737437,32.6975875],[35.2822101,32.6951817],[35.2808663,32.7073039],[35.2771152,32.7060471],[35.2664777,32.7112045],[35.2536554,32.7103102],[35.2548457,32.7131693],[35.2526845,32.718637],[35.2557703,32.7217442],[35.2528673,32.7244629],[35.2557235,32.7268068],[35.25568,32.7312351],[35.2626621,32.7298875],[35.2653187,32.7271024],[35.2704127,32.7269868],[35.2763584,32.7292754],[35.2764952,32.7345479],[35.2826799,32.7354493],[35.2848684,32.7387691],[35.2904955,32.7416181],[35.291728,32.7444622],[35.2948973,32.7451407],[35.2949414,32.7465331],[35.3034464,32.7456448],[35.3041245,32.7470081],[35.3043569,32.7498438],[35.3023913,32.7528424],[35.3035299,32.7575113],[35.2916666,32.7656778],[35.2897176,32.7689451],[35.3065085,32.7684983],[35.3015118,32.7705983],[35.3020862,32.777033],[35.2965171,32.7830998],[35.2978939,32.7889494],[35.2912323,32.7906639],[35.2853719,32.7954342],[35.2770354,32.7989304],[35.267426,32.7920199],[35.2649698,32.7940696],[35.2501956,32.7955767],[35.2479699,32.793163],[35.2452405,32.7938646],[35.243244,32.7919762],[35.2369817,32.7929817],[35.2368636,32.7912394],[35.234295,32.7908732],[35.2349792,32.789044],[35.2335106,32.7889986],[35.2332243,32.78188],[35.2303438,32.7822872],[35.2311779,32.771255],[35.2262387,32.769296],[35.2281214,32.7677238],[35.2210397,32.7681179],[35.2164489,32.7704606],[35.2166701,32.7666403],[35.2139841,32.7679905],[35.211121,32.766101],[35.2097812,32.7679699],[35.2116987,32.7670008],[35.213185,32.7677725],[35.2115947,32.7686799],[35.2126578,32.769343],[35.2151356,32.7679121],[35.215559,32.7702012],[35.2132345,32.7704595],[35.2126977,32.7723619],[35.2112567,32.7718023],[35.2128581,32.7742845],[35.2110587,32.7768888],[35.213592,32.7760273],[35.2157742,32.7844209],[35.2140155,32.7858356],[35.2134832,32.789385],[35.215192,32.7921623],[35.2042162,32.7918656],[35.2051423,32.7890229],[35.2025111,32.7832526],[35.2038992,32.7810423],[35.2010031,32.7768504],[35.1982579,32.7758545],[35.2011692,32.7726374],[35.2001142,32.7697291],[35.1976346,32.7694241],[35.1879277,32.774408],[35.1882058,32.7760576],[35.1827439,32.7765922],[35.1776794,32.7865083],[35.177083,32.7914613],[35.1757638,32.7899017],[35.1720165,32.791752],[35.1681708,32.7913655],[35.166521,32.7941028],[35.1591283,32.7958228],[35.1532981,32.7878969],[35.1510741,32.7895816],[35.1485551,32.7847505],[35.1489539,32.7822214],[35.1612833,32.7789158],[35.1597364,32.77585],[35.16088,32.7727074],[35.1530892,32.7692712],[35.1547521,32.7573101],[35.1508698,32.7504339],[35.1532123,32.7485494],[35.1539505,32.7514318],[35.1562703,32.7522956],[35.15623,32.7477954],[35.1565218,32.7491909],[35.158297,32.7487644],[35.1642138,32.7446907],[35.1607722,32.7417059],[35.1616351,32.7380053],[35.1505602,32.7322538],[35.1502116,32.728932],[35.1455529,32.7283489],[35.144091,32.7242402],[35.1316979,32.7182777],[35.1315343,32.7108608],[35.1334316,32.7077346],[35.1359253,32.7075437],[35.1331477,32.7014718],[35.1307674,32.7034136],[35.1222868,32.7013665],[35.1197352,32.7038124],[35.1139857,32.7050073],[35.1105353,32.7024282],[35.1127683,32.7003908],[35.109577,32.6968915],[35.1116263,32.6916397],[35.1100787,32.6886797],[35.1114601,32.6875412],[35.1079166,32.6850943]]],[[[35.2924653,32.5760736],[35.2963592,32.5724712],[35.2970786,32.5662825],[35.3057562,32.5726477],[35.2974333,32.5802748],[35.3006502,32.5852535],[35.3162298,32.5838967],[35.3193261,32.5820654],[35.322946,32.5763743],[35.3267658,32.5796613],[35.3356602,32.581002],[35.346567,32.5889548],[35.3539459,32.6027778],[35.3357064,32.6019055],[35.3307758,32.6035326],[35.3299978,32.6062371],[35.3320487,32.6106198],[35.325566,32.6169153],[35.3237391,32.621503],[35.3191557,32.6179624],[35.3176809,32.6184963],[35.3142673,32.6110686],[35.303609,32.6097819],[35.303157,32.6059615],[35.3055283,32.6017729],[35.3035565,32.6031414],[35.299677,32.5996674],[35.2975562,32.5835944],[35.2946335,32.5852071],[35.2924653,32.5760736]]],[[[35.3100035,32.7763318],[35.3151742,32.7721885],[35.3107519,32.7694572],[35.3135747,32.768293],[35.3176004,32.7696403],[35.318237,32.7746572],[35.3134009,32.7752036],[35.3109462,32.7772087],[35.3100035,32.7763318]]]]}},{"type":"Feature","properties":{"name":"בית שאן","osm_id":1380253},"geometry":{"type":"MultiPolygon","coordinates":[[[[35.4710457,32.5222978],[35.4743812,32.5182628],[35.4902159,32.5129557],[35.4891005,32.5090634],[35.4846765,32.5045267],[35.4856299,32.4901677],[35.4922029,32.4838653],[35.4931873,32.4805945],[35.5084318,32.4800465],[35.5122256,32.4904003],[35.5108927,32.4922255],[35.5145692,32.4955681],[35.5202914,32.5081452],[35.5112281,32.5108705],[35.5001216,32.5196009],[35.4856514,32.520327],[35.480798,32.5227843],[35.4802944,32.5201259],[35.4724302,32.5240783],[35.4710457,32.5222978]]]]}},{"type":"Feature","properties":{"name":"מועצה אזורית עמק המעיינות","osm_id":1380254},"geometry":{"type":"MultiPolygon","coordinates":[[[[35.4050953,32.4841285],[35.4203042,32.4588713],[35.4160774,32.4560795],[35.4130935,32.4412612],[35.4102977,32.4364883],[35.4189432,32.4171872],[35.4307191,32.4092782],[35.4410057,32.4059419],[35.4438424,32.4075951],[35.4448311,32.4108631],[35.4482281,32.4105027],[35.4530005,32.412992],[35.4757121,32.4111461],[35.4821353,32.4093648],[35.4915043,32.4027803],[35.5276194,32.3936752],[35.5411627,32.3871571],[35.5549603,32.3890173],[35.5537743,32.391776],[35.5495579,32.3931168],[35.549869,32.395907],[35.5463607,32.4008803],[35.5510707,32.4040055],[35.5541177,32.4027826],[35.5532915,32.4002553],[35.5544181,32.3997842],[35.5605013,32.4009981],[35.5574221,32.407529],[35.5588062,32.408299],[35.5580766,32.4105634],[35.5613703,32.4111974],[35.5565531,32.4152913],[35.5589134,32.4188507],[35.5525942,32.4186152],[35.551768,32.4223737],[35.5529268,32.4260053],[35.5622394,32.4239314],[35.5619604,32.4256974],[35.5572934,32.427581],[35.5555339,32.4309045],[35.5580873,32.4362109],[35.5616278,32.4337388],[35.5658228,32.4357853],[35.5683334,32.4412906],[35.5647821,32.4418248],[35.5671425,32.445193],[35.5664236,32.452943],[35.5707044,32.453278],[35.573848,32.458746],[35.570522,32.4619053],[35.566767,32.4608643],[35.5623789,32.4634805],[35.5620999,32.465128],[35.563838,32.4656077],[35.5628509,32.4685043],[35.5658014,32.467572],[35.5674965,32.4695724],[35.5672927,32.4714642],[35.5645139,32.471247],[35.5645246,32.4742792],[35.5698783,32.4772027],[35.5691702,32.4791033],[35.5653743,32.4809637],[35.575541,32.4845522],[35.5772742,32.4872608],[35.580175,32.4874065],[35.5751176,32.4972134],[35.5700338,32.499809],[35.5674013,32.4978779],[35.5644101,32.5016167],[35.5583228,32.5020543],[35.5578255,32.50372],[35.5612249,32.5041844],[35.5645453,32.5069986],[35.5623951,32.5146007],[35.5612294,32.5136321],[35.5617357,32.5085451],[35.55992,32.5073388],[35.5603286,32.5095296],[35.5525128,32.5147493],[35.5556614,32.5170852],[35.5544725,32.5200727],[35.5554051,32.5212935],[35.5647526,32.5213752],[35.5670497,32.5251592],[35.5671752,32.5273447],[35.564434,32.526669],[35.5633237,32.5299765],[35.5598905,32.531279],[35.5604054,32.5373574],[35.5634953,32.5401793],[35.5614354,32.5448824],[35.564182,32.5449547],[35.5658128,32.5395281],[35.5694177,32.5388769],[35.5720784,32.5466912],[35.568731,32.5493681],[35.5694177,32.5519727],[35.5717351,32.551828],[35.5719926,32.5495852],[35.5734517,32.5492958],[35.5769708,32.5526238],[35.5768849,32.5571815],[35.5704476,32.5654282],[35.5723359,32.5668026],[35.5755116,32.5659346],[35.5768849,32.5685386],[35.5780007,32.5803282],[35.5758184,32.5857427],[35.5781081,32.5970235],[35.5719594,32.5982132],[35.5691459,32.5960388],[35.5671797,32.596553],[35.5663604,32.6032444],[35.5725076,32.6061442],[35.5727651,32.6137357],[35.5675294,32.6221941],[35.5644322,32.6248118],[35.5615258,32.6247368],[35.5634655,32.6291286],[35.5660973,32.6294815],[35.5679282,32.6328797],[35.566888,32.6348322],[35.5611779,32.6373015],[35.5671861,32.6393253],[35.5681302,32.6423608],[35.5668427,32.64424],[35.5612638,32.6459022],[35.5640611,32.6477111],[35.5713604,32.6471412],[35.5698308,32.6497727],[35.5701924,32.6545632],[35.5751161,32.6605767],[35.5672092,32.6624297],[35.5655346,32.6614382],[35.5662281,32.6604105],[35.5646492,32.6608814],[35.5652143,32.6648354],[35.5632446,32.6692481],[35.5566733,32.6747307],[35.5573918,32.6774947],[35.5620511,32.6812602],[35.5615527,32.6829464],[35.5402434,32.6819957],[35.539347,32.6762832],[35.5323774,32.6792912],[35.5364001,32.6718334],[35.5390823,32.6708668],[35.5359624,32.6683049],[35.5325587,32.668722],[35.5311024,32.6668425],[35.5358325,32.6610628],[35.5354978,32.6586237],[35.5394296,32.6553842],[35.5451906,32.6569447],[35.5448665,32.6552825],[35.5497516,32.6520298],[35.556681,32.654882],[35.5580204,32.6537031],[35.5552087,32.6457605],[35.5564474,32.6443795],[35.5547785,32.6375483],[35.5535636,32.6374223],[35.5521268,32.6316032],[35.5551996,32.6313884],[35.5537814,32.6301707],[35.5540604,32.6273358],[35.5486331,32.6245962],[35.5406908,32.6148831],[35.5398207,32.6098122],[35.540999,32.6075529],[35.530302,32.6056535],[35.5328972,32.6085252],[35.5318495,32.6106836],[35.5164749,32.6135838],[35.5091447,32.6076768],[35.5194932,32.6042568],[35.5211569,32.6021939],[35.519544,32.5985601],[35.5205199,32.597127],[35.518099,32.595724],[35.5149428,32.5898151],[35.5092875,32.591468],[35.5063621,32.5860305],[35.5100896,32.5845427],[35.5043534,32.5777131],[35.5170054,32.5733385],[35.5262914,32.5739819],[35.5290336,32.5712842],[35.5283544,32.5674707],[35.521669,32.5656452],[35.5206265,32.5597128],[35.5135223,32.5529539],[35.5132751,32.5509308],[35.5148062,32.550219],[35.5214169,32.5501157],[35.518227,32.5460039],[35.5123511,32.5444122],[35.5004266,32.5495599],[35.4989987,32.5480066],[35.4946127,32.5513696],[35.4897235,32.5446593],[35.4822943,32.5414079],[35.4797242,32.5368717],[35.4762338,32.5355841],[35.4726891,32.5259296],[35.4724302,32.5240783],[35.4802944,32.5201259],[35.480798,32.5227843],[35.4856514,32.520327],[35.5007891,32.519381],[35.5112281,32.5108705],[35.5202914,32.5081452],[35.5145692,32.4955681],[35.5108927,32.4922255],[35.5122256,32.4904003],[35.5084318,32.4800465],[35.4936818,32.4802503],[35.4898354,32.4867907],[35.4856299,32.4901677],[35.4846765,32.5045267],[35.4891005,32.5090634],[35.4902159,32.5129557],[35.4715129,32.5199371],[35.4588736,32.5205687],[35.4520825,32.5232914],[35.4476274,32.5212844],[35.443542,32.5130603],[35.4328419,32.5031639],[35.416945,32.4934286],[35.4055638,32.4903707],[35.4065749,32.4873153],[35.4050953,32.4841285]]],[[[35.492749,32.6173978],[35.4977146,32.6127596],[35.4943566,32.6117],[35.4959312,32.6095105],[35.5023895,32.6068307],[35.5027174,32.6113962],[35.5116846,32.6153543],[35.5051359,32.618769],[35.5022983,32.6170974],[35.4977388,32.621875],[35.492749,32.6173978]]]]}},{"type":"Feature","properties":{"name":"מועצה אזורית נחל שורק","osm_id":1380374},"geometry":{"type":"MultiPolygon","coordinates":[[[[34.7720176,31.7927198],[34.775301,31.7882897],[34.7777453,31.7762592],[34.7844677,31.7609699],[34.7872927,31.7602078],[34.7918116,31.7617347],[34.796461,31.7573629],[34.7995385,31.7602727],[34.7947881,31.7641557],[34.8146803,31.7802558],[34.8230963,31.7802059],[34.818743,31.7829445],[34.8202375,31.7885143],[34.8284422,31.7837814],[34.8348609,31.7838636],[34.8370223,31.7886217],[34.8519792,31.7871076],[34.849581,31.7889365],[34.8495578,31.7949982],[34.8400901,31.79214],[34.8359698,31.7949995],[34.8357118,31.7987292],[34.8427373,31.802969],[34.8718015,31.8087663],[34.866605,31.8237004],[34.8626647,31.8274278],[34.8533984,31.8271061],[34.8520925,31.825833],[34.8494851,31.826861],[34.8474744,31.822351],[34.8453,31.8222527],[34.8452491,31.8259356],[34.8400114,31.8255015],[34.8397254,31.8241257],[34.82282,31.8261273],[34.8224569,31.8210652],[34.8157595,31.822959],[34.8143368,31.8186329],[34.8117627,31.8188344],[34.8136829,31.8183581],[34.813785,31.8116403],[34.8119545,31.8118787],[34.8136789,31.8097644],[34.8085671,31.8043632],[34.8031478,31.8054367],[34.8000735,31.8007064],[34.7937259,31.8018235],[34.793742,31.8048317],[34.7904529,31.7980449],[34.7880953,31.7984079],[34.7874054,31.793629],[34.7739812,31.7966736],[34.7720176,31.7927198]]]]}},{"type":"Feature","properties":{"name":"קרית מלאכי","osm_id":1380385},"geometry":{"type":"MultiPolygon","coordinates":[[[[34.7332208,31.7263787],[34.7404573,31.7180903],[34.7501592,31.7283106],[34.7580811,31.7338026],[34.7585097,31.7367769],[34.7522206,31.7399044],[34.7456783,31.7398145],[34.7430802,31.7437791],[34.7412206,31.7368942],[34.7343537,31.7366128],[34.7357054,31.7303669],[34.7332208,31.7263787]]],[[[34.7546807,31.7215416],[34.7669424,31.7183992],[34.7680362,31.7227827],[34.7714153,31.7247033],[34.7632237,31.7287449],[34.7567142,31.7293283],[34.7546807,31.7215416]]]]}},{"type":"Feature","properties":{"name":"יבנה","osm_id":1380415},"geometry":{"type":"MultiPolygon","coordinates":[[[[34.6719716,31.8877305],[34.6864735,31.8821243],[34.6953857,31.881779],[34.720029,31.8745863],[34.7128808,31.8598581],[34.712998,31.8581478],[34.7160758,31.8575404],[34.7148076,31.8537293],[34.7192412,31.851815],[34.7230232,31.8585293],[34.7252605,31.8589739],[34.7258591,31.8607478],[34.7281603,31.8603765],[34.7284604,31.8626375],[34.7357426,31.8605647],[34.735425,31.8587917],[34.7398785,31.8574694],[34.7392612,31.8550081],[34.7364246,31.8557143],[34.7258998,31.8480988],[34.7356032,31.8434921],[34.7394378,31.8518443],[34.7578881,31.8514421],[34.7537864,31.8571169],[34.7539705,31.8643796],[34.7521805,31.8680834],[34.7535499,31.8748296],[34.7521946,31.8796833],[34.743669,31.8803073],[34.7418044,31.8821736],[34.7404104,31.894222],[34.741793,31.8999453],[34.7361826,31.9020545],[34.7348671,31.8993191],[34.732772,31.9000677],[34.7270197,31.9160796],[34.7003101,31.9198249],[34.7016644,31.9164445],[34.7000231,31.913692],[34.6967821,31.9129616],[34.6970003,31.9083587],[34.6941978,31.9046929],[34.6978377,31.904119],[34.6964173,31.9024754],[34.698244,31.9015149],[34.6926003,31.8967465],[34.6782456,31.9006672],[34.6719716,31.8877305]]]]}},{"type":"Feature","properties":{"name":"מועצה אזורית גן רווה","osm_id":1380425},"geometry":{"type":"MultiPolygon","coordinates":[[[[34.6782456,31.9006672],[34.6933864,31.8968386],[34.698244,31.9015149],[34.6964173,31.9024754],[34.6978377,31.904119],[34.6941978,31.9046929],[34.6970003,31.9083587],[34.6967821,31.9129616],[34.7000231,31.913692],[34.7016644,31.9164445],[34.7003101,31.9198249],[34.7270197,31.9160796],[34.732772,31.9000677],[34.7348671,31.8993191],[34.7361826,31.9020545],[34.741793,31.8999453],[34.7404104,31.894222],[34.7410045,31.8838191],[34.743669,31.8803073],[34.7521946,31.8796833],[34.7535499,31.8748296],[34.7526766,31.8675638],[34.7641779,31.8775786],[34.7686026,31.8753328],[34.7780479,31.8875377],[34.767497,31.8925006],[34.7683677,31.8937243],[34.766319,31.8961409],[34.7621869,31.898212],[34.764701,31.9048876],[34.7578682,31.9113453],[34.7613984,31.9151954],[34.7699069,31.9127998],[34.7708661,31.913816],[34.7742666,31.9101295],[34.7731899,31.9159598],[34.7786426,31.9162828],[34.7785863,31.9213922],[34.7804389,31.9235818],[34.780086,31.9261396],[34.777049,31.9239724],[34.7804167,31.9368659],[34.7785012,31.9363145],[34.7814802,31.9444452],[34.7768733,31.9473422],[34.7711289,31.9474197],[34.7723696,31.9484763],[34.7705118,31.9491924],[34.7574417,31.9481077],[34.7554956,31.9519084],[34.7478851,31.9446663],[34.7275686,31.9445669],[34.7155211,31.952986],[34.7084695,31.9538178],[34.7055441,31.9464509],[34.6896037,31.9240768],[34.6782456,31.9006672]]]]}},{"type":"Feature","properties":{"name":"מועצה אזורית ברנר","osm_id":1380426},"geometry":{"type":"MultiPolygon","coordinates":[[[[34.7349137,31.8388663],[34.7473651,31.8393855],[34.7581469,31.8368678],[34.7633253,31.8373076],[34.767025,31.8336475],[34.7672254,31.8358743],[34.7762887,31.8363569],[34.7775075,31.8336925],[34.7840207,31.8359446],[34.8009959,31.8302013],[34.798951,31.8248325],[34.7928421,31.8261991],[34.7893444,31.8249902],[34.7840527,31.8279962],[34.7836552,31.8264448],[34.7817676,31.8279249],[34.7782336,31.8275506],[34.7758671,31.8249257],[34.7887489,31.8195502],[34.7892498,31.8128308],[34.7874431,31.8111185],[34.7943343,31.8064576],[34.7937259,31.8018235],[34.8000735,31.8007064],[34.8031478,31.8054367],[34.8085671,31.8043632],[34.8136789,31.8097644],[34.8119545,31.8118787],[34.813785,31.8116403],[34.8136829,31.8183581],[34.8117627,31.8188344],[34.8143368,31.8186329],[34.8157595,31.822959],[34.8224569,31.8210652],[34.82282,31.8261273],[34.8285283,31.8256688],[34.8306245,31.838422],[34.8269272,31.8396774],[34.8264053,31.843026],[34.8230552,31.844963],[34.8249574,31.8498925],[34.8219891,31.8529725],[34.8217585,31.8553839],[34.8160483,31.8587041],[34.8070763,31.8597444],[34.8145101,31.8663637],[34.8061387,31.8713647],[34.7986004,31.8730984],[34.7988992,31.8758915],[34.802565,31.8807314],[34.8025507,31.8818016],[34.7986022,31.881226],[34.7988865,31.8844791],[34.7956056,31.883188],[34.7961921,31.8810258],[34.791648,31.8800194],[34.7914761,31.8760989],[34.7891652,31.875726],[34.7749682,31.882475],[34.7686026,31.8753328],[34.7641779,31.8775786],[34.7607838,31.8745234],[34.7642679,31.8713104],[34.7657515,31.8620057],[34.7695209,31.8585759],[34.7724158,31.8526933],[34.7613746,31.8458878],[34.7583469,31.851413],[34.7394378,31.8518443],[34.7349137,31.8388663]]],[[[34.7966531,31.886749],[34.800544,31.8858368],[34.8040148,31.890578],[34.7983311,31.8916413],[34.7966531,31.886749]]]]}},{"type":"Feature","properties":{"name":"מועצה אזורית גזר","osm_id":1381347},"geometry":{"type":"MultiPolygon","coordinates":[[[[34.8098812,31.921762],[34.8101734,31.9208082],[34.8101051,31.9217708],[34.8098812,31.921762]]],[[[34.8138994,31.9204758],[34.8189649,31.92028],[34.8234313,31.9146185],[34.8301122,31.9182202],[34.8308026,31.9163217],[34.8332893,31.9175549],[34.8344234,31.9157935],[34.8332377,31.9128119],[34.8355211,31.9122401],[34.8352908,31.9105108],[34.8389394,31.9115967],[34.8429268,31.908281],[34.8467828,31.908762],[34.8469149,31.9073962],[34.8511431,31.907076],[34.8450792,31.9015809],[34.8281686,31.8799633],[34.8246788,31.8811018],[34.8184581,31.878974],[34.8195739,31.869549],[34.8296238,31.8661775],[34.833256,31.8675309],[34.8364811,31.8667552],[34.838087,31.8623499],[34.8306367,31.8596282],[34.8284234,31.8527114],[34.8295942,31.8520127],[34.8217585,31.8553839],[34.8219891,31.8529725],[34.8249574,31.8498925],[34.8226791,31.8462014],[34.8265444,31.8428269],[34.8269272,31.8396774],[34.8381043,31.8369716],[34.8338242,31.8434487],[34.8304853,31.84339],[34.8310262,31.850865],[34.8343245,31.8520862],[34.8362225,31.8579306],[34.8408151,31.8587867],[34.8404043,31.8575277],[34.8547133,31.8546042],[34.8514765,31.8515738],[34.8600568,31.8491901],[34.8494851,31.826861],[34.8520925,31.825833],[34.8533984,31.8271061],[34.8617443,31.8275561],[34.8656212,31.8254695],[34.8718015,31.8087663],[34.9000498,31.8107212],[34.9168861,31.81509],[34.9125176,31.8185544],[34.9100789,31.8318193],[34.9246261,31.8427156],[34.9295593,31.8398039],[34.9335634,31.8406041],[34.9366725,31.8441459],[34.9381267,31.8488497],[34.9417228,31.8472198],[34.9455913,31.8480236],[34.9460197,31.8492831],[34.9513535,31.8502945],[34.9509882,31.8513478],[34.9538858,31.850881],[34.9615826,31.8544563],[34.9993393,31.8541412],[35.0167934,31.8567365],[35.0303334,31.8562727],[35.0336896,31.8588421],[35.0361929,31.8672333],[35.0296348,31.8709465],[35.0180331,31.8617652],[35.006062,31.86056],[35.0014675,31.8580772],[34.9991714,31.8589875],[35.0021015,31.863987],[35.0010784,31.8680707],[34.9897124,31.8760426],[34.9702727,31.879926],[34.955618,31.8763417],[34.9408572,31.8925993],[34.9354436,31.9090424],[34.9313438,31.9095721],[34.9306636,31.9144715],[34.9283524,31.9175152],[34.9252299,31.9184767],[34.9237737,31.9156559],[34.9201461,31.9164769],[34.9186502,31.924171],[34.9060868,31.9229776],[34.9054095,31.9246851],[34.8988074,31.9267791],[34.8971911,31.9228269],[34.8953017,31.9230608],[34.8961733,31.9212236],[34.8981332,31.9210821],[34.897003,31.9175689],[34.8985482,31.916907],[34.8964321,31.909362],[34.8937336,31.9105011],[34.8782728,31.909486],[34.860655,31.9176337],[34.8375039,31.9217781],[34.8421179,31.9251221],[34.8448411,31.9299583],[34.835789,31.9321379],[34.8333716,31.9317831],[34.8343818,31.9269106],[34.8290805,31.92756],[34.8160014,31.9250896],[34.8138994,31.9204758]]]]}},{"type":"Feature","properties":{"name":"מבשרת ציון","osm_id":1381348},"geometry":{"type":"MultiPolygon","coordinates":[[[[35.1324412,31.7960386],[35.1366458,31.7923576],[35.1340608,31.7904312],[35.1337975,31.7880302],[35.1365307,31.7852622],[35.1380451,31.7867453],[35.1379929,31.7823073],[35.1406885,31.7814314],[35.1471669,31.7868028],[35.1517961,31.7866384],[35.1520297,31.7969322],[35.1634187,31.7953986],[35.1686486,31.7994269],[35.167968,31.8034232],[35.1706873,31.8033937],[35.1716554,31.8059728],[35.1702036,31.8083976],[35.1483688,31.8119911],[35.1423786,31.8084543],[35.1425627,31.8038909],[35.1390319,31.8029436],[35.1392899,31.7979772],[35.1324412,31.7960386]]]]}},{"type":"Feature","properties":{"name":"מזכרת בתיה","osm_id":1381349},"geometry":{"type":"MultiPolygon","coordinates":[[[[34.8285283,31.8256688],[34.8397254,31.8241257],[34.8400114,31.8255015],[34.8452491,31.8259356],[34.8453,31.8222527],[34.8474744,31.822351],[34.8600568,31.8491901],[34.8514765,31.8515738],[34.8547133,31.8546042],[34.8404043,31.8575277],[34.8408151,31.8587867],[34.8362225,31.8579306],[34.8343245,31.8520862],[34.8310262,31.850865],[34.8304853,31.84339],[34.8338242,31.8434487],[34.8381376,31.8370149],[34.8306305,31.8385324],[34.8285283,31.8256688]]]]}},{"type":"Feature","properties":{"name":"ירושלים","osm_id":1381350},"geometry":{"type":"MultiPolygon","coordinates":[[[[35.0855276,31.7532159],[35.0864158,31.7485935],[35.0931626,31.7498741],[35.0963866,31.7397296],[35.1013826,31.7420007],[35.1115669,31.7397002],[35.1180478,31.7449147],[35.127622,31.7492234],[35.1263652,31.7523715],[35.1213438,31.7540053],[35.119744,31.7509616],[35.1147761,31.7493164],[35.1066608,31.7530377],[35.1069939,31.7569998],[35.1053474,31.7599119],[35.0965687,31.7590284],[35.0943946,31.7605663],[35.0918552,31.7579047],[35.0888449,31.7576195],[35.0887296,31.7548523],[35.0855276,31.7532159]]],[[[35.1259524,31.7789144],[35.1260758,31.7742783],[35.1291817,31.7742094],[35.134099,31.7767704],[35.1376355,31.7744908],[35.1400356,31.7706758],[35.1387306,31.7621323],[35.1505717,31.7622187],[35.1510726,31.7643573],[35.1540773,31.7643874],[35.1528506,31.7593525],[35.1550044,31.757808],[35.1548521,31.7601719],[35.1579308,31.7605697],[35.160528,31.7560802],[35.1597303,31.7536431],[35.1532003,31.7516523],[35.1526637,31.7486255],[35.1498086,31.7488984],[35.1490282,31.744985],[35.1454981,31.7465423],[35.1449577,31.7381145],[35.1426233,31.7354841],[35.1412457,31.7352093],[35.1416375,31.7369898],[35.1395371,31.7395103],[35.1415221,31.7416752],[35.1388861,31.7438641],[35.1368466,31.7419045],[35.1370378,31.7291683],[35.1410669,31.7291707],[35.1508681,31.7366682],[35.154033,31.7336056],[35.165008,31.7323469],[35.1797631,31.7205453],[35.2057582,31.7236093],[35.2190327,31.7155775],[35.2245196,31.7190039],[35.2285285,31.7175602],[35.2312467,31.712947],[35.2390761,31.7096214],[35.2427696,31.7122357],[35.2437958,31.719956],[35.2497885,31.7255021],[35.2515395,31.7388376],[35.25819,31.7424424],[35.263365,31.7485727],[35.2594597,31.7524723],[35.2597816,31.7568714],[35.2529193,31.7629286],[35.2517454,31.7701832],[35.2535557,31.7706781],[35.2575916,31.7853605],[35.2629958,31.789966],[35.2599128,31.7922988],[35.2594397,31.8009212],[35.2564845,31.8037723],[35.2572389,31.8107755],[35.2553757,31.8128455],[35.2607421,31.8194927],[35.2613798,31.8229955],[35.2650458,31.8255465],[35.2588652,31.8290111],[35.2510963,31.830389],[35.2570627,31.838294],[35.2510405,31.843904],[35.2422414,31.8452941],[35.2333695,31.841954],[35.2300735,31.8426476],[35.2249469,31.8528876],[35.2256862,31.8594967],[35.2279897,31.8634111],[35.2256103,31.8674504],[35.2230116,31.8788275],[35.220211,31.8826655],[35.2070444,31.8816621],[35.2041564,31.8706964],[35.2064768,31.8653537],[35.2114614,31.8629902],[35.2145319,31.8507563],[35.2138071,31.8471154],[35.2162139,31.8390209],[35.2151245,31.8190393],[35.2098308,31.8171357],[35.2101,31.8197636],[35.2076299,31.820586],[35.2067137,31.823375],[35.194737,31.8265811],[35.1841421,31.8259395],[35.1818078,31.8208113],[35.1876283,31.8093707],[35.1694389,31.8084162],[35.1716465,31.8048243],[35.1704833,31.8032928],[35.167968,31.8034232],[35.1692483,31.8007104],[35.1676959,31.7983768],[35.1614108,31.7944533],[35.1631147,31.7920068],[35.1531403,31.7899739],[35.1517961,31.7866384],[35.1471669,31.7868028],[35.1406885,31.7814314],[35.1379929,31.7823073],[35.1380451,31.7867453],[35.1365307,31.7852622],[35.1337975,31.7880302],[35.1340608,31.7904312],[35.1366458,31.7923576],[35.1355384,31.7938626],[35.1332508,31.7933673],[35.1297764,31.7853039],[35.1313668,31.7821028],[35.1259524,31.7789144]]]]}},{"type":"Feature","properties":{"name":"קרית עקרון","osm_id":1381394},"geometry":{"type":"MultiPolygon","coordinates":[[[[34.8070763,31.8597444],[34.8160483,31.8587041],[34.8295942,31.8520127],[34.8284234,31.8527114],[34.8306367,31.8596282],[34.838087,31.8623499],[34.8372447,31.8664334],[34.833256,31.8675309],[34.8296238,31.8661775],[34.8212831,31.8682589],[34.8193371,31.8710098],[34.8070763,31.8597444]]]]}},{"type":"Feature","properties":{"name":"מודיעין-מכבים-רעות","osm_id":1381425},"geometry":{"type":"MultiPolygon","coordinates":[[[[34.9354436,31.9090424],[34.9408572,31.8925993],[34.955618,31.8763417],[34.9702727,31.879926],[34.9897124,31.8760426],[35.0010784,31.8680707],[35.0021015,31.863987],[34.9991714,31.8589875],[35.0014675,31.8580772],[35.006062,31.86056],[35.0180331,31.8617652],[35.0296348,31.8709465],[35.0361929,31.8672333],[35.0391439,31.8858722],[35.0380068,31.8879478],[35.0388726,31.9028038],[35.0259157,31.9028333],[35.0208413,31.9055839],[35.0145988,31.91593],[35.002052,31.9248917],[34.99377,31.9280029],[34.9905255,31.9321433],[34.9817497,31.9306232],[34.9740776,31.93277],[34.9694263,31.9303265],[34.9638185,31.9317561],[34.9643454,31.9282055],[34.9588429,31.9228249],[34.9565116,31.9180718],[34.9509163,31.9144611],[34.9503978,31.911271],[34.9477311,31.9104799],[34.9416733,31.9143312],[34.9367063,31.9129304],[34.9354436,31.9090424]]]]}},{"type":"Feature","properties":{"name":"מועצה אזורית חבל מודיעין","osm_id":1381426},"geometry":{"type":"MultiPolygon","coordinates":[[[[34.890387,31.9251856],[34.8959501,31.9244118],[34.8971911,31.9228269],[34.8988074,31.9267791],[34.9054095,31.9246851],[34.9060868,31.9229776],[34.9186502,31.924171],[34.9201461,31.9164769],[34.9237737,31.9156559],[34.9252299,31.9184767],[34.9283524,31.9175152],[34.9306636,31.9144715],[34.9313438,31.9095721],[34.9358019,31.9089785],[34.9367063,31.9129304],[34.9416733,31.9143312],[34.9477311,31.9104799],[34.9503978,31.911271],[34.9509163,31.9144611],[34.9565116,31.9180718],[34.9588429,31.9228249],[34.9643454,31.9282055],[34.9638185,31.9317561],[34.9694263,31.9303265],[34.9740776,31.93277],[34.9817497,31.9306232],[34.9905255,31.9321433],[34.99377,31.9280029],[35.002052,31.9248917],[35.0145988,31.91593],[35.0208413,31.9055839],[35.0259157,31.9028333],[35.0388726,31.9028038],[35.0380727,31.9106797],[35.0344636,31.919466],[35.0310587,31.9234712],[35.02753,31.9254363],[35.0137048,31.9271517],[35.0031689,31.9348399],[35.002835,31.9391754],[35.0087895,31.9436488],[35.0052263,31.9490497],[35.0008107,31.9501688],[34.9946338,31.9555742],[34.9903168,31.9610005],[34.987362,31.9685184],[34.9868387,31.9706001],[34.9940685,31.9727834],[34.9991542,31.9935522],[34.9995502,32.0174887],[35.0051949,32.0218512],[35.0027995,32.0404603],[34.999616,32.0518565],[34.9680576,32.0509173],[34.9665385,32.0442348],[34.9642418,32.0456502],[34.9571555,32.0454225],[34.9533941,32.0438494],[34.9541356,32.0412428],[34.9515625,32.0412828],[34.9455013,32.0469382],[34.9392606,32.0583615],[34.9265405,32.0590502],[34.9218415,32.0654708],[34.9182039,32.0676745],[34.9031433,32.0666786],[34.9080409,32.0235502],[34.9055457,32.0215796],[34.9067198,32.0139021],[34.900527,32.0138025],[34.900449,32.0101298],[34.9069293,32.0110901],[34.9069557,32.0090303],[34.9126762,32.0086835],[34.9097388,31.9998649],[34.9057588,31.9997366],[34.9051355,31.9966286],[34.9087215,31.99562],[34.9054933,31.9904863],[34.9065276,31.989884],[34.9043796,31.9837824],[34.9047546,31.9795296],[34.9016378,31.9797998],[34.9012065,31.9714699],[34.9053261,31.9747654],[34.9088706,31.974227],[34.9210653,31.9670599],[34.9190402,31.9664467],[34.9127672,31.9694053],[34.9080119,31.965006],[34.9096249,31.963785],[34.9070318,31.960555],[34.9114536,31.956834],[34.9073414,31.9569889],[34.9155655,31.9479633],[34.9147284,31.9436678],[34.9128367,31.9423221],[34.9123522,31.9451161],[34.904384,31.943403],[34.9028495,31.9415575],[34.9044437,31.9393258],[34.9007885,31.9371015],[34.8986518,31.9324316],[34.8920817,31.9343566],[34.8916121,31.9328203],[34.8964993,31.9315307],[34.8954216,31.9287494],[34.8924886,31.9281629],[34.890387,31.9251856]]],[[[34.9427607,32.0588617],[34.9430754,32.0558217],[34.9471612,32.0539031],[34.9545012,32.0541206],[34.9449387,32.0593311],[34.9443038,32.0579571],[34.9427607,32.0588617]]]]}},{"type":"Feature","properties":{"name":"רמלה","osm_id":1381458},"geometry":{"type":"MultiPolygon","coordinates":[[[[34.8375039,31.9217781],[34.8600518,31.9178145],[34.8805882,31.909212],[34.8937336,31.9105011],[34.8964321,31.909362],[34.8985482,31.916907],[34.897003,31.9175689],[34.8981332,31.9210821],[34.8955645,31.9216907],[34.8963528,31.9240526],[34.890387,31.9251856],[34.8924886,31.9281629],[34.8954216,31.9287494],[34.8964993,31.9315307],[34.8879705,31.9341211],[34.8883409,31.9370186],[34.8840655,31.9395358],[34.8800259,31.9391371],[34.8722651,31.9421478],[34.8706597,31.9396113],[34.8694497,31.9398554],[34.8706583,31.9421335],[34.8678268,31.9423594],[34.8549338,31.9401823],[34.8448186,31.9300682],[34.8421179,31.9251221],[34.8375039,31.9217781]]]]}},{"type":"Feature","properties":{"name":"באר יעקב","osm_id":1381478},"geometry":{"type":"MultiPolygon","coordinates":[[[[34.8176931,31.9404867],[34.8178098,31.93518],[34.82195,31.935052],[34.8207326,31.931125],[34.8221768,31.9305708],[34.8232805,31.9262594],[34.8343818,31.9269106],[34.8335243,31.9321885],[34.8453661,31.9299627],[34.8549338,31.9401823],[34.8639019,31.9416918],[34.8587929,31.9473505],[34.8490128,31.9633539],[34.8366255,31.9590238],[34.8343276,31.9466967],[34.8269805,31.943829],[34.8212844,31.9440778],[34.8176931,31.9404867]]],[[[34.8355057,31.9669436],[34.8376656,31.9631641],[34.8483805,31.9642422],[34.8440137,31.9692324],[34.8355057,31.9669436]]]]}},{"type":"Feature","properties":{"name":"לוד","osm_id":1381532},"geometry":{"type":"MultiPolygon","coordinates":[[[[34.8612328,31.9671464],[34.8630847,31.9646344],[34.8682105,31.9655799],[34.8696392,31.958527],[34.8715256,31.9570539],[34.8690129,31.9487305],[34.8717491,31.948912],[34.8709557,31.9444159],[34.8724528,31.9439756],[34.8678268,31.9423594],[34.8706583,31.9421335],[34.8694497,31.9398554],[34.8722651,31.9421478],[34.8800259,31.9391371],[34.8840655,31.9395358],[34.8883409,31.9370186],[34.8879705,31.9341211],[34.8914699,31.932736],[34.8933318,31.9346428],[34.8986518,31.9324316],[34.9007885,31.9371015],[34.9044437,31.9393258],[34.9028495,31.9415575],[34.904384,31.943403],[34.9123522,31.9451161],[34.9128367,31.9423221],[34.9147284,31.9436678],[34.9155655,31.9479633],[34.9073414,31.9569889],[34.9114536,31.956834],[34.9070318,31.960555],[34.9096249,31.963785],[34.9080119,31.965006],[34.9127672,31.9694053],[34.9190402,31.9664467],[34.9210653,31.9670599],[34.9088706,31.974227],[34.9053261,31.9747654],[34.9012065,31.9714699],[34.9003004,31.9685597],[34.8979488,31.9715182],[34.8832654,31.9714852],[34.8765498,31.9690845],[34.8710103,31.9733186],[34.8612328,31.9671464]]]]}},{"type":"Feature","properties":{"name":"מועצה אזורית שדות דן","osm_id":1381544},"geometry":{"type":"MultiPolygon","coordinates":[[[[34.8143548,32.0105172],[34.8212853,32.0012617],[34.8357041,32.0077764],[34.8382828,32.0059291],[34.8348728,32.002602],[34.8380123,32.0010617],[34.8361912,31.997174],[34.8344709,31.9975281],[34.8354845,31.9943976],[34.8339268,31.9888259],[34.8311577,31.9873554],[34.8639019,31.9416918],[34.8724528,31.9439756],[34.8709557,31.9444159],[34.8717491,31.948912],[34.8690129,31.9487305],[34.8715256,31.9570539],[34.8696392,31.958527],[34.8682105,31.9655799],[34.8630847,31.9646344],[34.8612395,31.9675557],[34.8710103,31.9733186],[34.8765498,31.9690845],[34.8832654,31.9714852],[34.8979488,31.9715182],[34.9003004,31.9685597],[34.9016739,31.9805911],[34.8876412,31.9879567],[34.8791313,31.9952584],[34.8740486,31.9959311],[34.8680755,31.9931654],[34.8603658,32.0084334],[34.8503489,32.0092117],[34.8499744,32.0107225],[34.8459047,32.0100893],[34.8497934,32.0116399],[34.8493716,32.0135689],[34.8514569,32.0138634],[34.8514739,32.0167172],[34.8525616,32.0141739],[34.8595602,32.0162758],[34.8565523,32.0178419],[34.8531064,32.0168178],[34.8536969,32.0189508],[34.8503589,32.021964],[34.8492535,32.0223712],[34.8472182,32.019483],[34.8452423,32.0223391],[34.8397692,32.021349],[34.8369905,32.0256912],[34.8294862,32.0274293],[34.8143548,32.0105172]]]]}},{"type":"Feature","properties":{"name":"קרית יערים","osm_id":1381559},"geometry":{"type":"MultiPolygon","coordinates":[[[[35.0912935,31.8012669],[35.1041097,31.801706],[35.1072474,31.8039311],[35.1030839,31.8063334],[35.0996274,31.8037265],[35.0930327,31.8040799],[35.0912935,31.8012669]]],[[[35.09232,31.8131194],[35.0940593,31.8072932],[35.098646,31.805474],[35.1030509,31.8063857],[35.0993163,31.8062255],[35.0963283,31.8084832],[35.0947033,31.8136134],[35.09232,31.8131194]]],[[[35.1013351,31.8090415],[35.1034934,31.8068517],[35.1027311,31.8094732],[35.1013351,31.8090415]]]]}},{"type":"Feature","properties":{"name":"أبو غوش‎","osm_id":1381564},"geometry":{"type":"MultiPolygon","coordinates":[[[[35.0946778,31.8136642],[35.0967464,31.8081341],[35.0999161,31.8059633],[35.1049997,31.8062301],[35.1072474,31.8039311],[35.1041115,31.8016829],[35.1096901,31.8017383],[35.1185086,31.7990987],[35.1221245,31.7998346],[35.1221796,31.8013148],[35.1146764,31.8063328],[35.1147269,31.8091598],[35.1127088,31.8098341],[35.1140816,31.8103781],[35.1106745,31.8133877],[35.1060881,31.8132449],[35.1056389,31.8111394],[35.1024333,31.8101888],[35.1014875,31.8128322],[35.0946778,31.8136642]]],[[[35.1026523,31.8060807],[35.1026643,31.8059716],[35.1027282,31.8060267],[35.1026523,31.8060807]]]]}},{"type":"Feature","properties":{"name":"ראשון לציון","osm_id":1382177},"geometry":{"type":"MultiPolygon","coordinates":[[[[34.7084695,31.9538178],[34.7155211,31.952986],[34.7275686,31.9445669],[34.7478851,31.9446663],[34.7554956,31.9519084],[34.7574417,31.9481077],[34.7705118,31.9491924],[34.7723696,31.9484763],[34.7711289,31.9474197],[34.7790075,31.9466476],[34.7814802,31.9444452],[34.7797474,31.9412294],[34.8003898,31.9412738],[34.8009711,31.9452463],[34.8049952,31.9446449],[34.8045818,31.9419428],[34.818301,31.9399666],[34.8212844,31.9440778],[34.8269805,31.943829],[34.8343276,31.9466967],[34.8366255,31.9590238],[34.8490128,31.9633539],[34.8376656,31.9631641],[34.83596,31.9650152],[34.8356247,31.9670327],[34.8440137,31.9692324],[34.8147651,32.0099549],[34.8117481,32.0066048],[34.807369,31.9942882],[34.7999675,31.9959574],[34.7963523,31.9887223],[34.7795312,31.990925],[34.7649642,31.9967105],[34.7617486,31.9928399],[34.7584954,31.9949045],[34.7582029,31.9924905],[34.7499036,31.9967249],[34.7481934,31.9952701],[34.7464143,31.9959838],[34.747736,32.0001536],[34.7460683,32.0010412],[34.7448746,31.9974994],[34.7287471,32.0048475],[34.7084695,31.9538178]]]]}},{"type":"Feature","properties":{"name":"בית דגן","osm_id":1382242},"geometry":{"type":"MultiPolygon","coordinates":[[[[34.8212853,32.0012617],[34.8311577,31.9873554],[34.8330186,31.9877851],[34.8354845,31.9943976],[34.8344709,31.9975281],[34.8361912,31.997174],[34.8380123,32.0010617],[34.8348728,32.002602],[34.8382828,32.0059291],[34.8357041,32.0077764],[34.8212853,32.0012617]]]]}},{"type":"Feature","properties":{"name":"בת ים","osm_id":1382458},"geometry":{"type":"MultiPolygon","coordinates":[[[[34.7287471,32.0048475],[34.7448746,31.9974994],[34.7460683,32.0010412],[34.747736,32.0001536],[34.7464143,31.9959838],[34.7481934,31.9952701],[34.7499036,31.9967249],[34.7582029,31.9924905],[34.7592747,32.0013709],[34.7552863,32.0020185],[34.7576601,32.0081234],[34.7611191,32.0074429],[34.7617704,32.0102725],[34.7594835,32.0329286],[34.7559292,32.0335029],[34.755268,32.0311522],[34.7498687,32.0293437],[34.739131,32.0337564],[34.7287471,32.0048475]]]]}},{"type":"Feature","properties":{"name":"אזור","osm_id":1382459},"geometry":{"type":"MultiPolygon","coordinates":[[[[34.7905842,32.0328423],[34.8053303,32.0217447],[34.8143548,32.0105172],[34.8253263,32.0233397],[34.8159265,32.0218869],[34.7988733,32.0341582],[34.7970671,32.0323136],[34.7915696,32.0344888],[34.7905842,32.0328423]]]]}},{"type":"Feature","properties":{"name":"חולון","osm_id":1382460},"geometry":{"type":"MultiPolygon","coordinates":[[[[34.7552863,32.0020185],[34.7592747,32.0013709],[34.7583269,31.9949883],[34.7617486,31.9928399],[34.7649642,31.9967105],[34.7795312,31.990925],[34.7963523,31.9887223],[34.7999675,31.9959574],[34.807369,31.9942882],[34.8117481,32.0066048],[34.8147651,32.0099549],[34.8053303,32.0217447],[34.7928696,32.0315898],[34.7892125,32.0218767],[34.7853944,32.0232269],[34.7824244,32.0273539],[34.7744154,32.0288936],[34.778101,32.0386707],[34.7743862,32.0327793],[34.7655089,32.0362445],[34.7599523,32.036474],[34.7617704,32.0102725],[34.7611191,32.0074429],[34.7576601,32.0081234],[34.7552863,32.0020185]]]]}},{"type":"Feature","properties":{"name":"אור יהודה","osm_id":1382464},"geometry":{"type":"MultiPolygon","coordinates":[[[[34.8273024,32.0268086],[34.8366449,32.0258569],[34.8395776,32.0214386],[34.8452423,32.0223391],[34.8470557,32.0194997],[34.8498307,32.0221772],[34.8528772,32.0201004],[34.8531064,32.0168178],[34.8544331,32.0165875],[34.8577072,32.0193477],[34.8635367,32.0182654],[34.8757152,32.0216545],[34.8757412,32.0241453],[34.8739109,32.0238614],[34.8735949,32.0280497],[34.8673803,32.0279471],[34.8688086,32.0332603],[34.8602937,32.0339653],[34.859899,32.0409979],[34.8584109,32.0409508],[34.8574066,32.0450998],[34.8501882,32.0451322],[34.8459011,32.0395404],[34.8458138,32.036093],[34.8298815,32.0380795],[34.8273024,32.0268086]]]]}},{"type":"Feature","properties":{"name":"מועצה אזורית דרום השרון","osm_id":1382465},"geometry":{"type":"MultiPolygon","coordinates":[[[[34.8629392,32.1647699],[34.865371,32.1553609],[34.8685161,32.1552115],[34.8688475,32.1501704],[34.8728938,32.1496833],[34.8722863,32.1530493],[34.8698939,32.1536326],[34.8722143,32.1534619],[34.8724709,32.1574499],[34.8748701,32.1584082],[34.8747232,32.1622684],[34.8890871,32.162675],[34.8897707,32.1670596],[34.8913423,32.167112],[34.8915454,32.1628118],[34.8962343,32.1635858],[34.8975702,32.1620877],[34.8971636,32.1719584],[34.8731588,32.1725457],[34.8721841,32.1696791],[34.8644281,32.1709532],[34.8629392,32.1647699]]],[[[34.8748048,32.0699215],[34.875462,32.0662626],[34.879109,32.0667489],[34.8818942,32.0632934],[34.8837898,32.0639182],[34.8844151,32.0604862],[34.8827075,32.0589251],[34.884319,32.0494287],[34.8911473,32.0498405],[34.8915178,32.0410846],[34.8957881,32.0411142],[34.8987549,32.0385871],[34.9065684,32.0392221],[34.9031433,32.0666786],[34.8993747,32.0675202],[34.9008072,32.0541303],[34.8969065,32.0545298],[34.8969187,32.0569537],[34.8938262,32.0569008],[34.8949468,32.0676529],[34.8932654,32.0690245],[34.8849498,32.0707239],[34.8748048,32.0699215]]],[[[34.883239,32.2278678],[34.8830093,32.2188482],[34.8892488,32.2159289],[34.8891039,32.2092466],[34.8834096,32.2080151],[34.8873096,32.2040709],[34.8865871,32.2009525],[34.8927481,32.2005294],[34.8925404,32.1983213],[34.9010617,32.197742],[34.9006969,32.1940618],[34.8976262,32.1939133],[34.8976435,32.1925656],[34.9071029,32.1905646],[34.9122444,32.19612],[34.9200964,32.19228],[34.9192147,32.1896394],[34.9294189,32.1870893],[34.931491,32.1964095],[34.9368421,32.1965812],[34.9368995,32.1941972],[34.951563,32.1896376],[34.9526287,32.1919224],[34.956344,32.1904645],[34.9568737,32.1848419],[34.95389,32.1793383],[34.953434,32.1811612],[34.9488907,32.1815442],[34.9343027,32.1747957],[34.9290756,32.1702694],[34.9303058,32.1648143],[34.9396457,32.1608099],[34.938259,32.159305],[34.9278807,32.1638384],[34.9250142,32.1614295],[34.9260518,32.1573948],[34.923025,32.1545898],[34.9187006,32.1542156],[34.9115368,32.1430755],[34.906893,32.1452905],[34.909886,32.1461202],[34.9102908,32.1482798],[34.9062975,32.148509],[34.9017983,32.1549983],[34.8981149,32.1532793],[34.8970495,32.1509628],[34.8987798,32.1468592],[34.8947646,32.1475321],[34.8947134,32.1415294],[34.8926488,32.1387772],[34.8943514,32.1380464],[34.8996615,32.142706],[34.9032408,32.1408147],[34.9022487,32.134741],[34.9047142,32.1332461],[34.8926671,32.1254049],[34.8923846,32.1285971],[34.8886675,32.1274095],[34.8896958,32.1231209],[34.8917734,32.1227203],[34.8926863,32.1171526],[34.8930983,32.1227643],[34.9006517,32.1221298],[34.9031838,32.1249123],[34.9069078,32.1229325],[34.9088824,32.1269358],[34.9097112,32.1258481],[34.9116739,32.1270331],[34.9128682,32.1251318],[34.9136918,32.1229483],[34.9110028,32.1212951],[34.9121666,32.1207401],[34.9111856,32.1196334],[34.9147775,32.1189168],[34.9134778,32.1155205],[34.9163599,32.1145604],[34.9190184,32.1110206],[34.9079846,32.1111875],[34.9077822,32.107816],[34.9041038,32.1071609],[34.9111564,32.0984065],[34.9106688,32.0968376],[34.9166574,32.0950923],[34.9196848,32.0914867],[34.9220718,32.0909402],[34.9212692,32.0870362],[34.9239933,32.0858018],[34.925751,32.0885743],[34.9290886,32.0853405],[34.9265819,32.0809696],[34.9205649,32.0829056],[34.9188072,32.075704],[34.9150875,32.0773744],[34.91456,32.0744833],[34.9198497,32.0720675],[34.9205465,32.067846],[34.9182039,32.0676745],[34.9218415,32.0654708],[34.9265405,32.0590502],[34.9392606,32.0583615],[34.9410855,32.0594082],[34.9443038,32.0579571],[34.9449387,32.0593311],[34.9525796,32.054956],[34.9590085,32.0607858],[34.9634683,32.0581469],[34.9652006,32.0604704],[34.9702747,32.0624769],[34.9682337,32.0736824],[34.9645541,32.0731009],[34.961302,32.0691813],[34.9588451,32.0700096],[34.9556143,32.0754846],[34.94975,32.0756724],[34.9527602,32.0843977],[34.9470795,32.0870698],[34.9344063,32.0978621],[34.9352,32.1063841],[34.9364009,32.1061959],[34.9378253,32.1123045],[34.9411196,32.1156677],[34.9472739,32.114167],[34.9435893,32.1228335],[34.94713,32.130577],[34.9510108,32.1304408],[34.9511628,32.1367181],[34.9728504,32.1330736],[34.9740171,32.1339812],[34.9728159,32.1399923],[34.9742916,32.1420472],[34.9795454,32.1392346],[34.9891102,32.1385816],[34.9904303,32.1421518],[34.9866388,32.1484361],[34.9793852,32.1487355],[34.9745141,32.1521349],[34.9772901,32.1587351],[34.9706004,32.1644839],[34.9707128,32.1664762],[34.9672674,32.1690287],[34.964224,32.1689337],[34.9645245,32.173277],[34.9595887,32.1756643],[34.9571308,32.1903108],[34.9600779,32.1934259],[34.9611278,32.1973694],[34.9643549,32.1999583],[34.9751801,32.200523],[34.984683,32.2067074],[34.9876413,32.2067306],[34.9825816,32.2092045],[34.9848705,32.2129289],[34.981242,32.2150931],[34.9822204,32.217205],[34.979515,32.2183289],[34.9810427,32.2205083],[34.9888333,32.2195497],[34.9875971,32.2223798],[34.9928101,32.2225949],[34.9912891,32.224472],[34.9958294,32.2262347],[34.993264,32.2286743],[34.9995712,32.2289479],[34.9967426,32.2325549],[35.0055799,32.2306455],[35.0052174,32.2330448],[35.0104909,32.2317285],[35.0143663,32.2356262],[35.0177529,32.2335243],[35.0201867,32.2344272],[35.019186,32.2423204],[35.0239033,32.2486684],[35.0095758,32.2465648],[35.0065471,32.2474196],[35.0053935,32.2434531],[35.003162,32.2447578],[34.9952487,32.2430648],[34.9916154,32.2444014],[34.9902895,32.2424525],[34.9859058,32.2442098],[34.9857201,32.2457508],[34.9853803,32.2442911],[34.9836308,32.2444013],[34.983865,32.2422613],[34.9783885,32.2324919],[34.9843563,32.2323196],[34.9808173,32.2213811],[34.9759753,32.2227793],[34.9737578,32.2186715],[34.9709853,32.2194783],[34.9686959,32.2167679],[34.9643643,32.2170083],[34.963664,32.2136554],[34.9621571,32.213269],[34.9578617,32.2135101],[34.9583555,32.2161865],[34.9537897,32.2170109],[34.9510906,32.224089],[34.9434763,32.2248943],[34.9360371,32.2288726],[34.9360952,32.2271021],[34.9274592,32.2277591],[34.9274893,32.2254835],[34.9293465,32.224508],[34.9291495,32.2211397],[34.9198949,32.22222],[34.9175917,32.2192919],[34.9177916,32.2170432],[34.910088,32.2148657],[34.9101746,32.2195091],[34.8979049,32.2227741],[34.8980505,32.2254753],[34.883239,32.2278678]]]]}},{"type":"Feature","properties":{"name":"יהוד מונוסון","osm_id":1382466},"geometry":{"type":"MultiPolygon","coordinates":[[[[34.8660712,32.0439829],[34.8667232,32.0329916],[34.8688086,32.0332603],[34.8673803,32.0279471],[34.8735949,32.0280497],[34.8756759,32.0214652],[34.8813912,32.0204111],[34.8872629,32.0237541],[34.8928994,32.0220548],[34.8944936,32.0260975],[34.9078916,32.0249589],[34.9065684,32.0392221],[34.8987549,32.0385871],[34.8957881,32.0411142],[34.8915178,32.0410846],[34.8915516,32.0388889],[34.8833812,32.0403668],[34.8830548,32.0382036],[34.8759235,32.0368416],[34.8735688,32.039978],[34.8660712,32.0439829]]]]}},{"type":"Feature","properties":{"name":"רמת גן","osm_id":1382493},"geometry":{"type":"MultiPolygon","coordinates":[[[[34.7991223,32.0843933],[34.8000201,32.0811905],[34.8016926,32.0811507],[34.8014056,32.0789235],[34.8120481,32.0799407],[34.8131794,32.0780338],[34.820044,32.0805089],[34.8195942,32.0790066],[34.8207366,32.078961],[34.8193813,32.0783349],[34.8149804,32.0648657],[34.8196852,32.062461],[34.8187862,32.0593232],[34.8117959,32.0586318],[34.8104268,32.0548598],[34.8138417,32.0506746],[34.8132415,32.0446939],[34.8263186,32.0388445],[34.8458138,32.036093],[34.8459011,32.0395404],[34.8545946,32.0506086],[34.8466948,32.0620278],[34.8414388,32.0623492],[34.8408285,32.0602162],[34.8366304,32.0610627],[34.8392948,32.0648095],[34.8452132,32.0656107],[34.845521,32.0712651],[34.8502878,32.0693441],[34.8511968,32.0732194],[34.8468714,32.0750347],[34.8432579,32.0728303],[34.8410259,32.0690056],[34.832877,32.0719193],[34.832341,32.0759919],[34.8276715,32.0754365],[34.8250576,32.0847387],[34.8220817,32.0849429],[34.8214289,32.0967544],[34.8285335,32.0989568],[34.8276484,32.1055761],[34.8230358,32.10373],[34.824362,32.1025048],[34.8211678,32.1011976],[34.8226213,32.0991476],[34.8199795,32.0962867],[34.8156194,32.0981767],[34.8128844,32.0957435],[34.8097055,32.0963193],[34.8085608,32.0943945],[34.8093237,32.0909767],[34.8069582,32.0897763],[34.8070539,32.0911658],[34.8042194,32.0910073],[34.8022135,32.0934054],[34.7991223,32.0843933]]]]}},{"type":"Feature","properties":{"name":"תל־אביב–יפו","osm_id":1382494},"geometry":{"type":"MultiPolygon","coordinates":[[[[34.739131,32.0337564],[34.7498687,32.0293437],[34.755268,32.0311522],[34.7559292,32.0335029],[34.7594835,32.0329286],[34.7599523,32.036474],[34.7655089,32.0362445],[34.7743862,32.0327793],[34.7860013,32.0468247],[34.7880801,32.0467585],[34.7905549,32.041484],[34.8072519,32.0345527],[34.8097489,32.0415382],[34.812423,32.0409164],[34.8138801,32.0503151],[34.8104268,32.0548598],[34.8117959,32.0586318],[34.8061407,32.0616267],[34.8044923,32.0656284],[34.8028101,32.0660468],[34.802566,32.0704561],[34.800599,32.0729257],[34.8019335,32.0777139],[34.7978591,32.0802108],[34.8000201,32.0811905],[34.7991223,32.0843933],[34.8017854,32.0929295],[34.8042194,32.0910073],[34.8070539,32.0911658],[34.8069582,32.0897763],[34.8093237,32.0909767],[34.8085608,32.0943945],[34.8097055,32.0963193],[34.8128844,32.0957435],[34.8156194,32.0981767],[34.8199795,32.0962867],[34.8226213,32.0991476],[34.8211678,32.1011976],[34.82419,32.1023374],[34.8229568,32.1036267],[34.8251783,32.1049404],[34.8358728,32.1051637],[34.8429511,32.1084192],[34.8492517,32.1070317],[34.8522617,32.1194008],[34.8442792,32.1197213],[34.8420044,32.1233387],[34.8399456,32.1239372],[34.8399495,32.1257678],[34.8364354,32.1258751],[34.8373072,32.1276954],[34.8261811,32.1278534],[34.8275946,32.1303634],[34.8195173,32.1306762],[34.8235691,32.1232712],[34.8111635,32.1244308],[34.8090076,32.1283977],[34.8044694,32.1306965],[34.7955959,32.1287024],[34.7970171,32.1343403],[34.8024359,32.1440235],[34.7876295,32.1469766],[34.7754309,32.1141553],[34.7715002,32.1100105],[34.7712454,32.1036024],[34.7662195,32.0951385],[34.7591143,32.0716524],[34.7540176,32.0605762],[34.7480748,32.0577074],[34.7407703,32.0479843],[34.7407755,32.0385723],[34.739131,32.0337564]]]]}},{"type":"Feature","properties":{"name":"פתח תקווה","osm_id":1382816},"geometry":{"type":"MultiPolygon","coordinates":[[[[34.8457935,32.0902528],[34.8480473,32.089532],[34.8480911,32.0868297],[34.8562851,32.0859429],[34.8552203,32.0801458],[34.8602925,32.0802572],[34.859207,32.0688561],[34.8684551,32.071161],[34.8932654,32.0690245],[34.8949468,32.0676529],[34.8938262,32.0569008],[34.8969187,32.0569537],[34.8969065,32.0545298],[34.9008072,32.0541303],[34.8993747,32.0675202],[34.9205465,32.067846],[34.9198497,32.0720675],[34.9147515,32.0737142],[34.9150875,32.0773744],[34.9188072,32.075704],[34.9205649,32.0829056],[34.9265819,32.0809696],[34.9290886,32.0853405],[34.925751,32.0885743],[34.9239933,32.0858018],[34.9212692,32.0870362],[34.9220718,32.0909402],[34.9196848,32.0914867],[34.9166574,32.0950923],[34.9106688,32.0968376],[34.9111564,32.0984065],[34.9041038,32.1071609],[34.9077822,32.107816],[34.9079846,32.1111875],[34.9190184,32.1110206],[34.9163599,32.1145604],[34.9134778,32.1155205],[34.9147775,32.1189168],[34.9111856,32.1196334],[34.9121666,32.1207401],[34.9110028,32.1212951],[34.9137144,32.1230311],[34.911487,32.1270603],[34.9075942,32.1263185],[34.908557,32.1242704],[34.9069078,32.1229325],[34.9031838,32.1249123],[34.9006517,32.1221298],[34.8930983,32.1227643],[34.8926863,32.1171526],[34.8917734,32.1227203],[34.8811214,32.1258859],[34.8818807,32.1269265],[34.8802788,32.1271239],[34.877386,32.1235284],[34.8761082,32.12441],[34.8770365,32.122444],[34.8746675,32.1216251],[34.8750742,32.1201187],[34.8716523,32.1262755],[34.8689865,32.1243055],[34.8694812,32.1212906],[34.8659176,32.1235002],[34.8655332,32.1222301],[34.8679393,32.1215468],[34.8647273,32.116795],[34.8616833,32.1163404],[34.8624247,32.113944],[34.8609417,32.1124598],[34.8577946,32.111935],[34.8575494,32.1148244],[34.8507244,32.1135945],[34.8457935,32.0902528]]]]}},{"type":"Feature","properties":{"name":"בני ברק","osm_id":1382817},"geometry":{"type":"MultiPolygon","coordinates":[[[[34.8214289,32.0967544],[34.8220817,32.0849429],[34.8250576,32.0847387],[34.8276715,32.0754365],[34.832341,32.0759919],[34.832877,32.0719193],[34.8410259,32.0690056],[34.8436373,32.0741768],[34.845867,32.0950707],[34.8492899,32.1070226],[34.8429511,32.1084192],[34.8358728,32.1051637],[34.8276484,32.1055761],[34.8285335,32.0989568],[34.8214289,32.0967544]]]]}},{"type":"Feature","properties":{"name":"הרצליה","osm_id":1382820},"geometry":{"type":"MultiPolygon","coordinates":[[[[34.7876295,32.1469766],[34.8024359,32.1440235],[34.8066808,32.1533884],[34.8091562,32.1528086],[34.8133127,32.1587086],[34.8153539,32.1582524],[34.812761,32.1513296],[34.8160861,32.1503362],[34.816654,32.1523985],[34.8195991,32.1517903],[34.8218255,32.1556944],[34.824577,32.1554359],[34.8262249,32.1602386],[34.8288783,32.1605883],[34.8350563,32.1596047],[34.8336815,32.1541282],[34.8494872,32.1489767],[34.8554003,32.1486447],[34.8624755,32.1534874],[34.8602823,32.1537189],[34.8615536,32.1589967],[34.8645831,32.1589962],[34.8629392,32.1647699],[34.8644281,32.1709532],[34.856854,32.1726589],[34.8569084,32.1777247],[34.848498,32.1811992],[34.8425874,32.1859434],[34.8371976,32.1864334],[34.8368984,32.189479],[34.834777,32.1897433],[34.8328914,32.1794647],[34.8184414,32.1778088],[34.8184293,32.1797714],[34.8159166,32.1801443],[34.8152474,32.1846375],[34.8184446,32.1960041],[34.8110046,32.1985259],[34.8122649,32.2012192],[34.8055828,32.2029179],[34.7961923,32.1745522],[34.7892207,32.1637799],[34.7901349,32.1548072],[34.7876295,32.1469766]]]]}},{"type":"Feature","properties":{"name":"רמת השרון","osm_id":1382821},"geometry":{"type":"MultiPolygon","coordinates":[[[[34.7955959,32.1287024],[34.8044694,32.1306965],[34.8090076,32.1283977],[34.8111635,32.1244308],[34.8235691,32.1232712],[34.8195173,32.1306762],[34.8275946,32.1303634],[34.8261811,32.1278534],[34.8373072,32.1276954],[34.8364354,32.1258751],[34.8399495,32.1257678],[34.8399456,32.1239372],[34.8420044,32.1233387],[34.8442792,32.1197213],[34.8522617,32.1194008],[34.8507699,32.1136012],[34.8575494,32.1148244],[34.8577946,32.111935],[34.8609417,32.1124598],[34.8624247,32.113944],[34.8616833,32.1163404],[34.8647273,32.116795],[34.8679765,32.1216601],[34.8653221,32.1222216],[34.8627376,32.1296201],[34.8655527,32.1316111],[34.8633293,32.1325104],[34.8629852,32.1359404],[34.8604071,32.1363347],[34.8596561,32.139216],[34.8552721,32.1433676],[34.8554003,32.1486447],[34.8494872,32.1489767],[34.829837,32.1546416],[34.8276403,32.150278],[34.8227237,32.1511719],[34.8221788,32.1490383],[34.8242355,32.1486864],[34.8230706,32.1451535],[34.8206016,32.1407228],[34.8191244,32.1410018],[34.8171292,32.1432025],[34.8103936,32.1445132],[34.8153539,32.1582524],[34.8133127,32.1587086],[34.8091562,32.1528086],[34.8066808,32.1533884],[34.8047161,32.1503007],[34.7955959,32.1287024]]],[[[34.8209553,32.1530994],[34.8241033,32.1555276],[34.8218255,32.1556944],[34.8209553,32.1530994]]]]}},{"type":"Feature","properties":{"name":"גבעת שמואל","osm_id":1382837},"geometry":{"type":"MultiPolygon","coordinates":[[[[34.8432579,32.0728303],[34.8468714,32.0750347],[34.8511968,32.0732194],[34.8502878,32.0693441],[34.845521,32.0712651],[34.8451863,32.0657471],[34.8591754,32.0685508],[34.8602925,32.0802572],[34.8552203,32.0801458],[34.8562851,32.0859429],[34.8480911,32.0868297],[34.8480473,32.089532],[34.8457935,32.0902528],[34.8432579,32.0728303]]]]}},{"type":"Feature","properties":{"name":"קריית אונו","osm_id":1382894},"geometry":{"type":"MultiPolygon","coordinates":[[[[34.8366304,32.0610627],[34.8408285,32.0602162],[34.8414388,32.0623492],[34.8466948,32.0620278],[34.8545946,32.0506086],[34.8501882,32.0451322],[34.8574066,32.0450998],[34.8584109,32.0409508],[34.859899,32.0409979],[34.8602937,32.0339653],[34.8662654,32.0332383],[34.8657963,32.0465682],[34.8683224,32.0480527],[34.866533,32.056567],[34.8676515,32.0710646],[34.839525,32.0649074],[34.8366304,32.0610627]]]]}},{"type":"Feature","properties":{"name":"גבעתיים","osm_id":1382923},"geometry":{"type":"MultiPolygon","coordinates":[[[[34.7978591,32.0802108],[34.8019335,32.0777139],[34.800599,32.0729257],[34.8055958,32.0621655],[34.8105739,32.0588432],[34.8187862,32.0593232],[34.8196852,32.062461],[34.8149804,32.0648657],[34.8193813,32.0783349],[34.8206859,32.078255],[34.820044,32.0805089],[34.8131794,32.0780338],[34.8120481,32.0799407],[34.8014056,32.0789235],[34.8008356,32.0818757],[34.7978591,32.0802108]]]]}},{"type":"Feature","properties":{"name":"מועצה אזורית עמק חפר","osm_id":1383390},"geometry":{"type":"MultiPolygon","coordinates":[[[[34.850712,32.3530441],[34.857745,32.3522403],[34.8578786,32.356492],[34.8643531,32.3573354],[34.8671922,32.3559207],[34.869585,32.3580044],[34.8674688,32.3598013],[34.8684546,32.3605283],[34.872675,32.3583293],[34.8769647,32.3547661],[34.8784009,32.3524149],[34.8702567,32.3577424],[34.8670121,32.3553518],[34.8691396,32.3528792],[34.862069,32.3480522],[34.8624338,32.3460897],[34.8772411,32.3440344],[34.8731817,32.3353342],[34.8750116,32.3349236],[34.8749072,32.3319193],[34.871718,32.3313414],[34.8711213,32.3283705],[34.8779172,32.3278782],[34.8766998,32.3241023],[34.89601,32.3236711],[34.8944018,32.3180292],[34.8958986,32.3176893],[34.8991131,32.3238091],[34.9072505,32.323009],[34.9085517,32.3282059],[34.9135889,32.327534],[34.9151823,32.3314545],[34.911675,32.3327731],[34.9128875,32.3350334],[34.9161148,32.3340868],[34.9171973,32.335205],[34.9172005,32.3395657],[34.9215356,32.3396502],[34.9228533,32.3412619],[34.9243854,32.3403875],[34.9254647,32.3435017],[34.9278291,32.3430211],[34.9305835,32.3414343],[34.9287833,32.3379083],[34.9314633,32.3371476],[34.9322302,32.334431],[34.9366741,32.3356376],[34.9365917,32.3391465],[34.940197,32.3387302],[34.9409835,32.3427244],[34.9427971,32.3422249],[34.9412076,32.3356191],[34.9430144,32.3285422],[34.9411125,32.3235398],[34.9478615,32.3183586],[34.9589352,32.3146864],[34.9875623,32.3121381],[35.0156806,32.3118048],[35.0165557,32.3386768],[35.0207616,32.3409563],[35.0270055,32.3399789],[35.02856,32.3467517],[35.0377423,32.3448775],[35.0409477,32.3458204],[35.042665,32.3497994],[35.0353547,32.3468561],[35.0285765,32.3468988],[35.0250311,32.3530326],[35.0192997,32.3552656],[35.0202568,32.3592505],[35.0154359,32.3588855],[35.014321,32.3709263],[35.016169,32.3773993],[35.0113052,32.377152],[35.0119082,32.3743777],[35.0106211,32.3742161],[35.0096199,32.3658525],[35.0018894,32.3645489],[35.0037226,32.3785174],[34.9980365,32.3919788],[34.9925943,32.3963078],[34.9831332,32.4004306],[34.9796426,32.4057254],[34.9779433,32.4033988],[34.9472681,32.4089122],[34.9329739,32.4097789],[34.9295421,32.404294],[34.9245342,32.4048686],[34.9213,32.4033533],[34.9195073,32.4037942],[34.9198563,32.4058923],[34.9167946,32.4065579],[34.918006,32.4079735],[34.9174603,32.4091578],[34.9152436,32.4029826],[34.8644631,32.4123941],[34.8610215,32.4021856],[34.860868,32.3937385],[34.850712,32.3530441]]]]}},{"type":"Feature","properties":{"name":"נתניה","osm_id":1383391},"geometry":{"type":"MultiPolygon","coordinates":[[[[34.8247416,32.2607342],[34.8321299,32.259144],[34.8301985,32.2564727],[34.8360351,32.2549044],[34.8401743,32.2656496],[34.8376381,32.265262],[34.8375123,32.2667387],[34.8503094,32.2704248],[34.8546715,32.2736807],[34.8594822,32.272012],[34.8631097,32.2732255],[34.8667249,32.2752906],[34.8704908,32.281996],[34.8725767,32.2814128],[34.871303,32.286645],[34.8812718,32.2929975],[34.8858656,32.2933867],[34.8871286,32.306402],[34.8920604,32.318925],[34.8940436,32.3186712],[34.89601,32.3236711],[34.8766998,32.3241023],[34.8779172,32.3278782],[34.8711213,32.3283705],[34.871718,32.3313414],[34.8749072,32.3319193],[34.8750116,32.3349236],[34.8731817,32.3353342],[34.8772411,32.3440344],[34.8624338,32.3460897],[34.862069,32.3480522],[34.8691396,32.3528792],[34.8670121,32.3553518],[34.8702567,32.3577424],[34.8784009,32.3524149],[34.8684546,32.3605283],[34.8674688,32.3598013],[34.869585,32.3580044],[34.8671922,32.3559207],[34.8643531,32.3573354],[34.8578786,32.356492],[34.857745,32.3522403],[34.850712,32.3530441],[34.8247416,32.2607342]]]]}},{"type":"Feature","properties":{"name":"כפר יונה","osm_id":1383392},"geometry":{"type":"MultiPolygon","coordinates":[[[[34.9034334,32.3206077],[34.9072524,32.3222894],[34.9054255,32.3134767],[34.9143812,32.3132003],[34.9145539,32.3082445],[34.9166537,32.3081392],[34.9154142,32.3042638],[34.9179138,32.3031098],[34.9239722,32.305958],[34.9484598,32.3114114],[34.953528,32.3150531],[34.9411125,32.3235398],[34.9430144,32.3285422],[34.9412076,32.3356191],[34.9427971,32.3422249],[34.9409835,32.3427244],[34.940197,32.3387302],[34.9365917,32.3391465],[34.9366741,32.3356376],[34.9322302,32.334431],[34.9314633,32.3371476],[34.9287833,32.3379083],[34.9305835,32.3414343],[34.9278291,32.3430211],[34.9254647,32.3435017],[34.9243854,32.3403875],[34.9228533,32.3412619],[34.9215356,32.3396502],[34.9172005,32.3395657],[34.9171973,32.335205],[34.9161148,32.3340868],[34.9128875,32.3350334],[34.911675,32.3327731],[34.9151823,32.3314545],[34.9135889,32.327534],[34.9085517,32.3282059],[34.9072505,32.323009],[34.9039534,32.3233486],[34.9034334,32.3206077]]]]}},{"type":"Feature","properties":{"name":"פרדסיה","osm_id":1383393},"geometry":{"type":"MultiPolygon","coordinates":[[[[34.9006902,32.3033114],[34.9042621,32.3039139],[34.9149603,32.3016253],[34.9179677,32.3030289],[34.9154142,32.3042638],[34.9166537,32.3081392],[34.9145539,32.3082445],[34.9143812,32.3132003],[34.9105299,32.3141682],[34.9054255,32.3134767],[34.905123,32.3116891],[34.9021949,32.3111653],[34.9006902,32.3033114]]]]}},{"type":"Feature","properties":{"name":"הוד השרון","osm_id":1383629},"geometry":{"type":"MultiPolygon","coordinates":[[[[34.8550686,32.1482378],[34.8552721,32.1433676],[34.8596561,32.139216],[34.8604071,32.1363347],[34.8629852,32.1359404],[34.8633293,32.1325104],[34.8655527,32.1316111],[34.8627376,32.1296201],[34.8654324,32.1220792],[34.8664312,32.1234944],[34.8694812,32.1212906],[34.8689865,32.1243055],[34.8716523,32.1262755],[34.8751512,32.1201398],[34.8746123,32.1215578],[34.8770365,32.122444],[34.8761082,32.12441],[34.8776056,32.1236676],[34.880328,32.1271513],[34.8894024,32.122837],[34.889303,32.1281248],[34.8923846,32.1285971],[34.8926671,32.1254049],[34.9047142,32.1332461],[34.9022487,32.134741],[34.9032408,32.1408147],[34.8996615,32.142706],[34.8943514,32.1380464],[34.8926488,32.1387772],[34.8947134,32.1415294],[34.8947646,32.1475321],[34.8987798,32.1468592],[34.8970495,32.1509628],[34.8981149,32.1532793],[34.9017983,32.1549983],[34.9062975,32.148509],[34.9102908,32.1482798],[34.909886,32.1461202],[34.906893,32.1452905],[34.9115368,32.1430755],[34.9187006,32.1542156],[34.923025,32.1545898],[34.9260518,32.1573948],[34.9250142,32.1614295],[34.9281032,32.1640597],[34.9157487,32.1686133],[34.8971636,32.1719584],[34.8975702,32.1620877],[34.8962343,32.1635858],[34.8915454,32.1628118],[34.8913423,32.167112],[34.8897707,32.1670596],[34.8890871,32.162675],[34.8747232,32.1622684],[34.8748701,32.1584082],[34.8724709,32.1574499],[34.8722143,32.1534619],[34.8698939,32.1536326],[34.8722863,32.1530493],[34.8728938,32.1496833],[34.8688475,32.1501704],[34.8685161,32.1552115],[34.8652378,32.1553587],[34.8655132,32.1539796],[34.8635028,32.1541256],[34.8550686,32.1482378]]]]}},{"type":"Feature","properties":{"name":"רעננה","osm_id":1383630},"geometry":{"type":"MultiPolygon","coordinates":[[[[34.8367666,32.1875077],[34.8425874,32.1859434],[34.848498,32.1811992],[34.8569084,32.1777247],[34.856854,32.1726589],[34.8644281,32.1709532],[34.8721841,32.1696791],[34.8730532,32.1725342],[34.8750081,32.1726616],[34.8850202,32.1713114],[34.8912558,32.1752572],[34.8885308,32.178172],[34.8902868,32.1853527],[34.8890033,32.1910508],[34.8852048,32.1978507],[34.8867905,32.1990335],[34.8873096,32.2040709],[34.8814998,32.2096884],[34.879644,32.2095338],[34.880642,32.1994698],[34.8722371,32.1988952],[34.8713261,32.2077847],[34.8669496,32.207228],[34.8668616,32.2086406],[34.8627373,32.2081953],[34.8627298,32.2070277],[34.8500449,32.2070628],[34.850121,32.2054436],[34.8461767,32.2052833],[34.8463006,32.1990689],[34.8407033,32.1978012],[34.8436857,32.1976725],[34.843556,32.1918632],[34.8368825,32.1910117],[34.8367666,32.1875077]]]]}},{"type":"Feature","properties":{"name":"כפר סבא","osm_id":1383631},"geometry":{"type":"MultiPolygon","coordinates":[[[[34.8850829,32.198919],[34.8902709,32.1856116],[34.8885128,32.1783297],[34.8912558,32.1752572],[34.8890935,32.1733166],[34.8895641,32.1718138],[34.8958716,32.1721899],[34.9157487,32.1686133],[34.938259,32.159305],[34.9396457,32.1608099],[34.9300367,32.1651777],[34.929913,32.1715981],[34.9488907,32.1815442],[34.953434,32.1811612],[34.95389,32.1793383],[34.9568737,32.1848419],[34.956344,32.1904645],[34.9526287,32.1919224],[34.951563,32.1896376],[34.9368995,32.1941972],[34.9368421,32.1965812],[34.931491,32.1964095],[34.9294189,32.1870893],[34.9192147,32.1896394],[34.9200964,32.19228],[34.9122444,32.19612],[34.9071029,32.1905646],[34.9052102,32.1917502],[34.9037662,32.190793],[34.8976435,32.1925656],[34.8976262,32.1939133],[34.9006969,32.1940618],[34.9010617,32.197742],[34.8925404,32.1983213],[34.8927481,32.2005294],[34.8909038,32.2010868],[34.8865871,32.2009525],[34.8867905,32.1990335],[34.8850829,32.198919]]]]}},{"type":"Feature","properties":{"name":"כפר שמריהו","osm_id":1383632},"geometry":{"type":"MultiPolygon","coordinates":[[[[34.8152474,32.1846375],[34.8159166,32.1801443],[34.8184293,32.1797714],[34.8194895,32.1772895],[34.8291026,32.1784407],[34.829076,32.1799021],[34.8328914,32.1794647],[34.834777,32.1897433],[34.8368984,32.189479],[34.8368255,32.1914799],[34.8179311,32.1938577],[34.8152474,32.1846375]]]]}},{"type":"Feature","properties":{"name":"מועצה אזורית חוף השרון","osm_id":1383640},"geometry":{"type":"MultiPolygon","coordinates":[[[[34.8055828,32.2029179],[34.8122649,32.2012192],[34.8110046,32.1985259],[34.8184446,32.1960041],[34.8180758,32.1933578],[34.8208062,32.1944923],[34.8368825,32.1910117],[34.843556,32.1918632],[34.8436857,32.1976725],[34.8407033,32.1978012],[34.8463006,32.1990689],[34.8461767,32.2052833],[34.850121,32.2054436],[34.8500449,32.2070628],[34.8627298,32.2070277],[34.8656945,32.2088278],[34.8669496,32.207228],[34.8713261,32.2077847],[34.8722371,32.1988952],[34.880642,32.1994698],[34.879644,32.2095338],[34.8831774,32.2078746],[34.8856149,32.2095073],[34.8891039,32.2092466],[34.8892488,32.2159289],[34.8830093,32.2188482],[34.8825588,32.2253912],[34.8873496,32.242071],[34.8779784,32.2472969],[34.8780945,32.2509494],[34.8730839,32.2526551],[34.8742993,32.2582141],[34.8695613,32.2592299],[34.8722103,32.262929],[34.8659082,32.2663782],[34.8705779,32.2683185],[34.8764627,32.2751194],[34.8760839,32.2771794],[34.8793333,32.2783808],[34.8778114,32.281195],[34.8786833,32.286941],[34.8826477,32.2865042],[34.8837546,32.2926962],[34.8812718,32.2929975],[34.871303,32.286645],[34.8725767,32.2814128],[34.8704908,32.281996],[34.8667249,32.2752906],[34.8631097,32.2732255],[34.8594822,32.272012],[34.8546715,32.2736807],[34.8503094,32.2704248],[34.8375123,32.2667387],[34.8376381,32.265262],[34.8401743,32.2656496],[34.8360351,32.2549044],[34.8301985,32.2564727],[34.8321299,32.259144],[34.8247416,32.2607342],[34.8055828,32.2029179]]],[[[34.8103936,32.1445132],[34.8171292,32.1432025],[34.8206016,32.1407228],[34.8242355,32.1486864],[34.8221788,32.1490383],[34.8227237,32.1511719],[34.8276403,32.150278],[34.829837,32.1546416],[34.8336672,32.1540705],[34.8350563,32.1596047],[34.8262249,32.1602386],[34.824577,32.1554359],[34.8195991,32.1517903],[34.816654,32.1523985],[34.8160861,32.1503362],[34.812761,32.1513296],[34.8103936,32.1445132]]],[[[34.8871142,32.2511447],[34.8844065,32.2458159],[34.8885281,32.2464293],[34.889762,32.2506303],[34.8871142,32.2511447]]]]}},{"type":"Feature","properties":{"name":"מועצה אזורית גליל תחתון","osm_id":1383754},"geometry":{"type":"MultiPolygon","coordinates":[[[[35.4123142,32.7247698],[35.3857588,32.7276569],[35.3841583,32.7245753],[35.3762707,32.7186416],[35.3770257,32.7136201],[35.3793912,32.7107661],[35.3773478,32.7080374],[35.3853129,32.7011132],[35.3878247,32.7026668],[35.3895839,32.7013269],[35.3894141,32.6962959],[35.4080925,32.6929876],[35.4092021,32.6889223],[35.4158205,32.6886192],[35.4143831,32.6933767],[35.4159954,32.6950096],[35.4132474,32.7006313],[35.4197677,32.7014604],[35.4251361,32.6989591],[35.4264517,32.703532],[35.4127379,32.7048149],[35.4123363,32.7106645],[35.408577,32.7148992],[35.4072092,32.7195578],[35.4123142,32.7247698]]],[[[35.4123142,32.7247698],[35.4191582,32.7295543],[35.4243704,32.7313619],[35.4304884,32.7302121],[35.4313427,32.7322805],[35.4484825,32.7306411],[35.459442,32.7257303],[35.4546448,32.7157391],[35.4531962,32.7169745],[35.4421999,32.7117276],[35.4353425,32.7119864],[35.4320119,32.7067756],[35.4278682,32.691252],[35.4322637,32.687769],[35.4393816,32.6904641],[35.441061,32.6879606],[35.4473559,32.6857774],[35.4446459,32.681559],[35.4458862,32.6787193],[35.4442315,32.6720482],[35.4404325,32.671868],[35.4377766,32.6637068],[35.4349562,32.6627364],[35.4369272,32.6594094],[35.4352661,32.6583525],[35.4378002,32.6552159],[35.446189,32.6515355],[35.4514516,32.6578901],[35.453895,32.6531958],[35.4552962,32.6542356],[35.4566807,32.6530431],[35.4587551,32.6553124],[35.4639131,32.6536331],[35.4746833,32.6587496],[35.4798004,32.6568804],[35.4922419,32.6657116],[35.4957963,32.6657736],[35.4971302,32.6672194],[35.4964689,32.6691178],[35.5006707,32.6712823],[35.5001319,32.6746763],[35.5042645,32.6760816],[35.5068471,32.6799145],[35.5102397,32.6816314],[35.5097442,32.684672],[35.5056746,32.6882126],[35.5000834,32.6888407],[35.5010881,32.69005],[35.4936044,32.6947784],[35.4935904,32.6920074],[35.4922045,32.6928046],[35.4912623,32.699065],[35.4926654,32.7014496],[35.4859476,32.7021141],[35.4818897,32.7059529],[35.4792051,32.7056122],[35.4780359,32.7064793],[35.4776414,32.7146649],[35.4834187,32.7126046],[35.4868102,32.7134512],[35.4827238,32.7160941],[35.4782688,32.723868],[35.4818652,32.7293231],[35.4834838,32.7292194],[35.4761647,32.7336539],[35.4806504,32.7371796],[35.4857984,32.7319512],[35.4942936,32.7409803],[35.49848,32.736635],[35.5034457,32.7354085],[35.5116281,32.7429354],[35.5123257,32.7410916],[35.5224394,32.745532],[35.523574,32.7441493],[35.5265605,32.7479455],[35.5115777,32.7585004],[35.5156634,32.7607403],[35.5166503,32.7590799],[35.5187005,32.7605665],[35.5208967,32.7589792],[35.5279929,32.7642435],[35.5241812,32.76706],[35.5215987,32.7646653],[35.5172439,32.7645743],[35.5183664,32.7669193],[35.5226687,32.7656506],[35.524099,32.7671218],[35.5130561,32.7705176],[35.5074262,32.7652812],[35.4952814,32.7855011],[35.5028672,32.7880159],[35.5081328,32.787235],[35.5168355,32.7908836],[35.5183588,32.794749],[35.5171725,32.7970566],[35.506534,32.794659],[35.5057972,32.7959137],[35.5228739,32.8106477],[35.5236158,32.8118183],[35.5203553,32.8183017],[35.515907,32.8151687],[35.5108122,32.8203012],[35.5025336,32.822668],[35.5005285,32.8246439],[35.4985638,32.8242152],[35.4961556,32.8286527],[35.4900346,32.8257646],[35.4901366,32.8283074],[35.4829501,32.830223],[35.4956026,32.8351898],[35.4915588,32.8394867],[35.4796358,32.8427745],[35.4788816,32.8406037],[35.4765123,32.8412685],[35.4768627,32.8385841],[35.4752329,32.8370353],[35.4686915,32.8423185],[35.4639183,32.8440943],[35.4549581,32.8417412],[35.4560515,32.8399577],[35.4503779,32.8389885],[35.4463116,32.8402313],[35.4460952,32.8418437],[35.4374918,32.8420441],[35.4311867,32.8490373],[35.4198426,32.848391],[35.4158365,32.8465753],[35.4129273,32.8428902],[35.4085306,32.8440111],[35.4119956,32.8389573],[35.4133125,32.8398454],[35.4097099,32.8335177],[35.4113887,32.8333807],[35.4055993,32.8275021],[35.4072229,32.8227478],[35.4071798,32.8123031],[35.3999548,32.8091761],[35.3950345,32.8111327],[35.3948106,32.809984],[35.3897658,32.8102733],[35.3886319,32.8122697],[35.3791248,32.8120843],[35.3753419,32.8098733],[35.3753216,32.8059452],[35.3788098,32.8036148],[35.3751347,32.7973099],[35.3670686,32.798852],[35.3620196,32.7976407],[35.3530521,32.7991446],[35.3453671,32.7980677],[35.3365056,32.7945647],[35.3282698,32.7878407],[35.3232609,32.7863012],[35.3151208,32.7866017],[35.3134205,32.7776399],[35.3242226,32.7762178],[35.3213347,32.7712402],[35.3234809,32.7705109],[35.3570078,32.773556],[35.3650942,32.7751472],[35.3669322,32.7771972],[35.3647533,32.7810294],[35.3662715,32.7816239],[35.3619168,32.7861315],[35.3623426,32.7891117],[35.3709563,32.7908267],[35.3730661,32.7872795],[35.3758013,32.788547],[35.3750208,32.7905306],[35.3779796,32.7946295],[35.3769277,32.796892],[35.3782415,32.7970086],[35.3827858,32.795455],[35.3770602,32.7872217],[35.3826319,32.7860108],[35.3817612,32.7840708],[35.3830634,32.7835108],[35.3855484,32.7840033],[35.3841111,32.7871965],[35.3874781,32.7896053],[35.3921538,32.7900387],[35.3867843,32.7946391],[35.3890726,32.7980047],[35.3899371,32.7967473],[35.3944103,32.7969491],[35.3954988,32.8018084],[35.3968898,32.7976827],[35.4010923,32.7943334],[35.398747,32.7858627],[35.4056463,32.7872585],[35.4070833,32.7762576],[35.39639,32.7738562],[35.3787641,32.7658954],[35.3810893,32.7668325],[35.3843795,32.7641012],[35.3869606,32.7556181],[35.3860308,32.752958],[35.3822439,32.7508077],[35.3802073,32.7447925],[35.383081,32.7417745],[35.3943103,32.7440165],[35.3966441,32.7430822],[35.3957775,32.7400292],[35.4017297,32.7364118],[35.4114992,32.7356215],[35.4123142,32.7247698]]],[[[35.5293554,32.762086],[35.5331335,32.7595731],[35.5337152,32.7642111],[35.5319362,32.7673501],[35.5293554,32.762086]]]]}},{"type":"Feature","properties":{"name":"Кфар Кама","osm_id":1383755},"geometry":{"type":"MultiPolygon","coordinates":[[[[35.4072092,32.7195578],[35.408577,32.7148992],[35.4120203,32.7107598],[35.4260399,32.709613],[35.4322574,32.7072569],[35.4353425,32.7119864],[35.4421999,32.7117276],[35.4531962,32.7169745],[35.4546448,32.7157391],[35.459442,32.7257303],[35.4484825,32.7306411],[35.4313427,32.7322805],[35.4304884,32.7302121],[35.4243704,32.7313619],[35.4191582,32.7295543],[35.4072092,32.7195578]]]]}},{"type":"Feature","properties":{"name":"الشبلي-أم الغنم‎","osm_id":1383756},"geometry":{"type":"MultiPolygon","coordinates":[[[[35.3819099,32.7016868],[35.3835702,32.6926774],[35.3958039,32.6906087],[35.4019377,32.6868438],[35.4066751,32.6810182],[35.4049787,32.6793737],[35.3998517,32.679414],[35.3970974,32.676978],[35.3913102,32.6788284],[35.3869367,32.6771671],[35.3859104,32.6739692],[35.3920606,32.6723806],[35.3944445,32.6691266],[35.394376,32.6715647],[35.3982219,32.6726053],[35.3993944,32.6760073],[35.4040698,32.6756162],[35.4050698,32.6787057],[35.4117144,32.6784617],[35.4099961,32.6818934],[35.4111559,32.6875084],[35.4083459,32.6896491],[35.4080925,32.6929876],[35.3894141,32.6962959],[35.3903015,32.6999896],[35.3878247,32.7026668],[35.386311,32.7011614],[35.3819099,32.7016868]]]]}},{"type":"Feature","properties":{"name":"إكسال","osm_id":1383757},"geometry":{"type":"MultiPolygon","coordinates":[[[[35.3076305,32.6777271],[35.3077484,32.674927],[35.3103431,32.6738807],[35.3135078,32.6749081],[35.313496,32.6723549],[35.317189,32.6724341],[35.3134639,32.6644389],[35.3168575,32.6641819],[35.3159387,32.6606439],[35.3199079,32.6601862],[35.3193432,32.6615619],[35.3237606,32.6629274],[35.3235682,32.6577059],[35.3272751,32.6585679],[35.3280536,32.656809],[35.3332604,32.65723],[35.3320381,32.6631169],[35.3343742,32.6638528],[35.3519946,32.6630533],[35.350372,32.6749171],[35.3442287,32.6811874],[35.3407914,32.6822997],[35.3357097,32.688771],[35.3272333,32.6892647],[35.3196526,32.6874996],[35.3159755,32.682898],[35.3102233,32.6819125],[35.3076305,32.6777271]]]]}},{"type":"Feature","properties":{"name":"מגדל העמק","osm_id":1383758},"geometry":{"type":"MultiPolygon","coordinates":[[[[35.215552,32.6905639],[35.2156863,32.6887578],[35.217956,32.6874946],[35.2196464,32.6888229],[35.2265191,32.684315],[35.2294039,32.6848259],[35.2300364,32.675232],[35.2313607,32.6739157],[35.2284973,32.6711393],[35.2405168,32.666691],[35.2362911,32.664012],[35.2358742,32.6617881],[35.2482337,32.6618781],[35.2456047,32.6630051],[35.2456238,32.6673669],[35.2476996,32.6677695],[35.248216,32.6717287],[35.2580585,32.672746],[35.264716,32.6775051],[35.257885,32.680177],[35.2582838,32.6887858],[35.2536903,32.6919073],[35.2567793,32.6931408],[35.2552076,32.6956296],[35.255868,32.6979253],[35.2494315,32.695833],[35.2482113,32.6930927],[35.2353973,32.6949167],[35.2312288,32.6938693],[35.2299074,32.6917927],[35.2217488,32.6955022],[35.215552,32.6905639]]]]}},{"type":"Feature","properties":{"name":"يافة الناصرة","osm_id":1383759},"geometry":{"type":"MultiPolygon","coordinates":[[[[35.2536903,32.6919073],[35.2582838,32.6887858],[35.2585066,32.6791116],[35.2642727,32.678667],[35.2665671,32.6692159],[35.2685139,32.6711392],[35.2720894,32.670832],[35.2758619,32.673652],[35.2794907,32.6737397],[35.2840505,32.6773358],[35.27947,32.6864894],[35.2833157,32.6914065],[35.2822101,32.6951817],[35.2737437,32.6975875],[35.2733664,32.6937732],[35.2674731,32.6966766],[35.2665893,32.6953061],[35.2679167,32.6937327],[35.2633117,32.6969072],[35.2536903,32.6919073]]]]}},{"type":"Feature","properties":{"name":"נוף הגליל","osm_id":1383760},"geometry":{"type":"MultiPolygon","coordinates":[[[[35.2870862,32.6879204],[35.2898254,32.6867649],[35.2921142,32.6921211],[35.2889879,32.6924724],[35.2882764,32.6909354],[35.2895705,32.6897644],[35.2870862,32.6879204]]],[[[35.2897176,32.7689451],[35.2969021,32.7617184],[35.3053142,32.7587796],[35.3061934,32.7555817],[35.3091839,32.7528888],[35.3122809,32.7522673],[35.314308,32.7559149],[35.3190487,32.7497157],[35.3168663,32.7502976],[35.3168761,32.7495717],[35.3192844,32.7495695],[35.3182422,32.7524465],[35.3218123,32.7512025],[35.3275904,32.7535878],[35.3246635,32.7545104],[35.3226536,32.7587436],[35.3199843,32.7587979],[35.3214298,32.7622541],[35.3182198,32.7661186],[35.3145329,32.7660717],[35.3124682,32.764123],[35.312635,32.7661979],[35.3093753,32.7682002],[35.2992276,32.7695938],[35.2897176,32.7689451]]],[[[35.3016279,32.6901878],[35.3052929,32.6870365],[35.3062052,32.6838942],[35.3159755,32.682898],[35.3196526,32.6874996],[35.3272333,32.6892647],[35.3357097,32.688771],[35.3407914,32.6822997],[35.3442287,32.6811874],[35.35218,32.6848284],[35.3503256,32.693153],[35.3505075,32.6954347],[35.3510837,32.6937422],[35.3540091,32.6942398],[35.358356,32.6976582],[35.3633386,32.6960661],[35.3644677,32.6984394],[35.369444,32.7006435],[35.3729643,32.6985659],[35.3834099,32.7025088],[35.3773478,32.7080374],[35.3793912,32.7107661],[35.3770257,32.7136201],[35.3762707,32.7186416],[35.3841583,32.7245753],[35.3857588,32.7276569],[35.4115025,32.7244503],[35.4114992,32.7356215],[35.4017297,32.7364118],[35.3957775,32.7400292],[35.3966441,32.7430822],[35.3943103,32.7440165],[35.383081,32.7417745],[35.3829184,32.7397752],[35.3798665,32.740038],[35.3720458,32.7370134],[35.3601241,32.7413631],[35.3545699,32.7408956],[35.3512982,32.7381956],[35.351472,32.7348115],[35.3463613,32.7365991],[35.3420137,32.7347039],[35.3441308,32.7306177],[35.3427632,32.7309057],[35.3422168,32.7291784],[35.3292921,32.7338749],[35.3270386,32.7325784],[35.3252335,32.7348598],[35.3253684,32.7304231],[35.3293252,32.7265277],[35.3267306,32.7232004],[35.3316199,32.720872],[35.3260392,32.7152344],[35.3232692,32.7163174],[35.3225213,32.7125715],[35.3177086,32.712169],[35.315182,32.7138772],[35.3155163,32.7126246],[35.3126793,32.7118319],[35.3110683,32.7138763],[35.3067809,32.7118005],[35.3064041,32.7089433],[35.3123656,32.7083399],[35.313535,32.7066315],[35.3111621,32.7019705],[35.308951,32.702489],[35.3099892,32.6995827],[35.308134,32.6970023],[35.3049291,32.6945846],[35.3030092,32.6952367],[35.3023135,32.6927406],[35.3044227,32.6920014],[35.3044183,32.6904727],[35.3016279,32.6901878]]],[[[35.3023913,32.7528424],[35.3044138,32.7496133],[35.3036015,32.746383],[35.3062573,32.7442251],[35.3071755,32.7468885],[35.3035377,32.7558033],[35.3023913,32.7528424]]]]}},{"type":"Feature","properties":{"name":"دبورية","osm_id":1383761},"geometry":{"type":"MultiPolygon","coordinates":[[[[35.3505075,32.6954347],[35.3531279,32.6808383],[35.3656618,32.6783515],[35.3663173,32.6799341],[35.3725489,32.6794181],[35.3798148,32.677036],[35.3823537,32.6798321],[35.3791453,32.6823985],[35.3763014,32.6896718],[35.378165,32.6920538],[35.3835817,32.693117],[35.3819099,32.7016868],[35.3729643,32.6985659],[35.369444,32.7006435],[35.3644677,32.6984394],[35.3633386,32.6960661],[35.3582775,32.6976493],[35.3540091,32.6942398],[35.3510837,32.6937422],[35.3505075,32.6954347]]]]}},{"type":"Feature","properties":{"name":"כפר תבור","osm_id":1383762},"geometry":{"type":"MultiPolygon","coordinates":[[[[35.3968196,32.6730811],[35.4004141,32.6647815],[35.4059714,32.6658483],[35.4094031,32.6698929],[35.4153391,32.6702417],[35.4169369,32.6698679],[35.4158314,32.6669549],[35.4197673,32.6666901],[35.4303391,32.6600879],[35.4365737,32.6585154],[35.4349562,32.6627364],[35.4377766,32.6637068],[35.4404325,32.671868],[35.4442315,32.6720482],[35.4458862,32.6787193],[35.4446459,32.681559],[35.4473559,32.6857774],[35.441061,32.6879606],[35.4393816,32.6904641],[35.4322637,32.687769],[35.4278682,32.691252],[35.4322574,32.7072569],[35.4222623,32.7102625],[35.4123363,32.7106645],[35.4127379,32.7048149],[35.4264517,32.703532],[35.4263706,32.7003105],[35.4251361,32.6989591],[35.4197677,32.7014604],[35.4132474,32.7006313],[35.4159954,32.6950096],[35.4143831,32.6933767],[35.4161141,32.6884729],[35.4138076,32.6858747],[35.4147463,32.6806331],[35.4118957,32.6783849],[35.4050698,32.6787057],[35.4040698,32.6756162],[35.3995009,32.6760502],[35.3982219,32.6726053],[35.3968196,32.6730811]]]]}},{"type":"Feature","properties":{"name":"עין מאהל","osm_id":1383934},"geometry":{"type":"MultiPolygon","coordinates":[[[[35.3369359,32.7080919],[35.3451957,32.704259],[35.3469643,32.7068354],[35.3538598,32.7082307],[35.3578795,32.7048855],[35.359572,32.7062518],[35.3583032,32.710182],[35.3594256,32.7143099],[35.3640023,32.719224],[35.3680576,32.7196236],[35.3676162,32.7239022],[35.3766606,32.7246464],[35.3731561,32.728151],[35.363559,32.7321576],[35.3575887,32.7286444],[35.3459695,32.7258181],[35.346386,32.7222621],[35.341396,32.721038],[35.3435439,32.7191567],[35.3428983,32.7160284],[35.3404216,32.7148403],[35.3419872,32.7098701],[35.3369359,32.7080919]]]]}},{"type":"Feature","properties":{"name":"משהד","osm_id":1383935},"geometry":{"type":"MultiPolygon","coordinates":[[[[35.3013142,32.7600581],[35.3071755,32.7468885],[35.3062573,32.7442251],[35.3135988,32.7402814],[35.3176407,32.7345184],[35.3219377,32.7349644],[35.3223922,32.7317223],[35.3250039,32.7302419],[35.3252335,32.7348598],[35.3270386,32.7325784],[35.3292921,32.7338749],[35.340452,32.7294926],[35.3441308,32.7306177],[35.3399393,32.7347583],[35.3384071,32.7340637],[35.3334775,32.7381372],[35.32972,32.7386973],[35.3347512,32.7431218],[35.3336636,32.7462226],[35.3323219,32.746876],[35.3313563,32.7453373],[35.3308656,32.7473571],[35.3323301,32.7487426],[35.3289934,32.7514601],[35.3274527,32.7570939],[35.3330198,32.761337],[35.3333599,32.7637228],[35.3272886,32.7647163],[35.3281469,32.7699817],[35.3299339,32.7699128],[35.3298654,32.7713084],[35.3213347,32.7712402],[35.3242226,32.7762178],[35.3137038,32.7774193],[35.312097,32.7758579],[35.318728,32.7734811],[35.3176004,32.7696403],[35.3112426,32.7673738],[35.3128013,32.7656878],[35.3119458,32.7642621],[35.3174403,32.766338],[35.3203179,32.7644339],[35.321351,32.7607967],[35.3199843,32.7587979],[35.3226536,32.7587436],[35.3246635,32.7545104],[35.3275904,32.7535878],[35.325383,32.7518286],[35.3182422,32.7524465],[35.3192844,32.7495695],[35.3168761,32.7495717],[35.3190487,32.7497157],[35.314308,32.7559149],[35.3122809,32.7522673],[35.3103375,32.7524601],[35.3061934,32.7555817],[35.3053142,32.7587796],[35.3013142,32.7600581]]]]}},{"type":"Feature","properties":{"name":"الرينة","osm_id":1383936},"geometry":{"type":"MultiPolygon","coordinates":[[[[35.2794555,32.7294757],[35.2839783,32.7288077],[35.2847364,32.7254175],[35.2877369,32.7229532],[35.2987016,32.7189837],[35.3000464,32.7150762],[35.3040686,32.7161974],[35.3054494,32.7131501],[35.3069153,32.7138504],[35.3069118,32.7119202],[35.3110683,32.7138763],[35.3126793,32.7118319],[35.3155163,32.7126246],[35.315182,32.7138772],[35.3177086,32.712169],[35.3225213,32.7125715],[35.3232692,32.7163174],[35.3260392,32.7152344],[35.3316718,32.7210531],[35.3267306,32.7232004],[35.3293252,32.7265277],[35.326644,32.7300659],[35.3225924,32.7314764],[35.3219377,32.7349644],[35.3176407,32.7345184],[35.3135988,32.7402814],[35.3081167,32.7422951],[35.3088821,32.7437013],[35.3036015,32.746383],[35.2949414,32.7465331],[35.2948973,32.7451407],[35.291728,32.7444622],[35.2904955,32.7416181],[35.2848684,32.7387691],[35.2832552,32.7301779],[35.2822682,32.7314552],[35.2794555,32.7294757]]]]}},{"type":"Feature","properties":{"name":"כפר כנא","osm_id":1383937},"geometry":{"type":"MultiPolygon","coordinates":[[[[35.3272886,32.7647163],[35.3333599,32.7637228],[35.3330198,32.761337],[35.3274527,32.7570939],[35.3289934,32.7514601],[35.3323301,32.7487426],[35.3308656,32.7473571],[35.3313563,32.7453373],[35.3323219,32.746876],[35.3336636,32.7462226],[35.3347512,32.7431218],[35.32972,32.7386973],[35.3341886,32.7377251],[35.3360064,32.7350519],[35.3399393,32.7347583],[35.3420134,32.7328015],[35.3420137,32.7347039],[35.3445539,32.7347564],[35.3453374,32.7365687],[35.351472,32.7348115],[35.3512982,32.7381956],[35.3558158,32.7408899],[35.355111,32.7430195],[35.3652297,32.7478915],[35.3653586,32.7535996],[35.3514902,32.7539413],[35.3498108,32.7523329],[35.3474818,32.7553098],[35.3498726,32.757698],[35.355218,32.75918],[35.3507145,32.7619347],[35.3575556,32.7623907],[35.3570837,32.7729665],[35.3447166,32.7732631],[35.3298654,32.7713084],[35.3299339,32.7699128],[35.3281469,32.7699817],[35.3272886,32.7647163]]]]}},{"type":"Feature","properties":{"name":"عيلوط","osm_id":1386835},"geometry":{"type":"MultiPolygon","coordinates":[[[[35.2526788,32.7185289],[35.2548457,32.7131693],[35.2533689,32.7113856],[35.2541983,32.70984],[35.2648504,32.7113456],[35.2712524,32.7095468],[35.2741211,32.7140674],[35.2716516,32.7189205],[35.2662457,32.7228497],[35.2691139,32.7266059],[35.2580602,32.7309041],[35.25568,32.7312351],[35.2557235,32.7268068],[35.2528673,32.7244629],[35.2557703,32.7217442],[35.2526788,32.7185289]]]]}},{"type":"Feature","properties":{"name":"נצרת","osm_id":1386836},"geometry":{"type":"MultiPolygon","coordinates":[[[[35.2660515,32.724013],[35.273977,32.7150937],[35.2712524,32.7095468],[35.2771152,32.7060471],[35.2812971,32.7063326],[35.2805626,32.7015461],[35.2822009,32.7002601],[35.2809729,32.6989996],[35.2833157,32.6914065],[35.27947,32.6864894],[35.2839547,32.6786317],[35.2849666,32.673271],[35.2882909,32.6728078],[35.2894248,32.6762639],[35.3009147,32.6790097],[35.3057309,32.684784],[35.3052929,32.6870365],[35.3016279,32.6901878],[35.3044183,32.6904727],[35.3044227,32.6920014],[35.3023135,32.6927406],[35.3030092,32.6952367],[35.3049291,32.6945846],[35.3085369,32.6974508],[35.3099892,32.6995827],[35.3088403,32.7022417],[35.3123328,32.703395],[35.3128777,32.7079426],[35.3064041,32.7089433],[35.3073184,32.7131397],[35.3051821,32.7133877],[35.3054531,32.7152121],[35.3028749,32.7165177],[35.3000464,32.7150762],[35.2987016,32.7189837],[35.2877369,32.7229532],[35.2847364,32.7254175],[35.2839783,32.7288077],[35.2794555,32.7294757],[35.2822682,32.7314552],[35.2832552,32.7301779],[35.2834585,32.7363002],[35.2764952,32.7345479],[35.2763584,32.7292754],[35.2660515,32.724013]]]]}},{"type":"Feature","properties":{"name":"البعينة","osm_id":1386837},"geometry":{"type":"MultiPolygon","coordinates":[[[[35.3508914,32.803209],[35.3530521,32.7991446],[35.3751347,32.7973099],[35.3788098,32.8036148],[35.3747743,32.8073646],[35.3770747,32.8113659],[35.3886319,32.8122697],[35.3897658,32.8102733],[35.3948106,32.809984],[35.3970738,32.8131035],[35.3869214,32.8132004],[35.3840581,32.8147296],[35.3826302,32.8200984],[35.3880116,32.8225793],[35.3831219,32.827588],[35.3796985,32.8278758],[35.3805214,32.8254527],[35.3555555,32.8209196],[35.3569624,32.816771],[35.3536181,32.8152951],[35.3587431,32.8076718],[35.3528105,32.8058899],[35.3508914,32.803209]]]]}},{"type":"Feature","properties":{"name":"مجلس إقليمي البطوف","osm_id":1386838},"geometry":{"type":"MultiPolygon","coordinates":[[[[35.2965171,32.7830998],[35.3020862,32.777033],[35.3015118,32.7705983],[35.3118532,32.7675484],[35.3124627,32.7688078],[35.3107519,32.7694572],[35.3151569,32.7722803],[35.3107268,32.7748433],[35.3111327,32.7790587],[35.307543,32.7821512],[35.315605,32.7849067],[35.3151208,32.7866017],[35.3232609,32.7863012],[35.3282698,32.7878407],[35.3365056,32.7945647],[35.3445632,32.7977545],[35.3436655,32.7995082],[35.3301868,32.7939196],[35.3060129,32.7899158],[35.3071923,32.786018],[35.3031236,32.7849136],[35.3026697,32.7883268],[35.3012819,32.7874435],[35.3002064,32.7892292],[35.2978939,32.7889494],[35.2965171,32.7830998]]],[[[35.4829354,32.8306065],[35.4928975,32.8276248],[35.4918636,32.8269204],[35.4933292,32.8267188],[35.491949,32.8270228],[35.5018234,32.8308887],[35.495391,32.8285323],[35.4951121,32.8312044],[35.4891676,32.8331735],[35.4829354,32.8306065]]]]}},{"type":"Feature","properties":{"name":"بئر المكسور","osm_id":1386839},"geometry":{"type":"MultiPolygon","coordinates":[[[[35.2088423,32.7952912],[35.2090721,32.7935269],[35.2152207,32.7923015],[35.213433,32.7886022],[35.2157742,32.7844209],[35.2135609,32.7759755],[35.2110587,32.7768888],[35.2128581,32.7742845],[35.2112567,32.7718023],[35.2126977,32.7723619],[35.2132345,32.7704595],[35.215559,32.7702012],[35.2151356,32.7679121],[35.2126578,32.769343],[35.2115947,32.7686799],[35.213185,32.7677725],[35.2095004,32.767665],[35.211121,32.766101],[35.2139841,32.7679905],[35.2166701,32.7666403],[35.2168433,32.7704743],[35.2210397,32.7681179],[35.2281214,32.7677238],[35.2262387,32.769296],[35.2311779,32.771255],[35.2303438,32.7822872],[35.2332243,32.78188],[35.2335106,32.7889986],[35.2349792,32.789044],[35.234295,32.7908732],[35.2368636,32.7912394],[35.2369499,32.7964358],[35.2393362,32.796683],[35.2392139,32.7987035],[35.2325459,32.7974834],[35.2334424,32.794786],[35.2306793,32.793252],[35.2289609,32.7939802],[35.2274424,32.7989612],[35.2289583,32.8009569],[35.2283584,32.8050768],[35.2265292,32.8019617],[35.2243004,32.8035528],[35.2264754,32.8012896],[35.2254175,32.7999588],[35.2265979,32.7963981],[35.22357,32.7978785],[35.2179496,32.7975197],[35.2152571,32.8006308],[35.2153475,32.7947646],[35.210723,32.7966329],[35.2088423,32.7952912]]]]}},{"type":"Feature","properties":{"name":"طرعان","osm_id":1386840},"geometry":{"type":"MultiPolygon","coordinates":[[[[35.3545985,32.7731643],[35.3570837,32.7729665],[35.3575314,32.762471],[35.3592162,32.7604068],[35.3728413,32.7630061],[35.3752398,32.761822],[35.375716,32.7596775],[35.3789351,32.7591518],[35.3803284,32.7571323],[35.3748138,32.7552536],[35.3758506,32.7516034],[35.382292,32.7487084],[35.3829072,32.7517908],[35.3860308,32.752958],[35.3869606,32.7556181],[35.3860536,32.7609913],[35.3810893,32.7668325],[35.3787641,32.7658954],[35.39639,32.7738562],[35.4070833,32.7762576],[35.4056463,32.7872585],[35.398747,32.7858627],[35.4010923,32.7943334],[35.3968898,32.7976827],[35.3969924,32.7998655],[35.3946898,32.8019091],[35.3944103,32.7969491],[35.3899371,32.7967473],[35.3890726,32.7980047],[35.3867843,32.7946391],[35.3921538,32.7900387],[35.3874781,32.7896053],[35.3841111,32.7871965],[35.3855484,32.7840033],[35.3830634,32.7835108],[35.3817612,32.7840708],[35.3826319,32.7860108],[35.3770602,32.7872217],[35.3827858,32.795455],[35.3769277,32.796892],[35.3779796,32.7946295],[35.3750208,32.7905306],[35.3758013,32.788547],[35.3730661,32.7872795],[35.3709563,32.7908267],[35.3623426,32.7891117],[35.3623088,32.7851322],[35.3662715,32.7816239],[35.3647533,32.7810294],[35.3669322,32.7771972],[35.3657764,32.7754372],[35.3545985,32.7731643]]]]}},{"type":"Feature","properties":{"name":"كفر مندا","osm_id":1386841},"geometry":{"type":"MultiPolygon","coordinates":[[[[35.2356638,32.802375],[35.2394473,32.8008757],[35.2393362,32.796683],[35.2369499,32.7964358],[35.2367133,32.7934275],[35.2408321,32.7917605],[35.2452405,32.7938646],[35.2479699,32.793163],[35.2501956,32.7955767],[35.2649698,32.7940696],[35.2684016,32.7922127],[35.2770354,32.7989304],[35.2843768,32.7959007],[35.2836726,32.808127],[35.2868849,32.8081428],[35.2865298,32.8129823],[35.2833098,32.8132348],[35.284221,32.8167751],[35.254102,32.8208134],[35.2526697,32.8162406],[35.2436876,32.8133763],[35.2368695,32.8154922],[35.2360751,32.8114219],[35.2397419,32.8071205],[35.2368341,32.8052018],[35.2383014,32.8041904],[35.2374391,32.8027747],[35.2356638,32.802375]]]]}},{"type":"Feature","properties":{"name":"إعبلين","osm_id":1386842},"geometry":{"type":"MultiPolygon","coordinates":[[[[35.1392928,32.8488029],[35.1519888,32.835058],[35.1605517,32.832075],[35.1617003,32.8295763],[35.166375,32.8300027],[35.1662824,32.8255057],[35.1764332,32.8227131],[35.1764862,32.8175509],[35.1836961,32.8151206],[35.1857457,32.8116315],[35.1870189,32.8128064],[35.1941135,32.8117122],[35.1922364,32.8083684],[35.1941231,32.8058455],[35.1958192,32.8051437],[35.2031447,32.808302],[35.2022295,32.812798],[35.2057464,32.8166497],[35.2066564,32.8206927],[35.2097904,32.8225031],[35.2100272,32.8255167],[35.2032702,32.8261664],[35.2025151,32.8295816],[35.198622,32.8318056],[35.1991062,32.8343844],[35.1969057,32.8347661],[35.1961431,32.8369846],[35.1892413,32.8365085],[35.1816121,32.8404075],[35.1815307,32.8387476],[35.1762521,32.839798],[35.1748695,32.8381801],[35.1703491,32.8391502],[35.1711284,32.8399284],[35.1689392,32.8415833],[35.1529514,32.8489792],[35.1480578,32.8497897],[35.1478186,32.8486147],[35.140413,32.8508644],[35.1392928,32.8488029]]]]}},{"type":"Feature","properties":{"name":"كوكب أبو الهيجاء","osm_id":1386843},"geometry":{"type":"MultiPolygon","coordinates":[[[[35.2411589,32.8366324],[35.2415459,32.8259916],[35.243827,32.8199649],[35.2472358,32.8194245],[35.2511659,32.8231809],[35.2562137,32.8230371],[35.2587984,32.8271836],[35.2578605,32.8318362],[35.2611299,32.8358614],[35.2588804,32.8397166],[35.2515618,32.8366163],[35.2444222,32.8377549],[35.2411589,32.8366324]]]]}},{"type":"Feature","properties":{"name":"מועצה אזורית משגב","osm_id":1386844},"geometry":{"type":"MultiPolygon","coordinates":[[[[35.1546288,32.9127456],[35.1462246,32.9145014],[35.133774,32.9130174],[35.120673,32.9154538],[35.118051,32.9002401],[35.1197045,32.8992658],[35.1191806,32.8943632],[35.1242666,32.8935706],[35.1250557,32.8972523],[35.1388807,32.8946454],[35.14239,32.9015304],[35.1456959,32.9013413],[35.1459643,32.9031744],[35.1485703,32.903578],[35.1500214,32.9080758],[35.153028,32.9077722],[35.1546288,32.9127456]]],[[[35.1546288,32.9127456],[35.1754224,32.9108223],[35.1852733,32.9129458],[35.1853638,32.9152092],[35.1915641,32.9143638],[35.1963706,32.9155911],[35.2117332,32.9112895],[35.2152317,32.9118804],[35.2134352,32.9136817],[35.2151171,32.9171367],[35.2258743,32.9154981],[35.2289983,32.9191334],[35.2286439,32.9222754],[35.2333844,32.9221012],[35.2289218,32.9251473],[35.2445098,32.9257929],[35.2519734,32.9284909],[35.2546404,32.9332388],[35.2548529,32.9492676],[35.2600595,32.9486339],[35.2610604,32.9502376],[35.2588369,32.9543973],[35.2504469,32.9574295],[35.2509861,32.950616],[35.2412534,32.9507834],[35.2378397,32.948877],[35.2381191,32.9476114],[35.2310996,32.9471598],[35.2329302,32.9430023],[35.2282442,32.9404643],[35.2268454,32.9419118],[35.2175809,32.9422093],[35.2090595,32.9457347],[35.195615,32.9482356],[35.1935126,32.9405916],[35.195614,32.941398],[35.1994802,32.9391125],[35.1979449,32.9371451],[35.1938128,32.9375816],[35.1920602,32.9352704],[35.1811155,32.9342881],[35.1801007,32.9330549],[35.1788291,32.9349164],[35.1784701,32.9321579],[35.1761295,32.9330245],[35.1750201,32.9312955],[35.1681528,32.9341738],[35.1610512,32.9322124],[35.1589463,32.9200582],[35.1562543,32.9129781],[35.1546288,32.9127456]]],[[[35.1892082,32.8373978],[35.1961431,32.8369846],[35.1969057,32.8347661],[35.1991062,32.8343844],[35.198622,32.8318056],[35.2013473,32.8307988],[35.2022027,32.8286057],[35.2060854,32.8284296],[35.208787,32.8320724],[35.2075833,32.8378811],[35.2041781,32.8384618],[35.1981953,32.8432737],[35.1958522,32.8404652],[35.1919028,32.8416571],[35.194043,32.8389453],[35.1908667,32.8404748],[35.1892082,32.8373978]]],[[[35.1912381,32.9049569],[35.1946117,32.9043716],[35.1926476,32.8990455],[35.1949305,32.8982408],[35.2126106,32.9035902],[35.2213235,32.9012663],[35.2216163,32.8970819],[35.2304581,32.8944987],[35.2422043,32.8950868],[35.2541374,32.8889292],[35.2504676,32.8843633],[35.2363432,32.8857189],[35.2327423,32.8838705],[35.2294533,32.8847456],[35.2269979,32.8826614],[35.2239053,32.8855314],[35.2179808,32.8859498],[35.2217436,32.8873554],[35.2216697,32.8899737],[35.2141231,32.8911783],[35.2102248,32.8896431],[35.210242,32.8980133],[35.2058862,32.8987889],[35.2041839,32.8945758],[35.1984007,32.8950553],[35.1978974,32.8930436],[35.1948959,32.8940417],[35.1950741,32.890502],[35.2033497,32.8872017],[35.2040548,32.8840404],[35.2196973,32.8788305],[35.2192828,32.8745807],[35.2221353,32.8724356],[35.224878,32.8630673],[35.2248444,32.8618827],[35.2219672,32.8615946],[35.2208412,32.859035],[35.2330374,32.8501747],[35.2327157,32.8473012],[35.2248183,32.8464701],[35.2229214,32.8448737],[35.2355071,32.8436749],[35.2329566,32.8365771],[35.2257175,32.8272578],[35.2292506,32.8229353],[35.2296069,32.8194856],[35.227191,32.8181989],[35.2216721,32.8201593],[35.2184603,32.8190444],[35.21519,32.8212319],[35.2143381,32.8241935],[35.2100272,32.8255167],[35.2097904,32.8225031],[35.2066564,32.8206927],[35.2057464,32.8166497],[35.2035656,32.8152225],[35.2022295,32.812798],[35.2031447,32.808302],[35.2011653,32.8079164],[35.2038832,32.8033429],[35.2011869,32.8028752],[35.2052864,32.8010694],[35.2040915,32.7984563],[35.2088423,32.7952912],[35.210723,32.7966329],[35.2153475,32.7947646],[35.2152571,32.8006308],[35.2179496,32.7975197],[35.22357,32.7978785],[35.2265979,32.7963981],[35.2254175,32.7999588],[35.2264754,32.8012896],[35.2243004,32.8035528],[35.2265292,32.8019617],[35.2283584,32.8050768],[35.2289583,32.8009569],[35.2274424,32.7989612],[35.2289609,32.7939802],[35.2329128,32.7942862],[35.2325459,32.7974834],[35.2393317,32.7987509],[35.2394473,32.8008757],[35.2356638,32.802375],[35.2374391,32.8027747],[35.2383014,32.8041904],[35.2368341,32.8052018],[35.2397419,32.8071205],[35.2360751,32.8114219],[35.2368695,32.8154922],[35.2436876,32.8133763],[35.2526697,32.8162406],[35.254102,32.8208134],[35.284221,32.8167751],[35.2833098,32.8132348],[35.2914916,32.8132241],[35.2990843,32.8182565],[35.3240412,32.8200157],[35.3607318,32.8288089],[35.3712955,32.8337486],[35.3853514,32.829978],[35.3910466,32.8319777],[35.3928404,32.8309557],[35.3935311,32.8333472],[35.3962517,32.8335793],[35.3976512,32.8380595],[35.3942014,32.8385981],[35.3922732,32.8432445],[35.3931547,32.8451026],[35.3868776,32.8437038],[35.3844416,32.8457978],[35.3876646,32.8465449],[35.3872055,32.8484527],[35.390902,32.8505294],[35.3890986,32.8537263],[35.3951332,32.8560529],[35.3954695,32.858314],[35.3936246,32.8601071],[35.3863767,32.8534316],[35.3839922,32.855485],[35.3794928,32.8558951],[35.3802302,32.8540138],[35.3773183,32.8513257],[35.3700295,32.8505731],[35.3660161,32.853724],[35.3614871,32.8546675],[35.3617818,32.852717],[35.3585167,32.8486446],[35.3602085,32.847262],[35.3524752,32.8465327],[35.351515,32.840389],[35.3439441,32.8395469],[35.3401271,32.8368564],[35.3381271,32.8386928],[35.3303971,32.8396437],[35.3203193,32.8389964],[35.3179611,32.8413027],[35.3191355,32.8456435],[35.313422,32.848306],[35.3100169,32.8464588],[35.3067322,32.8476274],[35.3059023,32.8534662],[35.301531,32.853391],[35.3011669,32.8487702],[35.2995565,32.8516596],[35.3013597,32.8516571],[35.3013317,32.8533952],[35.2994485,32.8552318],[35.2915031,32.8583223],[35.287743,32.8581829],[35.2821473,32.8615771],[35.2816841,32.8653195],[35.2792581,32.8654128],[35.2822906,32.8673895],[35.2811626,32.8717431],[35.2841778,32.8734842],[35.2831401,32.8761247],[35.2991793,32.8785318],[35.298327,32.8759154],[35.3011479,32.8734701],[35.3095019,32.8728664],[35.3153243,32.8747556],[35.3157154,32.878397],[35.3317153,32.8757366],[35.3395964,32.8720016],[35.3416279,32.8724606],[35.3416928,32.8747903],[35.3575814,32.87699],[35.3597325,32.8761942],[35.3603012,32.8729],[35.368805,32.8778284],[35.3735371,32.8752082],[35.3738873,32.8733749],[35.3729381,32.8738],[35.3760238,32.8707641],[35.3878076,32.8744768],[35.3850964,32.8784614],[35.3869757,32.8780289],[35.3890598,32.8823441],[35.3791772,32.890624],[35.3798803,32.8955798],[35.3758406,32.8952449],[35.3771908,32.8991103],[35.3761795,32.9053001],[35.3864097,32.9087802],[35.3858902,32.9119299],[35.3880188,32.9118006],[35.38551,32.9170083],[35.3949668,32.9128865],[35.4020746,32.9134525],[35.4045332,32.917369],[35.3977064,32.9234644],[35.3853342,32.9251917],[35.3830222,32.9239251],[35.3835207,32.9225013],[35.3800134,32.9226545],[35.3791362,32.9200763],[35.3775427,32.9198275],[35.3776722,32.9220096],[35.3654771,32.921991],[35.3643458,32.9249787],[35.362456,32.9251652],[35.3609591,32.9202412],[35.3585013,32.9200319],[35.3584873,32.9184897],[35.3535514,32.9184581],[35.3527646,32.9170192],[35.3471946,32.9177119],[35.3465812,32.9110613],[35.3423274,32.9121451],[35.3427738,32.9132791],[35.3368698,32.9137006],[35.3337232,32.9103205],[35.3256448,32.9119137],[35.3234627,32.9086499],[35.3218825,32.9106783],[35.3190964,32.9097943],[35.3164612,32.9033082],[35.3142224,32.9058361],[35.3131435,32.9049419],[35.3158337,32.9007717],[35.3179401,32.9007371],[35.3139603,32.8969765],[35.3088758,32.8956198],[35.3066479,32.8964033],[35.3058192,32.8998422],[35.2989514,32.9002262],[35.3015334,32.8949012],[35.2979507,32.8930792],[35.2959003,32.8934377],[35.2938328,32.8965022],[35.2887381,32.8943478],[35.2852535,32.8953034],[35.2825631,32.8926752],[35.2796847,32.8950229],[35.2753019,32.8936302],[35.2710296,32.8965905],[35.2689951,32.8960083],[35.2684644,32.9009885],[35.257658,32.9014866],[35.2567845,32.9056821],[35.2534532,32.9088061],[35.2485676,32.90997],[35.2497879,32.9049636],[35.2434021,32.9086541],[35.2436858,32.906433],[35.2386683,32.9062818],[35.2328861,32.9078746],[35.2257753,32.9145278],[35.2220322,32.9143351],[35.2047035,32.9071856],[35.2016838,32.911057],[35.1963565,32.9121934],[35.1913794,32.9076172],[35.1912381,32.9049569]]],[[[35.2691569,32.945],[35.2764652,32.9394582],[35.2780727,32.9404556],[35.2833399,32.9383241],[35.2925571,32.9385119],[35.2981708,32.9396081],[35.2990246,32.9431094],[35.3040805,32.9428085],[35.3104873,32.9451137],[35.3174158,32.9435289],[35.3178789,32.9486826],[35.3171887,32.9538374],[35.3148493,32.9539566],[35.3136281,32.9558593],[35.3110439,32.9540452],[35.3048185,32.953701],[35.3043104,32.9491465],[35.289026,32.9500882],[35.2728903,32.9567031],[35.2703435,32.951516],[35.2714691,32.9484533],[35.2691569,32.945]]],[[[35.3239906,32.9604197],[35.3261763,32.9576938],[35.3249551,32.9571856],[35.324447,32.9561604],[35.324962,32.9554955],[35.3281594,32.955204],[35.3273892,32.9533882],[35.3392302,32.9527837],[35.3383617,32.9580481],[35.3361557,32.9595598],[35.3239906,32.9604197]]]]}},{"type":"Feature","properties":{"name":"شفا عمرو","osm_id":1386845},"geometry":{"type":"MultiPolygon","coordinates":[[[[35.1426674,32.8236187],[35.1490943,32.8221481],[35.1514787,32.8231353],[35.1471867,32.8089976],[35.1474976,32.8060457],[35.1534962,32.8042142],[35.1514663,32.8025494],[35.1514944,32.8004514],[35.1593144,32.7957301],[35.166521,32.7941028],[35.1670706,32.791736],[35.1720165,32.791752],[35.1757638,32.7899017],[35.177083,32.7914613],[35.1776794,32.7865083],[35.1827439,32.7765922],[35.1882058,32.7760576],[35.1879277,32.774408],[35.1935072,32.7726136],[35.1930485,32.7712458],[35.1961936,32.7695756],[35.2001142,32.7697291],[35.2011013,32.772241],[35.1982579,32.7758545],[35.2010031,32.7768504],[35.2038992,32.7810423],[35.2025111,32.7832526],[35.2051423,32.7890229],[35.2042162,32.7918656],[35.215192,32.7921623],[35.2090721,32.7935269],[35.2057671,32.7984796],[35.2040915,32.7984563],[35.2052864,32.8010694],[35.2011869,32.8028752],[35.2038832,32.8033429],[35.2025697,32.8069905],[35.2011653,32.8079164],[35.1958192,32.8051437],[35.1941231,32.8058455],[35.1922364,32.8083684],[35.1941135,32.8117122],[35.1870189,32.8128064],[35.1857457,32.8116315],[35.1836961,32.8151206],[35.1764862,32.8175509],[35.1764332,32.8227131],[35.1662824,32.8255057],[35.166375,32.8300027],[35.1617003,32.8295763],[35.1597326,32.8323959],[35.1570552,32.828776],[35.1581261,32.8271612],[35.155853,32.8282144],[35.1548192,32.8264504],[35.156007,32.8260339],[35.1552112,32.8236517],[35.1528397,32.8242629],[35.1540508,32.829047],[35.1505242,32.8306217],[35.1483705,32.8261654],[35.1449231,32.8274031],[35.1426674,32.8236187]]]]}},{"type":"Feature","properties":{"name":"طمرة‎","osm_id":1386851},"geometry":{"type":"MultiPolygon","coordinates":[[[[35.1188884,32.8598742],[35.1198774,32.8520154],[35.1329272,32.8553211],[35.1392928,32.8488029],[35.140413,32.8508644],[35.1478186,32.8486147],[35.1480578,32.8497897],[35.1529514,32.8489792],[35.1689392,32.8415833],[35.1711284,32.8399284],[35.1703491,32.8391502],[35.1748695,32.8381801],[35.1762521,32.839798],[35.1815307,32.8387476],[35.1816121,32.8404075],[35.1881678,32.8368327],[35.191868,32.8364237],[35.1892082,32.8373978],[35.1899701,32.8400103],[35.194043,32.8389453],[35.1919028,32.8416571],[35.1958522,32.8404652],[35.1981953,32.8432737],[35.2080205,32.8371253],[35.2084159,32.8309357],[35.2060854,32.8284296],[35.2022027,32.8286057],[35.2032702,32.8261664],[35.2121128,32.8256592],[35.2184603,32.8190444],[35.2216721,32.8201593],[35.2251162,32.8182108],[35.2297104,32.8197003],[35.2292506,32.8229353],[35.2257175,32.8272578],[35.2329566,32.8365771],[35.2355071,32.8436749],[35.2229214,32.8448737],[35.2248183,32.8464701],[35.2327157,32.8473012],[35.2330374,32.8501747],[35.2208019,32.8591322],[35.2199173,32.8577378],[35.2134685,32.8579618],[35.2024125,32.8618488],[35.2002687,32.8642322],[35.1964988,32.8625931],[35.1928184,32.8661109],[35.1837272,32.8644096],[35.1839508,32.8672602],[35.1823854,32.8672748],[35.1821442,32.8647166],[35.1755654,32.8649561],[35.1735304,32.8666481],[35.1706709,32.8632454],[35.1643583,32.8645723],[35.1646478,32.8686195],[35.1583657,32.8682869],[35.1588422,32.87162],[35.156052,32.872072],[35.1563839,32.8735611],[35.1490473,32.874342],[35.1497579,32.878107],[35.1374284,32.8822548],[35.1346535,32.867628],[35.1279803,32.8681211],[35.1278867,32.8638289],[35.1218829,32.8644288],[35.1216683,32.8597859],[35.1188884,32.8598742]]]]}},{"type":"Feature","properties":{"name":"كابول","osm_id":1386852},"geometry":{"type":"MultiPolygon","coordinates":[[[[35.1813529,32.8768074],[35.185262,32.8750349],[35.1920952,32.8760789],[35.1967669,32.87222],[35.195115,32.8695313],[35.1929292,32.8708128],[35.188099,32.8702678],[35.1889335,32.8682687],[35.1843687,32.8668623],[35.1837272,32.8644096],[35.193384,32.8659913],[35.1964988,32.8625931],[35.2002687,32.8642322],[35.2024125,32.8618488],[35.2134685,32.8579618],[35.2199173,32.8577378],[35.2219672,32.8615946],[35.2248444,32.8618827],[35.2221353,32.8724356],[35.2192828,32.8745807],[35.2196973,32.8788305],[35.2040548,32.8840404],[35.2033497,32.8872017],[35.1950741,32.890502],[35.1943975,32.8956478],[35.1884445,32.8953102],[35.1876442,32.8924546],[35.1935154,32.8910435],[35.1931869,32.8864914],[35.1970502,32.8843781],[35.1984139,32.8773595],[35.1813529,32.8768074]]]]}},{"type":"Feature","properties":{"name":"יבנאל","osm_id":1387228},"geometry":{"type":"MultiPolygon","coordinates":[[[[35.4761647,32.7336539],[35.4834838,32.7292194],[35.4818652,32.7293231],[35.4782688,32.723868],[35.4827238,32.7160941],[35.4868102,32.7134512],[35.4834187,32.7126046],[35.4776414,32.7146649],[35.4780359,32.7064793],[35.4818897,32.7059529],[35.4859476,32.7021141],[35.4926654,32.7014496],[35.4912623,32.699065],[35.4922045,32.6928046],[35.4935904,32.6920074],[35.4936044,32.6947784],[35.5010881,32.69005],[35.5000834,32.6888407],[35.5056746,32.6882126],[35.5097442,32.684672],[35.5093475,32.6806734],[35.5118709,32.6779002],[35.5187226,32.6747602],[35.5302252,32.6752607],[35.5336027,32.6770257],[35.5323774,32.6792912],[35.5358945,32.6768782],[35.5399664,32.6766418],[35.5402943,32.6833591],[35.5432519,32.6878639],[35.543075,32.6918167],[35.5279908,32.6908265],[35.5340742,32.6929271],[35.536463,32.6954837],[35.5356003,32.7097994],[35.5459933,32.7105842],[35.5469218,32.7187978],[35.5402016,32.714954],[35.5274067,32.7163804],[35.5239266,32.7213203],[35.5321403,32.7275327],[35.5421797,32.7322007],[35.5315421,32.7422995],[35.5235809,32.7369329],[35.5205739,32.7375164],[35.5242361,32.7438765],[35.5224394,32.745532],[35.5123257,32.7410916],[35.5116281,32.7429354],[35.5034457,32.7354085],[35.49848,32.736635],[35.4942936,32.7409803],[35.4857984,32.7319512],[35.4806504,32.7371796],[35.4761647,32.7336539]]]]}},{"type":"Feature","properties":{"name":"טבריה","osm_id":1387273},"geometry":{"type":"MultiPolygon","coordinates":[[[[35.4952814,32.7855011],[35.5074262,32.7652812],[35.5130561,32.7705176],[35.524099,32.7671218],[35.5226687,32.7656506],[35.5183664,32.7669193],[35.5172439,32.7645743],[35.518959,32.7640983],[35.5215987,32.7646653],[35.5241812,32.76706],[35.5279929,32.7642435],[35.5324515,32.7675423],[35.5366041,32.7656042],[35.5382434,32.7666598],[35.54664,32.7598367],[35.548182,32.7627225],[35.5518935,32.7640568],[35.5589274,32.7567081],[35.5569241,32.7553516],[35.5576964,32.7540239],[35.5629787,32.755282],[35.5584228,32.7622499],[35.5486177,32.770108],[35.5445712,32.7838074],[35.5452095,32.7897307],[35.5433524,32.789413],[35.5412685,32.7970989],[35.5338581,32.8043677],[35.5289208,32.8054833],[35.5245853,32.8118312],[35.5057972,32.7959137],[35.506534,32.794659],[35.5171725,32.7970566],[35.5183588,32.794749],[35.5168355,32.7908836],[35.5081328,32.787235],[35.5028672,32.7880159],[35.4952814,32.7855011]]]]}},{"type":"Feature","properties":{"name":"מועצה אזורית מרום הגליל","osm_id":1387370},"geometry":{"type":"MultiPolygon","coordinates":[[[[35.3256168,32.95356],[35.3298441,32.9454804],[35.3351404,32.9476264],[35.3421038,32.9476893],[35.3477668,32.9470264],[35.3534586,32.9440924],[35.3591454,32.9442212],[35.3564806,32.9462515],[35.3544449,32.9531155],[35.3521842,32.9526196],[35.3520255,32.9503719],[35.3407841,32.9533355],[35.3347952,32.9521999],[35.3256168,32.95356]]],[[[35.3435266,32.9322401],[35.3454574,32.9286013],[35.3492469,32.9306438],[35.3490551,32.9289818],[35.3516688,32.9275276],[35.3603606,32.9314325],[35.3616666,32.9356494],[35.3554529,32.9368677],[35.3435266,32.9322401]]],[[[35.3619978,33.005801],[35.367111,33.0040542],[35.3760265,33.0048644],[35.3806815,33.0085559],[35.3932026,33.0118456],[35.3937815,33.0138945],[35.385009,33.018931],[35.3744109,33.0172712],[35.3661525,33.0190677],[35.3671291,33.0113413],[35.3619978,33.005801]]],[[[35.3754126,32.8961904],[35.3761918,32.8948638],[35.3798803,32.8955798],[35.3793452,32.8921541],[35.3885041,32.8914339],[35.3897626,32.8943615],[35.3871643,32.8997591],[35.398833,32.8976369],[35.4078869,32.8983893],[35.4076415,32.8995664],[35.4107256,32.8980167],[35.4117353,32.8993543],[35.4182432,32.8994991],[35.4275262,32.8975481],[35.426726,32.896186],[35.4296301,32.894646],[35.429498,32.8906278],[35.4355139,32.89021],[35.434853,32.8883545],[35.4313909,32.8888515],[35.4334292,32.8850961],[35.4326282,32.8841499],[35.4356675,32.8819779],[35.433743,32.8766817],[35.42589,32.8772955],[35.422077,32.8714715],[35.4187667,32.8728513],[35.4175589,32.8780082],[35.4152143,32.8774863],[35.4184359,32.8702772],[35.417783,32.865385],[35.4197643,32.8648011],[35.4205145,32.8612131],[35.4237874,32.861025],[35.4269268,32.8576553],[35.4312989,32.863735],[35.4315216,32.8684601],[35.4409171,32.8644848],[35.4422751,32.8605328],[35.4479277,32.8593892],[35.4450617,32.8575451],[35.446128,32.8557622],[35.4489037,32.8579801],[35.4519867,32.8563287],[35.4538146,32.8575873],[35.4572992,32.8642662],[35.4643681,32.8589055],[35.4707901,32.8592155],[35.4807188,32.8563953],[35.4859506,32.8570898],[35.4863507,32.8605034],[35.4901433,32.861528],[35.4982835,32.8580467],[35.5032967,32.8627335],[35.5031207,32.8649252],[35.4859394,32.8681411],[35.4859504,32.8698069],[35.4872855,32.8698785],[35.4865723,32.872279],[35.4817356,32.8714368],[35.4792198,32.8728217],[35.4790266,32.8766792],[35.4739979,32.8785269],[35.4738007,32.8799589],[35.4757788,32.8807726],[35.4766865,32.8862394],[35.4787944,32.8873955],[35.4728414,32.8889528],[35.4724264,32.8909971],[35.467892,32.8922734],[35.467193,32.903141],[35.4715562,32.9044322],[35.4761788,32.9116864],[35.478964,32.9130131],[35.4762938,32.9172416],[35.4787497,32.9211147],[35.4802478,32.9227214],[35.4833744,32.9205934],[35.4845032,32.9237166],[35.4834644,32.9258835],[35.4861524,32.9319471],[35.4839682,32.9329599],[35.4801088,32.9314748],[35.4779739,32.93797],[35.4786437,32.9495809],[35.4820377,32.9515278],[35.4840384,32.9550166],[35.4796794,32.9606321],[35.4793462,32.9638304],[35.4770643,32.9633209],[35.475635,32.9662348],[35.464353,32.9656602],[35.4596104,32.967244],[35.4641933,32.9765806],[35.4585894,32.9763191],[35.4553853,32.9795866],[35.4566811,32.9835387],[35.4582093,32.9840045],[35.4714489,32.9800684],[35.4725377,32.9718439],[35.475086,32.9699479],[35.4818526,32.9733135],[35.4868728,32.9729484],[35.4938303,32.9750219],[35.4965857,32.9782726],[35.4979181,32.975119],[35.5039155,32.9760638],[35.5049615,32.9809579],[35.5094659,32.9881465],[35.5183516,32.988486],[35.5242928,32.9838133],[35.5235134,32.9868229],[35.5271074,32.9871949],[35.5288693,32.9900127],[35.5282138,32.9916271],[35.5304906,32.9936077],[35.5288168,32.9955318],[35.5292518,32.9976735],[35.5238023,33.0012735],[35.5191078,32.9970374],[35.5151654,32.9987984],[35.5178588,33.0058903],[35.514979,33.0099175],[35.5180419,33.0112119],[35.5239256,33.0211622],[35.5215926,33.0268454],[35.525541,33.0320331],[35.5352528,33.0356611],[35.5412364,33.0348876],[35.5467497,33.0370657],[35.5481512,33.0391951],[35.543606,33.0419305],[35.5407846,33.047577],[35.5424423,33.0519514],[35.5362635,33.0544445],[35.5331882,33.0588892],[35.5286093,33.0606116],[35.5226488,33.0690172],[35.5145687,33.0753841],[35.511698,33.0764454],[35.504814,33.0748788],[35.4984971,33.071519],[35.4876207,33.0749634],[35.4897234,33.0787752],[35.4944412,33.0790881],[35.4976952,33.0813921],[35.4987888,33.0852759],[35.4955926,33.0871344],[35.4949494,33.0914562],[35.4629352,33.0931432],[35.4455229,33.0903527],[35.442838,33.0857351],[35.4479882,33.0832582],[35.4604251,33.0825559],[35.4642534,33.0787697],[35.4767419,33.0804209],[35.4833354,33.0761617],[35.4804124,33.0747787],[35.4785298,33.0699333],[35.4706002,33.0629457],[35.4674366,33.056601],[35.4632703,33.0542736],[35.4568137,33.0549603],[35.4465362,33.0463284],[35.4433641,33.0461584],[35.44308,33.0440359],[35.4387205,33.043066],[35.4496146,33.038226],[35.4485312,33.0363575],[35.4498842,33.0316401],[35.4514665,33.0323875],[35.4527721,33.0301272],[35.4558998,33.0294481],[35.4615565,33.0305749],[35.460975,33.0266643],[35.4539252,33.0207134],[35.4522407,33.0166888],[35.4372561,33.0177101],[35.4244148,33.0114203],[35.4230375,33.0074024],[35.4194295,33.0075951],[35.4191412,33.0053926],[35.4165631,33.0068764],[35.4099938,33.005417],[35.4114451,32.9995178],[35.4066942,32.999098],[35.4110501,32.9984198],[35.4109975,32.9966571],[35.4164158,32.995221],[35.4167951,32.992686],[35.4226009,32.9899275],[35.4228997,32.9778266],[35.4293296,32.9755306],[35.4291489,32.9712958],[35.4266978,32.9697313],[35.428391,32.9620017],[35.4393417,32.9612448],[35.4351784,32.9586241],[35.4344894,32.9559731],[35.4364807,32.9519456],[35.4359634,32.9467112],[35.4312098,32.9469456],[35.4233717,32.9508303],[35.4164719,32.9389905],[35.4114874,32.9384006],[35.4117131,32.9450316],[35.4051086,32.9445467],[35.4011675,32.9463071],[35.3965877,32.9439861],[35.3939628,32.9498841],[35.3922217,32.94699],[35.3884089,32.9449793],[35.3872216,32.9415961],[35.406346,32.9340979],[35.4093305,32.931204],[35.4122376,32.9317822],[35.4153101,32.9356138],[35.4153866,32.9337006],[35.4087799,32.92387],[35.4068786,32.9170634],[35.4049519,32.9178653],[35.4020746,32.9134525],[35.3949668,32.9128865],[35.38551,32.9170083],[35.3876899,32.9109245],[35.3858902,32.9119299],[35.3860631,32.9083518],[35.3761795,32.9053001],[35.3771908,32.8991103],[35.3754126,32.8961904]]],[[[35.3836803,33.061473],[35.3861159,33.0598974],[35.3870843,33.0558034],[35.3961466,33.0512668],[35.3936837,33.0456558],[35.3971467,33.0445462],[35.401802,33.0396643],[35.4019372,33.0353867],[35.4043895,33.0377427],[35.4039833,33.0315866],[35.4061087,33.0312016],[35.4061254,33.036446],[35.4084886,33.0376334],[35.4095778,33.0371429],[35.4086357,33.0351771],[35.4111011,33.0329981],[35.4160091,33.0396575],[35.4124841,33.0441262],[35.4143373,33.045969],[35.4151252,33.0548497],[35.4199887,33.058728],[35.418694,33.0643167],[35.3964472,33.0609682],[35.3836803,33.061473]]]]}},{"type":"Feature","properties":{"name":"מגדל","osm_id":1387371},"geometry":{"type":"MultiPolygon","coordinates":[[[[35.4639177,32.8437599],[35.4682378,32.8425998],[35.4752329,32.8370353],[35.4768627,32.8385841],[35.4765123,32.8412685],[35.4788816,32.8406037],[35.4796358,32.8427745],[35.4915588,32.8394867],[35.4960609,32.8360341],[35.4895298,32.8322848],[35.4951121,32.8312044],[35.495391,32.8285323],[35.5018234,32.8308887],[35.4961556,32.8286527],[35.4985638,32.8242152],[35.5005285,32.8246439],[35.5025336,32.822668],[35.5108122,32.8203012],[35.515907,32.8151687],[35.5203553,32.8183017],[35.5182584,32.8231818],[35.5194148,32.8314095],[35.5253689,32.8421678],[35.5158054,32.8444482],[35.5179079,32.848253],[35.5134022,32.8493699],[35.5121888,32.8472083],[35.5089618,32.8485671],[35.5095956,32.8457306],[35.5061699,32.8478699],[35.5031766,32.8468881],[35.4984436,32.8494249],[35.500042,32.8549687],[35.489991,32.8577505],[35.4842404,32.8574019],[35.4718044,32.8535327],[35.4734706,32.8514932],[35.4729511,32.8485948],[35.4639177,32.8437599]]]]}},{"type":"Feature","properties":{"name":"المغار","osm_id":1387400},"geometry":{"type":"MultiPolygon","coordinates":[[[[35.3791023,32.891044],[35.3890598,32.8823441],[35.3869757,32.8780289],[35.3850964,32.8784614],[35.3878076,32.8744768],[35.385165,32.8739424],[35.3867706,32.8696548],[35.3907831,32.8671748],[35.3910334,32.862043],[35.3938077,32.8599505],[35.4036278,32.8580637],[35.4035074,32.8560872],[35.4057351,32.8555446],[35.406378,32.8525335],[35.4036461,32.8495026],[35.4071003,32.8502471],[35.408786,32.8474755],[35.415434,32.8494562],[35.4158914,32.8466168],[35.4183053,32.8481437],[35.4320586,32.8490951],[35.4378782,32.851793],[35.4443819,32.85209],[35.4442308,32.8540543],[35.4519867,32.8563287],[35.4489037,32.8579801],[35.4475781,32.8559082],[35.4451023,32.8560973],[35.4479277,32.8593892],[35.4422751,32.8605328],[35.4409171,32.8644848],[35.4315216,32.8684601],[35.4312989,32.863735],[35.4269268,32.8576553],[35.4237874,32.861025],[35.4205145,32.8612131],[35.4197643,32.8648011],[35.417783,32.865385],[35.4184359,32.8702772],[35.415378,32.8777801],[35.4175589,32.8780082],[35.4187667,32.8728513],[35.422077,32.8714715],[35.42589,32.8772955],[35.4319121,32.8761087],[35.4346981,32.8784613],[35.4341793,32.8804323],[35.4356675,32.8819779],[35.4326282,32.8841499],[35.4334292,32.8850961],[35.4313909,32.8888515],[35.434853,32.8883545],[35.4355139,32.89021],[35.429498,32.8906278],[35.4296301,32.894646],[35.426726,32.896186],[35.4275262,32.8975481],[35.4182432,32.8994991],[35.4117353,32.8993543],[35.4107256,32.8980167],[35.4076415,32.8995664],[35.4078869,32.8983893],[35.398833,32.8976369],[35.3877093,32.8998418],[35.3897626,32.8943615],[35.3885041,32.8914339],[35.3822726,32.8924194],[35.3791023,32.891044]]],[[[35.4607698,32.8608861],[35.4619469,32.8600511],[35.4607712,32.8613943],[35.4607698,32.8608861]]]]}},{"type":"Feature","properties":{"name":"عيلبون","osm_id":1387401},"geometry":{"type":"MultiPolygon","coordinates":[[[[35.3844416,32.8457978],[35.3868776,32.8437038],[35.3931547,32.8451026],[35.3922732,32.8432445],[35.3942014,32.8385981],[35.3976512,32.8380595],[35.3962517,32.8335793],[35.3935311,32.8333472],[35.3935064,32.8319198],[35.3983224,32.8248752],[35.4038986,32.8261314],[35.4058666,32.8246111],[35.4055993,32.8275021],[35.4113887,32.8333807],[35.4097099,32.8335177],[35.4133125,32.8398454],[35.4119956,32.8389573],[35.4085306,32.8440111],[35.4129273,32.8428902],[35.4158914,32.8466168],[35.415434,32.8494562],[35.408786,32.8474755],[35.4071003,32.8502471],[35.4036461,32.8495026],[35.406378,32.8525335],[35.4036278,32.8580637],[35.3938077,32.8599505],[35.3954695,32.858314],[35.3951332,32.8560529],[35.3890986,32.8537263],[35.390902,32.8505294],[35.3872055,32.8484527],[35.3876646,32.8465449],[35.3844416,32.8457978]]]]}},{"type":"Feature","properties":{"name":"מועצה אזורית מטה אשר","osm_id":1387432},"geometry":{"type":"MultiPolygon","coordinates":[[[[35.0692427,32.9465336],[35.0871447,32.9444288],[35.0888581,32.948484],[35.0929368,32.9485253],[35.0954439,32.9448647],[35.0969451,32.9371799],[35.1033303,32.9347423],[35.1091913,32.9336919],[35.1171017,32.9356397],[35.1301585,32.9350108],[35.1300669,32.9483523],[35.1225122,32.9465842],[35.12239,32.948321],[35.115251,32.9470233],[35.1149185,32.9580833],[35.1157515,32.9568613],[35.1177268,32.9585733],[35.1207478,32.9552837],[35.1273256,32.9591331],[35.1264703,32.9620568],[35.1278298,32.9635082],[35.1404388,32.9645691],[35.1597463,32.9699132],[35.1664886,32.9685629],[35.1658644,32.9704709],[35.1672949,32.9705158],[35.1747275,32.9681265],[35.1748604,32.9743402],[35.1728643,32.975888],[35.1767317,32.9751193],[35.1740257,32.9776398],[35.1793483,32.9798418],[35.1805078,32.9758539],[35.1859902,32.9744874],[35.2019965,32.9732737],[35.2166124,32.9746319],[35.2167602,32.9767469],[35.2135411,32.9770881],[35.2111538,32.9856384],[35.2165728,32.9852029],[35.2195593,32.9874794],[35.2276224,32.9874349],[35.2280533,32.9886068],[35.2354649,32.986754],[35.2368476,32.9891843],[35.2404923,32.9869921],[35.2414196,32.9946882],[35.2457309,32.993948],[35.2434649,33.0009694],[35.2448529,33.0012801],[35.2444701,33.003717],[35.2389515,33.0033056],[35.2374625,33.0056034],[35.2386357,33.0079046],[35.2220126,33.0050572],[35.2212064,33.0089517],[35.2193536,33.0089342],[35.2193639,33.0102897],[35.2177276,33.009518],[35.2163297,33.0114361],[35.2166905,33.0131871],[35.2210255,33.0142276],[35.2219114,33.0159114],[35.2288387,33.0158901],[35.2291164,33.0191571],[35.225896,33.0206195],[35.2270074,33.0248041],[35.1966067,33.0197448],[35.1821467,33.0199971],[35.1801362,33.0261603],[35.1711295,33.0261339],[35.1709265,33.0299496],[35.1790809,33.0298604],[35.1808636,33.0347951],[35.1769393,33.0372282],[35.1866448,33.0398389],[35.1906015,33.0389629],[35.1959612,33.041469],[35.2027592,33.0393913],[35.2032229,33.0376395],[35.2083647,33.0372695],[35.2190476,33.0407785],[35.22952,33.0401456],[35.231784,33.0430738],[35.2313287,33.0477975],[35.2275861,33.0460875],[35.2246144,33.046905],[35.2231339,33.0446765],[35.2169393,33.042196],[35.2137661,33.042418],[35.2134075,33.0470463],[35.2171027,33.0498194],[35.2161509,33.0529448],[35.2236171,33.0606988],[35.2239288,33.0708518],[35.225635,33.0691623],[35.2380528,33.067698],[35.2399363,33.0655168],[35.2532303,33.0702924],[35.2547479,33.0731483],[35.2600924,33.0750851],[35.2798202,33.1007809],[35.2706194,33.1002717],[35.238415,33.092136],[35.2320422,33.0933043],[35.2262543,33.0985846],[35.21224,33.099865],[35.2077136,33.0944145],[35.2089324,33.0923103],[35.2075225,33.0875704],[35.2042596,33.0881723],[35.1935476,33.085443],[35.1899722,33.0892438],[35.1857299,33.089586],[35.1776899,33.094194],[35.1597298,33.0889087],[35.1575915,33.0865167],[35.1610508,33.0826914],[35.1592759,33.0783549],[35.1606075,33.0726196],[35.1626356,33.071802],[35.1531312,33.0706593],[35.1499371,33.0685552],[35.1509112,33.0565386],[35.1535014,33.0517676],[35.1454376,33.0467401],[35.1435795,33.0482991],[35.142046,33.0632301],[35.1388641,33.0635061],[35.1413506,33.0667652],[35.1400273,33.0709061],[35.1421929,33.0754547],[35.135239,33.0774794],[35.1316392,33.0760139],[35.1302043,33.0829417],[35.1555134,33.0863873],[35.1557402,33.0914308],[35.1350403,33.0911107],[35.0995317,33.0952633],[35.1016129,33.0811472],[35.0959402,33.0445274],[35.1067134,33.043599],[35.1041797,33.0267653],[35.1135387,33.0256775],[35.1137197,33.024292],[35.1138307,33.0254014],[35.116037,33.0272015],[35.1162555,33.0310678],[35.1169485,33.0309591],[35.1162766,33.0270922],[35.113986,33.0242696],[35.1168208,33.0240496],[35.1157861,33.0150906],[35.1250241,33.0156219],[35.1244659,33.013938],[35.1259731,33.0133146],[35.1198256,33.0081174],[35.1188109,33.0136828],[35.1182729,33.0136385],[35.1197507,33.00807],[35.1116104,33.0086212],[35.1089885,33.0007199],[35.1047627,33.0016411],[35.1025749,32.9938933],[35.0974018,32.9951866],[35.0962053,32.9906424],[35.0991374,32.9865608],[35.1085932,32.985784],[35.1124481,32.9829251],[35.1055288,32.9802771],[35.0957719,32.9806907],[35.0941119,32.9810316],[35.0950816,32.9873412],[35.0775853,32.988991],[35.0711315,32.9630452],[35.0692427,32.9465336]]],[[[35.0877028,32.8862613],[35.0909924,32.8787819],[35.0903045,32.873667],[35.0996504,32.8733441],[35.1035338,32.8663275],[35.1028236,32.8608132],[35.106304,32.8607086],[35.1060423,32.8526557],[35.1099032,32.8503306],[35.1068419,32.8449942],[35.1143745,32.840706],[35.1096375,32.8350861],[35.1125059,32.8281317],[35.117033,32.8272093],[35.1187842,32.8322254],[35.1226301,32.832272],[35.121959,32.8266985],[35.1359382,32.8239393],[35.1426674,32.8236187],[35.1449231,32.8274031],[35.1483705,32.8261654],[35.1505242,32.8306217],[35.1581261,32.8271612],[35.1570552,32.828776],[35.1593198,32.8318217],[35.1519888,32.835058],[35.1329272,32.8553211],[35.1198774,32.8520154],[35.1188884,32.8598742],[35.1216683,32.8597859],[35.1218829,32.8644288],[35.1278867,32.8638289],[35.1279803,32.8681211],[35.1346535,32.867628],[35.1374284,32.8822548],[35.1497013,32.878144],[35.1490473,32.874342],[35.1563839,32.8735611],[35.156052,32.872072],[35.1588422,32.87162],[35.1583657,32.8682869],[35.1646478,32.8686195],[35.1643583,32.8645723],[35.1706709,32.8632454],[35.1735304,32.8666481],[35.1755654,32.8649561],[35.1821442,32.8647166],[35.1823854,32.8672748],[35.1889335,32.8682687],[35.188099,32.8702678],[35.1929292,32.8708128],[35.195115,32.8695313],[35.1967425,32.8716644],[35.1920952,32.8760789],[35.185262,32.8750349],[35.1813529,32.8768074],[35.18164,32.8772271],[35.1844879,32.876044],[35.1984139,32.8773595],[35.1970502,32.8843781],[35.1931869,32.8864914],[35.1935154,32.8910435],[35.1876442,32.8924546],[35.1884445,32.8953102],[35.1928634,32.8954315],[35.1946117,32.9043716],[35.1912381,32.9049569],[35.1913794,32.9076172],[35.1934163,32.909458],[35.1852733,32.9129458],[35.174932,32.9107957],[35.1546288,32.9127456],[35.153028,32.9077722],[35.1500214,32.9080758],[35.1485703,32.903578],[35.1459643,32.9031744],[35.1456959,32.9013413],[35.14239,32.9015304],[35.1388807,32.8946454],[35.1250557,32.8972523],[35.1242666,32.8935706],[35.1191806,32.8943632],[35.1197045,32.8992658],[35.118051,32.9002401],[35.1222119,32.9223031],[35.1121287,32.9223064],[35.1121781,32.9275644],[35.1105465,32.9275029],[35.1105296,32.9240432],[35.1089802,32.9240387],[35.1090035,32.921534],[35.1121943,32.9207486],[35.1093841,32.9154873],[35.0958692,32.911763],[35.0910021,32.9064065],[35.090548,32.9030311],[35.0935481,32.8969391],[35.0950684,32.8880565],[35.0877028,32.8862613]]],[[[35.1108992,32.932077],[35.1104456,32.9286224],[35.1110915,32.9285686],[35.1108992,32.932077]]]]}},{"type":"Feature","properties":{"name":"קרית אתא","osm_id":1387454},"geometry":{"type":"MultiPolygon","coordinates":[[[[35.0560233,32.8042633],[35.0624626,32.7989084],[35.076333,32.7918263],[35.0763605,32.7860662],[35.0653298,32.7798892],[35.0688323,32.7793509],[35.0706819,32.7740265],[35.0768732,32.7739753],[35.0806425,32.7766867],[35.0803151,32.793635],[35.0832938,32.8027141],[35.0836813,32.7984608],[35.08536,32.7984509],[35.0853016,32.7864168],[35.0880381,32.7864927],[35.0903068,32.7900575],[35.0976974,32.7900702],[35.0984948,32.7942579],[35.1078541,32.7938852],[35.1124592,32.7994233],[35.1197454,32.801842],[35.1240481,32.8022194],[35.1421978,32.7947065],[35.1459815,32.8064473],[35.1475617,32.8062348],[35.1514787,32.8231353],[35.1490943,32.8221481],[35.121959,32.8266985],[35.1226301,32.832272],[35.1187842,32.8322254],[35.117033,32.8272093],[35.1125059,32.8281317],[35.1119694,32.8312935],[35.1071643,32.8336398],[35.1019026,32.8302721],[35.0983254,32.8320953],[35.0935757,32.8236701],[35.0913474,32.8142043],[35.0863051,32.8122932],[35.0851028,32.8091214],[35.0820187,32.8068709],[35.076407,32.8121781],[35.0692747,32.8074985],[35.0560233,32.8042633]]],[[[35.1528397,32.8242629],[35.1552112,32.8236517],[35.155853,32.8282144],[35.1540508,32.829047],[35.1528397,32.8242629]]]]}},{"type":"Feature","properties":{"name":"מועצה אזורית זבולון","osm_id":1387455},"geometry":{"type":"MultiPolygon","coordinates":[[[[35.0460963,32.7761694],[35.0548018,32.7698439],[35.0643095,32.7799798],[35.0603725,32.7813309],[35.0551314,32.7884796],[35.0533423,32.7864255],[35.0577033,32.7837149],[35.0550268,32.7807118],[35.0506918,32.7834209],[35.0460963,32.7761694]]],[[[35.0561906,32.7573925],[35.074963,32.7408667],[35.0742821,32.7390106],[35.0789217,32.7378249],[35.087622,32.7233006],[35.0911436,32.721828],[35.0923235,32.7194844],[35.0910195,32.7178965],[35.09377,32.7149499],[35.0971134,32.7157299],[35.096491,32.7254399],[35.1055629,32.7219504],[35.1071629,32.7199996],[35.1063173,32.7171553],[35.1086145,32.7150971],[35.1057101,32.7140603],[35.1054271,32.711611],[35.1126305,32.7112112],[35.1167257,32.7145258],[35.1142919,32.7170582],[35.1157844,32.7210871],[35.1189702,32.7201862],[35.1197886,32.7240805],[35.1227327,32.7263297],[35.1199519,32.7275423],[35.1139239,32.7349863],[35.1111041,32.7423715],[35.1057654,32.7432807],[35.102375,32.7460713],[35.0990283,32.7443618],[35.0964199,32.7462083],[35.0982999,32.7486403],[35.0957298,32.749042],[35.0963437,32.7519061],[35.0992897,32.7531676],[35.094861,32.7557031],[35.0945666,32.7578655],[35.0966627,32.7620314],[35.099333,32.7634838],[35.0998766,32.7620888],[35.1030051,32.7621787],[35.1054755,32.7639052],[35.1044914,32.7619411],[35.1102795,32.7590559],[35.1085339,32.757507],[35.109691,32.7537106],[35.1103196,32.7563358],[35.1117463,32.7549093],[35.1159008,32.756056],[35.1321726,32.7397121],[35.1366055,32.738517],[35.1430557,32.7403689],[35.1418011,32.745085],[35.1420736,32.7479053],[35.1446954,32.7505566],[35.143686,32.7521545],[35.1486309,32.7530962],[35.1508698,32.7504339],[35.1519259,32.7516722],[35.1548632,32.7587946],[35.1530892,32.7692712],[35.1609486,32.7729425],[35.1597364,32.77585],[35.1612833,32.7789158],[35.1489539,32.7822214],[35.1485551,32.7847505],[35.1510741,32.7895816],[35.1532981,32.7878969],[35.1591283,32.7958228],[35.1514944,32.8004514],[35.1514663,32.8025494],[35.1534962,32.8042142],[35.1459815,32.8064473],[35.1421978,32.7947065],[35.1240481,32.8022194],[35.1197454,32.801842],[35.1124592,32.7994233],[35.1078541,32.7938852],[35.0984948,32.7942579],[35.0976974,32.7900702],[35.0903068,32.7900575],[35.0880381,32.7864927],[35.0853016,32.7864168],[35.08536,32.7984509],[35.0836813,32.7984608],[35.0832938,32.8027141],[35.0803151,32.793635],[35.0806425,32.7766867],[35.0768732,32.7739753],[35.0706819,32.7740265],[35.0687658,32.7707479],[35.0643947,32.7692616],[35.0662183,32.7678282],[35.0663494,32.7641914],[35.0587865,32.75657],[35.056655,32.7588768],[35.0561906,32.7573925]]],[[[35.0778154,32.8110063],[35.0820187,32.8068709],[35.086519,32.8116479],[35.086353,32.8121489],[35.0778154,32.8110063]]],[[[35.0804352,32.8158426],[35.0871631,32.8150414],[35.0868263,32.8133133],[35.0877975,32.8149332],[35.0895394,32.814671],[35.0886932,32.8134958],[35.0913474,32.8142043],[35.0941453,32.8234996],[35.0832606,32.8273904],[35.0828369,32.8241157],[35.0840529,32.823493],[35.0827367,32.8216523],[35.0845668,32.8207151],[35.0804352,32.8158426]]],[[[35.0946739,32.7574194],[35.0985308,32.7576486],[35.097622,32.7591311],[35.0946739,32.7574194]]]]}},{"type":"Feature","properties":{"name":"קרית ביאליק","osm_id":1387456},"geometry":{"type":"MultiPolygon","coordinates":[[[[35.0736314,32.8140684],[35.0752777,32.8112569],[35.076407,32.8121781],[35.0778154,32.8110063],[35.0853589,32.8118401],[35.0892726,32.8141208],[35.0877975,32.8149332],[35.0868263,32.8133133],[35.0871631,32.8150414],[35.0804352,32.8158426],[35.0845668,32.8207151],[35.0827367,32.8216523],[35.0840529,32.823493],[35.0828369,32.8241157],[35.0832606,32.8273904],[35.0935757,32.8236701],[35.0983254,32.8320953],[35.1019026,32.8302721],[35.1071643,32.8336398],[35.1118357,32.8313545],[35.1096375,32.8350861],[35.1143745,32.840706],[35.1068419,32.8449942],[35.1099032,32.8503306],[35.1060423,32.8526557],[35.106304,32.8607086],[35.1028236,32.8608132],[35.1035338,32.8663275],[35.0996504,32.8733441],[35.0965778,32.8737426],[35.0934975,32.8495421],[35.0805561,32.8294197],[35.0790433,32.8188515],[35.0736314,32.8140684]]]]}},{"type":"Feature","properties":{"name":"חיפה","osm_id":1387888},"geometry":{"type":"MultiPolygon","coordinates":[[[[34.9486027,32.8264776],[34.9487251,32.78371],[34.9628972,32.7851221],[34.9639375,32.7737359],[34.9782469,32.7712581],[34.9765317,32.7677269],[34.9792413,32.7633805],[34.978425,32.7621995],[34.9820706,32.7621379],[34.9827452,32.7598903],[34.9865348,32.7605107],[34.9918696,32.7579523],[34.9986439,32.763717],[35.0062111,32.7644776],[35.0105913,32.7625115],[35.0126482,32.7639156],[35.0156371,32.7630895],[35.0211639,32.7581685],[35.0265624,32.7635047],[35.0272588,32.7663319],[35.020531,32.7674878],[35.0149898,32.766126],[35.0159735,32.7694391],[35.0132208,32.7704578],[35.0146811,32.7721712],[35.0212974,32.7709914],[35.0258457,32.7718938],[35.0300989,32.775432],[35.030366,32.778783],[35.0263613,32.7805034],[35.0290403,32.781478],[35.0288873,32.7835734],[35.033651,32.7851249],[35.0373714,32.7824973],[35.0417421,32.7868284],[35.0467969,32.7860916],[35.0480972,32.7881841],[35.0519742,32.7859237],[35.050132,32.783785],[35.0550268,32.7807118],[35.0577033,32.7837149],[35.0533423,32.7864255],[35.0551314,32.7884796],[35.0603725,32.7813309],[35.0653298,32.7798892],[35.0763605,32.7860662],[35.076333,32.7918263],[35.0624626,32.7989084],[35.0560233,32.8042633],[35.0724986,32.8090533],[35.0752777,32.8112569],[35.0736314,32.8140684],[35.0792033,32.8191718],[35.0797444,32.8230209],[35.0753609,32.8243887],[35.0716813,32.8314936],[35.0692875,32.8318463],[35.0754796,32.8405347],[35.0707347,32.8427003],[35.064621,32.8345259],[35.052186,32.8425387],[35.0361752,32.8266782],[35.0310534,32.831999],[35.0310172,32.846329],[35.0155142,32.8463066],[35.0146118,32.8387408],[35.0118486,32.8320154],[35.0005614,32.8369744],[34.9912455,32.8459042],[34.980618,32.8475328],[34.9695763,32.843903],[34.9695549,32.8382406],[34.9645903,32.8382312],[34.9486027,32.8264776]]]]}},{"type":"Feature","properties":{"name":"נשר","osm_id":1387889},"geometry":{"type":"MultiPolygon","coordinates":[[[[35.0132208,32.7704578],[35.0159735,32.7694391],[35.0149898,32.766126],[35.020531,32.7674878],[35.0272588,32.7663319],[35.0265624,32.7635047],[35.0211639,32.7581685],[35.0310029,32.7505469],[35.032008,32.7457583],[35.047207,32.7457725],[35.0522121,32.7490573],[35.056655,32.7588768],[35.0587865,32.75657],[35.0663494,32.7641914],[35.0662183,32.7678282],[35.0643947,32.7692616],[35.0703401,32.7721483],[35.0708666,32.7756251],[35.0688323,32.7793509],[35.0641889,32.7804228],[35.0548018,32.7698439],[35.0460963,32.7761694],[35.0519742,32.7859237],[35.0480972,32.7881841],[35.0467969,32.7860916],[35.0417421,32.7868284],[35.0373714,32.7824973],[35.033651,32.7851249],[35.0288873,32.7835734],[35.0290403,32.781478],[35.0263613,32.7805034],[35.030366,32.778783],[35.0300989,32.775432],[35.0258457,32.7718938],[35.0212974,32.7709914],[35.0146811,32.7721712],[35.0132208,32.7704578]]]]}},{"type":"Feature","properties":{"name":"קרית ים","osm_id":1387931},"geometry":{"type":"MultiPolygon","coordinates":[[[[35.052186,32.8425387],[35.064621,32.8345259],[35.0694843,32.8423518],[35.0754796,32.8405347],[35.089507,32.8601773],[35.0915373,32.8592386],[35.0950775,32.8605085],[35.0953037,32.8738208],[35.0903045,32.873667],[35.0909924,32.8787819],[35.0877876,32.8867244],[35.0725851,32.8886218],[35.0631001,32.8632998],[35.0562773,32.8478929],[35.052186,32.8425387]]]]}},{"type":"Feature","properties":{"name":"עכו","osm_id":1387962},"geometry":{"type":"MultiPolygon","coordinates":[[[[35.0618643,32.9211763],[35.0626392,32.9144545],[35.0749994,32.9162096],[35.0770644,32.9087117],[35.0725851,32.8886218],[35.09134,32.88636],[35.0950684,32.8880565],[35.0935481,32.8969391],[35.090548,32.9030311],[35.0910021,32.9064065],[35.0958692,32.911763],[35.1093841,32.9154873],[35.1121943,32.9207486],[35.1090035,32.921534],[35.1089802,32.9240387],[35.1105296,32.9240432],[35.1105465,32.9275029],[35.1121865,32.928635],[35.1104456,32.9286224],[35.1107998,32.934061],[35.0969451,32.9371799],[35.0954439,32.9448647],[35.0929368,32.9485253],[35.0888581,32.948484],[35.0871447,32.9444288],[35.0692427,32.9465336],[35.0680766,32.9363368],[35.0618643,32.9211763]]]]}},{"type":"Feature","properties":{"name":"קרית מוצקין","osm_id":1387964},"geometry":{"type":"MultiPolygon","coordinates":[[[[35.0692875,32.8318463],[35.0716813,32.8314936],[35.0753609,32.8243887],[35.0796613,32.8230259],[35.0805561,32.8294197],[35.0934975,32.8495421],[35.0950775,32.8605085],[35.0915373,32.8592386],[35.089507,32.8601773],[35.0692875,32.8318463]]],[[[35.094695,32.8693084],[35.0960461,32.8693342],[35.0965778,32.8737426],[35.0953037,32.8738208],[35.094695,32.8693084]]]]}},{"type":"Feature","properties":{"name":"دير الأسد","osm_id":1387988},"geometry":{"type":"MultiPolygon","coordinates":[[[[35.2520459,32.9295687],[35.2691794,32.9303964],[35.2735171,32.934043],[35.2779264,32.9324987],[35.2785909,32.9341293],[35.2849733,32.9364679],[35.298347,32.9368883],[35.2981708,32.9396081],[35.2833399,32.9383241],[35.2780727,32.9404556],[35.2764652,32.9394582],[35.2704675,32.9427852],[35.2691569,32.945],[35.2714691,32.9484533],[35.2703435,32.951516],[35.2728903,32.9567031],[35.271363,32.9596457],[35.2633127,32.9545359],[35.2600595,32.9486339],[35.2550374,32.9495708],[35.2546404,32.9332388],[35.2520459,32.9295687]]]]}},{"type":"Feature","properties":{"name":"כרמיאל","osm_id":1387990},"geometry":{"type":"MultiPolygon","coordinates":[[[[35.2604753,32.9082185],[35.2618873,32.904205],[35.2653796,32.9036525],[35.2659242,32.9011491],[35.2684644,32.9009885],[35.2689951,32.8960083],[35.2710296,32.8965905],[35.2753019,32.8936302],[35.2796847,32.8950229],[35.2825631,32.8926752],[35.2852535,32.8953034],[35.2887381,32.8943478],[35.2938328,32.8965022],[35.2959003,32.8934377],[35.2979507,32.8930792],[35.3015334,32.8949012],[35.2989514,32.9002262],[35.3058192,32.8998422],[35.3066479,32.8964033],[35.3088758,32.8956198],[35.3139603,32.8969765],[35.3179401,32.9007371],[35.3158337,32.9007717],[35.3131435,32.9049419],[35.3142224,32.9058361],[35.3164612,32.9033082],[35.3190964,32.9097943],[35.3218825,32.9106783],[35.3234627,32.9086499],[35.3256448,32.9119137],[35.3337232,32.9103205],[35.3368698,32.9137006],[35.3427738,32.9132791],[35.3423274,32.9121451],[35.3465812,32.9110613],[35.3471946,32.9177119],[35.3527646,32.9170192],[35.3535514,32.9184581],[35.3584873,32.9184897],[35.3628482,32.9242361],[35.3558906,32.9243803],[35.3551203,32.9278265],[35.3504344,32.9279559],[35.3492469,32.9306438],[35.3454574,32.9286013],[35.3435266,32.9322401],[35.3378901,32.9299346],[35.3287943,32.9304734],[35.3138452,32.9272598],[35.3059602,32.9239723],[35.2889761,32.924991],[35.2696253,32.9196517],[35.2677049,32.9160215],[35.2655376,32.9166924],[35.2640776,32.91423],[35.2615206,32.9144917],[35.2641163,32.9123016],[35.263092,32.9092421],[35.2604753,32.9082185]]]]}},{"type":"Feature","properties":{"name":"البعنة","osm_id":1387991},"geometry":{"type":"MultiPolygon","coordinates":[[[[35.2605215,32.9301183],[35.2641061,32.9275951],[35.2641967,32.9255051],[35.2720727,32.9243663],[35.273037,32.9208661],[35.2955977,32.9253776],[35.2960564,32.9369567],[35.2849733,32.9364679],[35.2785909,32.9341293],[35.2779264,32.9324987],[35.2736072,32.9340582],[35.2691794,32.9303964],[35.2605215,32.9301183]]]]}},{"type":"Feature","properties":{"name":"مجد الكروم","osm_id":1387992},"geometry":{"type":"MultiPolygon","coordinates":[[[[35.1849969,32.9129873],[35.1934163,32.909458],[35.1963565,32.9121934],[35.2010823,32.9113466],[35.2047035,32.9071856],[35.2220322,32.9143351],[35.2257753,32.9145278],[35.2328861,32.9078746],[35.2386683,32.9062818],[35.2436858,32.906433],[35.2434021,32.9086541],[35.2497879,32.9049636],[35.2482621,32.9095598],[35.2511978,32.9097132],[35.2565046,32.9060558],[35.257658,32.9014866],[35.2639276,32.9008033],[35.2659242,32.9011491],[35.2653796,32.9036525],[35.2618873,32.904205],[35.2604753,32.9082185],[35.263092,32.9092421],[35.2641392,32.9127732],[35.2615206,32.9144917],[35.2640776,32.91423],[35.2655376,32.9166924],[35.2677049,32.9160215],[35.2696253,32.9196517],[35.273037,32.9208661],[35.2720727,32.9243663],[35.2641967,32.9255051],[35.2641061,32.9275951],[35.2601249,32.9302888],[35.2445098,32.9257929],[35.2289218,32.9251473],[35.2333844,32.9221012],[35.2286439,32.9222754],[35.2289983,32.9191334],[35.2258743,32.9154981],[35.2138516,32.9164527],[35.2135158,32.9131829],[35.2151469,32.9118196],[35.2064861,32.9121227],[35.1963706,32.9155911],[35.1915641,32.9143638],[35.1853638,32.9152092],[35.1849969,32.9129873]]]]}},{"type":"Feature","properties":{"name":"شعب‎","osm_id":1387994},"geometry":{"type":"MultiPolygon","coordinates":[[[[35.192425,32.8981891],[35.1928634,32.8954315],[35.1978974,32.8930436],[35.1984007,32.8950553],[35.2041839,32.8945758],[35.2058862,32.8987889],[35.210242,32.8980133],[35.2102248,32.8896431],[35.2141231,32.8911783],[35.2216697,32.8899737],[35.2217436,32.8873554],[35.2179808,32.8859498],[35.2239053,32.8855314],[35.2269979,32.8826614],[35.2294533,32.8847456],[35.2327423,32.8838705],[35.2363432,32.8857189],[35.2504676,32.8843633],[35.2541374,32.8889292],[35.2422043,32.8950868],[35.2304581,32.8944987],[35.2216163,32.8970819],[35.2213235,32.9012663],[35.2126106,32.9035902],[35.192425,32.8981891]]]]}},{"type":"Feature","properties":{"name":"نحف","osm_id":1388009},"geometry":{"type":"MultiPolygon","coordinates":[[[[35.2955977,32.9253776],[35.3059602,32.9239723],[35.3133386,32.9271399],[35.3285621,32.9304456],[35.3378987,32.9303806],[35.3314467,32.9330696],[35.3288516,32.9403004],[35.329918,32.9439977],[35.3297119,32.9460634],[35.3296105,32.9446991],[35.3229439,32.9446743],[35.3217071,32.943438],[35.3104873,32.9451137],[35.2979189,32.9419904],[35.298347,32.9368883],[35.2960564,32.9369567],[35.2955977,32.9253776]]]]}},{"type":"Feature","properties":{"name":"ساجور","osm_id":1388015},"geometry":{"type":"MultiPolygon","coordinates":[[[[35.3288516,32.9403004],[35.3315186,32.9329599],[35.337891,32.9301766],[35.3565836,32.9374491],[35.354752,32.9388513],[35.3556746,32.9411639],[35.3544142,32.9442243],[35.3451659,32.9475208],[35.3351404,32.9476264],[35.3298441,32.9454804],[35.3288516,32.9403004]]]]}},{"type":"Feature","properties":{"name":"كيسرى-كفر سميع","osm_id":1388019},"geometry":{"type":"MultiPolygon","coordinates":[[[[35.2713669,32.9614771],[35.2717892,32.9573395],[35.2846722,32.9513805],[35.3043104,32.9491465],[35.3048185,32.953701],[35.3110439,32.9540452],[35.3122383,32.9559217],[35.3141689,32.9548218],[35.3170454,32.9568641],[35.3131762,32.9613319],[35.3131607,32.9671874],[35.3174175,32.9735815],[35.3207878,32.974443],[35.3204826,32.977079],[35.3179444,32.976917],[35.3164758,32.9830008],[35.309097,32.9885409],[35.3049337,32.9896877],[35.3040048,32.9873006],[35.2951659,32.9867275],[35.2947434,32.9905642],[35.2933616,32.9884545],[35.2908609,32.99216],[35.2858115,32.9921429],[35.2839884,32.9942169],[35.2791426,32.9920523],[35.2777496,32.987849],[35.2819664,32.9851583],[35.2802219,32.9811245],[35.2884115,32.9783378],[35.2880034,32.9703072],[35.285707,32.9693869],[35.2788125,32.9718901],[35.2782615,32.969861],[35.2734951,32.9686651],[35.271979,32.9636286],[35.2812818,32.9610137],[35.2713669,32.9614771]]]]}},{"type":"Feature","properties":{"name":"מועצה אזורית לב השרון","osm_id":1389557},"geometry":{"type":"MultiPolygon","coordinates":[[[[34.8858656,32.2933867],[34.8906037,32.2927406],[34.8911882,32.2991449],[34.8977841,32.2990309],[34.8978851,32.2969796],[34.9009422,32.2975275],[34.9008884,32.2943963],[34.9114572,32.2935101],[34.9115869,32.2892242],[34.9248764,32.2919686],[34.9250961,32.294161],[34.9354404,32.2915105],[34.9347935,32.2990415],[34.939085,32.2964646],[34.9384759,32.2907526],[34.9405488,32.2917269],[34.944313,32.2895961],[34.9534358,32.2905085],[34.9455979,32.2838821],[34.9424335,32.2854222],[34.9323271,32.2851709],[34.932288,32.2838204],[34.9264903,32.2823798],[34.9253364,32.2805586],[34.9261771,32.2775696],[34.9252639,32.2788966],[34.923954,32.2772921],[34.9191828,32.2775794],[34.9192715,32.2737649],[34.9228146,32.2734355],[34.9217752,32.2688096],[34.9188874,32.2655174],[34.8942557,32.2674901],[34.8891832,32.2486598],[34.8971451,32.2499857],[34.8953244,32.2559888],[34.8969743,32.2580185],[34.900346,32.2551276],[34.899647,32.2534286],[34.9062549,32.2516406],[34.9082764,32.2517865],[34.9083581,32.2543951],[34.912686,32.2536688],[34.9154311,32.262083],[34.9221544,32.2624833],[34.9268028,32.2600532],[34.9258993,32.2567324],[34.9284618,32.2510976],[34.9283015,32.2469265],[34.9244522,32.2444651],[34.9198606,32.2464611],[34.8994927,32.246236],[34.8952733,32.2415775],[34.8884402,32.2422366],[34.8870747,32.2395624],[34.8882414,32.2392426],[34.887755,32.237348],[34.8904532,32.2370182],[34.8902336,32.2348975],[34.8987791,32.2348345],[34.911306,32.231654],[34.9120774,32.2304959],[34.9076934,32.2253324],[34.9100816,32.2241773],[34.910088,32.2148657],[34.9177916,32.2170432],[34.9175917,32.2192919],[34.9198949,32.22222],[34.9291495,32.2211397],[34.9293465,32.224508],[34.9274893,32.2254835],[34.9274592,32.2277591],[34.9360952,32.2271021],[34.9357392,32.2288809],[34.9374295,32.2285743],[34.9365345,32.2369596],[34.9374027,32.2383984],[34.9417292,32.2373255],[34.9420659,32.2424264],[34.9568506,32.2482414],[34.9588572,32.2530318],[34.9665192,32.2491404],[34.9688358,32.2558215],[34.9744739,32.2555755],[34.9735137,32.2572991],[34.9751668,32.257063],[34.9748807,32.2605096],[34.9809474,32.2743914],[34.9701921,32.2791207],[34.9676223,32.2788813],[34.9665925,32.2836082],[34.9572577,32.2849514],[34.9581334,32.2889104],[34.9594769,32.2889891],[34.9601135,32.2950704],[34.9630085,32.2963054],[34.967232,32.3051477],[34.9671419,32.3089619],[34.9723303,32.3087629],[34.9778918,32.3043042],[34.9859968,32.3046933],[34.9858239,32.3035864],[34.9983695,32.3008735],[34.9933729,32.2972785],[34.9946448,32.2953711],[34.9931017,32.2938197],[34.9911672,32.283653],[35.00366,32.2816551],[35.0046916,32.2836097],[35.0097009,32.2829402],[35.0135969,32.2932301],[35.0124711,32.2938581],[35.0156806,32.3118048],[34.9792615,32.3126468],[34.9589352,32.3146864],[34.9515885,32.3171182],[34.9534739,32.3148209],[34.9492448,32.3116915],[34.9239722,32.305958],[34.9165229,32.3017424],[34.91325,32.3017913],[34.9042621,32.3039139],[34.9006902,32.3033114],[34.9021949,32.3111653],[34.905123,32.3116891],[34.9072357,32.3173226],[34.9054097,32.3170939],[34.9072524,32.3222894],[34.9034334,32.3206077],[34.9039534,32.3233486],[34.8991131,32.3238091],[34.8958986,32.3176893],[34.8920604,32.318925],[34.8871286,32.306402],[34.8858656,32.2933867]]]]}},{"type":"Feature","properties":{"name":"כוכב יאיר","osm_id":1389566},"geometry":{"type":"MultiPolygon","coordinates":[[[[34.979515,32.2183289],[34.9822204,32.217205],[34.981242,32.2150931],[34.9848705,32.2129289],[34.9825816,32.2092045],[34.9885843,32.2072305],[34.991297,32.2126483],[35.0050989,32.2238828],[35.0109081,32.2310943],[35.0077851,32.233219],[35.0050851,32.2329178],[35.0055799,32.2306455],[34.996909,32.2326487],[34.9995712,32.2289479],[34.993264,32.2286743],[34.9958294,32.2262347],[34.9912891,32.224472],[34.9928101,32.2225949],[34.9875971,32.2223798],[34.9888333,32.2195497],[34.9810427,32.2205083],[34.979515,32.2183289]]]]}},{"type":"Feature","properties":{"name":"טירה","osm_id":1389567},"geometry":{"type":"MultiPolygon","coordinates":[[[[34.9363006,32.2356661],[34.9370506,32.2273695],[34.9515416,32.2238106],[34.9528927,32.2182761],[34.9583555,32.2161865],[34.9582967,32.2134475],[34.963664,32.2136554],[34.9643643,32.2170083],[34.9686959,32.2167679],[34.9709853,32.2194783],[34.9737578,32.2186715],[34.9759753,32.2227793],[34.9808173,32.2213811],[34.9843563,32.2323196],[34.9783885,32.2324919],[34.9814947,32.2394183],[34.9723286,32.2420541],[34.9785696,32.250534],[34.9721961,32.2496985],[34.9724552,32.2514721],[34.9673943,32.2518182],[34.9665192,32.2491404],[34.9588572,32.2530318],[34.9568506,32.2482414],[34.9420659,32.2424264],[34.9417292,32.2373255],[34.9374027,32.2383984],[34.9363006,32.2356661]]]]}},{"type":"Feature","properties":{"name":"טייבה","osm_id":1389571},"geometry":{"type":"MultiPolygon","coordinates":[[[[34.9674424,32.2518142],[34.9724552,32.2514721],[34.9721961,32.2496985],[34.9785696,32.250534],[34.9723286,32.2420541],[34.9814947,32.2394183],[34.9857201,32.2457508],[34.9859058,32.2442098],[34.9902895,32.2424525],[34.9916154,32.2444014],[34.9952487,32.2430648],[35.003162,32.2447578],[35.0053935,32.2434531],[35.0065471,32.2474196],[35.0095758,32.2465648],[35.0239033,32.2486684],[35.0239723,32.2552836],[35.0262634,32.2593939],[35.0285728,32.2603653],[35.0306275,32.2656635],[35.0258581,32.2738325],[35.0235208,32.2746183],[35.0198019,32.2794809],[35.0098208,32.280292],[35.0097009,32.2829402],[35.0046916,32.2836097],[35.0022808,32.2816534],[34.989788,32.2836594],[34.9907416,32.2805602],[34.984539,32.2807086],[34.9816932,32.2799852],[34.9826429,32.2780545],[34.975119,32.2772438],[34.9809474,32.2743914],[34.9748807,32.2605096],[34.9751668,32.257063],[34.9735137,32.2572991],[34.9744739,32.2555755],[34.9688358,32.2558215],[34.9674424,32.2518142]]]]}},{"type":"Feature","properties":{"name":"יקנעם עילית","osm_id":1391621},"geometry":{"type":"MultiPolygon","coordinates":[[[[35.06244,32.6611599],[35.0635748,32.6589474],[35.0702476,32.656192],[35.0777075,32.650237],[35.0793993,32.6465729],[35.0784908,32.6431495],[35.0659876,32.6383597],[35.0732492,32.6340517],[35.0732664,32.6273602],[35.0759397,32.6254225],[35.0796806,32.6254647],[35.0775268,32.6302114],[35.0791272,32.6327969],[35.0833049,32.633395],[35.0827793,32.635303],[35.0931521,32.633114],[35.0961976,32.6345732],[35.097652,32.636366],[35.0974225,32.6405216],[35.1038825,32.6418467],[35.1067836,32.6459637],[35.1119751,32.6488029],[35.110926,32.654552],[35.1134376,32.6556411],[35.1142133,32.6579932],[35.1105186,32.6627584],[35.1110542,32.6650204],[35.1086289,32.6680148],[35.1071294,32.6772504],[35.1025817,32.670501],[35.1037901,32.6607648],[35.0871917,32.6555917],[35.0821911,32.651968],[35.0791041,32.6511849],[35.0710894,32.6581053],[35.0637461,32.6619966],[35.06244,32.6611599]]]]}},{"type":"Feature","properties":{"name":"الفريديس","osm_id":1391709},"geometry":{"type":"MultiPolygon","coordinates":[[[[34.9362283,32.5948761],[34.9457183,32.5900929],[34.9482486,32.5916891],[34.9528455,32.5914787],[34.9575535,32.5862135],[34.9608884,32.5886799],[34.962462,32.5951377],[34.970594,32.6025509],[34.9705543,32.6040508],[34.9640354,32.6049011],[34.9588153,32.6005974],[34.956516,32.6014815],[34.9546081,32.6102185],[34.95345,32.6103643],[34.9517691,32.6033233],[34.9382064,32.6053376],[34.9362283,32.5948761]]]]}},{"type":"Feature","properties":{"name":"מועצה אזורית חוף הכרמל","osm_id":1391710},"geometry":{"type":"MultiPolygon","coordinates":[[[[34.8817674,32.4768629],[34.8964767,32.475037],[34.9040001,32.4781612],[34.9046625,32.4769728],[34.913033,32.4843549],[34.9171325,32.4887135],[34.9185039,32.4928167],[34.911794,32.5110743],[34.9144774,32.5231309],[34.9335518,32.5234663],[34.9346744,32.5311243],[34.9385362,32.5308362],[34.9346815,32.534546],[34.9365754,32.5355783],[34.9347508,32.5376653],[34.9357056,32.543609],[34.9338473,32.5520236],[34.9378029,32.5563235],[34.9373427,32.5599134],[34.9404079,32.5647008],[34.9396306,32.5663647],[34.9433579,32.5688385],[34.9408792,32.5707881],[34.9385403,32.5687486],[34.9389782,32.5715889],[34.937883,32.5716383],[34.9335388,32.5617282],[34.9323422,32.5620467],[34.9318839,32.5714641],[34.9373621,32.5713832],[34.9377913,32.5728567],[34.9346169,32.5745908],[34.9381962,32.574023],[34.9407452,32.5805417],[34.9365805,32.5824787],[34.9347327,32.5785598],[34.9328317,32.5804052],[34.929614,32.579154],[34.9278075,32.5830133],[34.934213,32.5828639],[34.934857,32.5866478],[34.9430531,32.5831407],[34.9449531,32.5838505],[34.9351789,32.5886904],[34.9382064,32.6053376],[34.9517691,32.6033233],[34.95345,32.6103643],[34.9546081,32.6102185],[34.956516,32.6014815],[34.9588153,32.6005974],[34.9640354,32.6049011],[34.9705543,32.6040508],[34.970594,32.6025509],[34.9661143,32.5995812],[34.9699229,32.5979004],[34.967239,32.5970274],[34.9694858,32.5948157],[34.9665893,32.592393],[34.9666586,32.5899827],[34.9668818,32.5885973],[34.9704449,32.589154],[34.9723004,32.5838536],[34.9747572,32.5897346],[34.9723497,32.5924404],[34.9728744,32.5952836],[34.9710429,32.5980648],[34.9722204,32.6041063],[34.9791312,32.5999109],[34.9811277,32.6014006],[34.9867797,32.5980471],[34.989651,32.5904691],[34.985728,32.5896006],[34.9917366,32.5856912],[34.9967527,32.5876859],[35.0018299,32.57999],[35.0073603,32.5814388],[35.0109788,32.5842054],[35.0112105,32.5863623],[35.0134361,32.585682],[35.0152261,32.5804412],[35.0178095,32.5797901],[35.0265641,32.5855864],[35.030412,32.5848398],[35.0321843,32.5874682],[35.030036,32.5914037],[35.0314113,32.5928501],[35.0363685,32.5915106],[35.0312414,32.5953131],[35.0344414,32.5992134],[35.0295257,32.5975322],[35.0274748,32.5992114],[35.0279884,32.6030459],[35.0403177,32.604119],[35.0581078,32.6229249],[35.0438658,32.6268574],[35.0438629,32.6302707],[35.0519967,32.6339757],[35.0518419,32.6350494],[35.0504893,32.6347831],[35.0469352,32.6392525],[35.0447248,32.645732],[35.040967,32.6455392],[35.0358795,32.6481411],[35.0397502,32.6505378],[35.0345499,32.6542617],[35.0357898,32.656773],[35.0281479,32.6564347],[35.026204,32.6545948],[35.0234731,32.6585343],[35.014325,32.6557484],[35.0121824,32.6563723],[35.0100636,32.6600803],[35.018693,32.6698918],[35.0151032,32.669652],[35.0121936,32.6718365],[35.0134781,32.6770104],[35.0104421,32.6751849],[35.0103533,32.6733587],[35.0087211,32.677459],[35.0067107,32.6774762],[35.0049038,32.6790496],[35.0060398,32.6797232],[35.0031244,32.6808153],[35.003016,32.6825165],[35.0078165,32.6842588],[35.0105468,32.6834718],[35.0195667,32.6901169],[35.0158868,32.6936204],[35.0160458,32.7023554],[35.0139214,32.7025016],[35.0146332,32.704815],[35.0120518,32.7044972],[35.0107573,32.7082694],[35.0075877,32.7083411],[35.0074964,32.706883],[35.0104474,32.7065641],[35.011959,32.704466],[35.0073323,32.7048934],[35.0035974,32.7079994],[34.9995197,32.7089464],[34.9994263,32.7116384],[35.0017582,32.7151572],[35.00006,32.7163657],[35.0007378,32.7196957],[34.9988548,32.7224891],[35.0045124,32.7257297],[35.0069322,32.7247248],[35.0142988,32.7264945],[35.0145242,32.7254646],[35.0194254,32.7263534],[35.0203852,32.7240645],[35.0239095,32.7238988],[35.0229273,32.7267384],[35.019969,32.7270654],[35.0165779,32.7305962],[35.0154894,32.7272244],[35.0120583,32.7292655],[35.0096874,32.7280908],[35.0100075,32.7317562],[35.0171103,32.7330215],[35.0228053,32.7355113],[35.0211528,32.7327812],[35.0230513,32.7320559],[35.024424,32.7324486],[35.0242843,32.7350338],[35.0228227,32.735664],[35.0143952,32.7325953],[35.0133431,32.7350419],[35.0089227,32.7338885],[35.0072158,32.7349375],[35.0071128,32.7378134],[35.0052305,32.7396826],[35.0088942,32.7413291],[35.006736,32.7504286],[35.0044731,32.7522841],[34.9985989,32.750094],[34.996044,32.745989],[34.9966891,32.7383787],[34.9914343,32.742411],[34.985985,32.7417997],[34.9819441,32.7388465],[34.9831268,32.7321774],[34.9740467,32.7297935],[34.9725798,32.7277284],[34.9709345,32.7284388],[34.972142,32.7308881],[34.970503,32.731762],[34.970055,32.7355601],[34.9707426,32.7376692],[34.9726429,32.7378288],[34.9709971,32.7384559],[34.9711797,32.7423072],[34.969779,32.7424564],[34.9738379,32.7508951],[34.9697325,32.7507105],[34.9677887,32.7480367],[34.9643586,32.7476218],[34.9610915,32.7589785],[34.9629124,32.7723524],[34.9567958,32.7726483],[34.9556316,32.7673007],[34.9479148,32.767972],[34.9436324,32.7332633],[34.9382169,32.7120134],[34.9362228,32.7099235],[34.9284088,32.7095416],[34.9279966,32.7025354],[34.9232975,32.6996243],[34.9221049,32.6803355],[34.9249163,32.6743763],[34.9223196,32.6538879],[34.9180692,32.6482244],[34.9151271,32.6240083],[34.910691,32.6171125],[34.9130031,32.60535],[34.909678,32.5846211],[34.9037828,32.5600482],[34.9027393,32.5602277],[34.8991233,32.5451474],[34.900128,32.5448068],[34.8978972,32.5417651],[34.9037062,32.5384219],[34.9073523,32.538453],[34.9120448,32.545572],[34.9155849,32.5474388],[34.9153736,32.5297138],[34.8957087,32.5324708],[34.8912139,32.5104329],[34.8845879,32.5041917],[34.8843432,32.484561],[34.8817674,32.4768629]]]]}},{"type":"Feature","properties":{"name":"بسمة","osm_id":1391826},"geometry":{"type":"MultiPolygon","coordinates":[[[[35.0769159,32.4716184],[35.0796344,32.4700983],[35.0823901,32.4709138],[35.083155,32.4681846],[35.0846485,32.4683426],[35.0920655,32.4758762],[35.098968,32.4780982],[35.0971082,32.4801583],[35.0916969,32.4782608],[35.0903653,32.4830305],[35.0873087,32.4810569],[35.0829944,32.4816923],[35.0847566,32.4797092],[35.0791984,32.4790038],[35.0786872,32.4716306],[35.0769159,32.4716184]]],[[[35.0906693,32.5322066],[35.0943944,32.5329015],[35.0949052,32.5294293],[35.0966703,32.5288832],[35.0951206,32.5267402],[35.0975395,32.5215331],[35.1050994,32.5217579],[35.1149014,32.5292977],[35.1144636,32.5344023],[35.1161903,32.5370355],[35.1127157,32.5393511],[35.1084261,32.5392087],[35.1088935,32.5421617],[35.1061542,32.5432061],[35.1001394,32.5425797],[35.0963088,32.5364302],[35.091617,32.5350208],[35.0906693,32.5322066]]],[[[35.1086074,32.4927899],[35.1128245,32.4913524],[35.1114047,32.489572],[35.1148221,32.488995],[35.1148209,32.4874202],[35.1150828,32.488545],[35.1244915,32.4857078],[35.1234898,32.4898851],[35.1213007,32.4898279],[35.1163015,32.4942338],[35.1086074,32.4927899]]]]}},{"type":"Feature","properties":{"name":"מועצה אזורית מנשה","osm_id":1391828},"geometry":{"type":"MultiPolygon","coordinates":[[[[34.9422182,32.4594323],[34.9460906,32.4528864],[34.9436163,32.4519107],[34.9459721,32.448355],[34.9513956,32.4464144],[34.9501572,32.4459863],[34.9535825,32.4405241],[34.9471379,32.4414936],[34.946022,32.4375094],[34.959672,32.4352505],[34.9598764,32.431553],[34.9630479,32.4308489],[34.9611066,32.425545],[34.9582399,32.4253535],[34.9631062,32.418933],[34.9764453,32.4197029],[34.9786073,32.4055441],[34.9831332,32.4004306],[34.9931739,32.3959674],[34.9984807,32.3911012],[35.0037226,32.3785174],[35.0018894,32.3645489],[35.007675,32.3650314],[35.0096199,32.3658525],[35.0106211,32.3742161],[35.0119082,32.3743777],[35.0113052,32.377152],[35.016169,32.3773993],[35.0152032,32.3748012],[35.0236572,32.3734644],[35.0250999,32.376029],[35.0292176,32.3722063],[35.0311061,32.3759184],[35.0417232,32.3776961],[35.0402023,32.3805999],[35.0449423,32.3893819],[35.04785,32.3916368],[35.0461574,32.3942123],[35.0432111,32.3869923],[35.0342932,32.3900059],[35.0340093,32.3915853],[35.0284963,32.3918477],[35.0250932,32.3944919],[35.0197507,32.3945681],[35.0195141,32.392523],[35.0153291,32.3938227],[35.0156696,32.4009358],[35.009682,32.4014086],[35.0101038,32.4046629],[35.0070411,32.4051034],[35.0077853,32.4101471],[35.0121671,32.4095912],[35.0120402,32.4197946],[35.0149213,32.4190294],[35.0175373,32.4210191],[35.0215287,32.4209265],[35.0236832,32.4300741],[35.0273247,32.4340769],[35.0282207,32.432842],[35.0323476,32.4360542],[35.0421994,32.4336752],[35.0446632,32.4340561],[35.0453029,32.4357209],[35.0512228,32.4339036],[35.0538273,32.4347099],[35.0546823,32.4327459],[35.0600202,32.4313115],[35.0607382,32.4367478],[35.0657924,32.4430599],[35.0656845,32.4493218],[35.0626001,32.4506395],[35.0613375,32.448584],[35.0574205,32.4475089],[35.0515802,32.4482441],[35.0430146,32.4523625],[35.0366929,32.4508912],[35.0371971,32.4578038],[35.0352275,32.4660315],[35.0370952,32.4731215],[35.0514008,32.467847],[35.0525275,32.4657333],[35.0515998,32.4619856],[35.0554331,32.464324],[35.0605855,32.4639758],[35.0630662,32.465737],[35.064294,32.4699997],[35.0629704,32.4754892],[35.0661902,32.4773787],[35.0623921,32.4783347],[35.0656261,32.4820379],[35.0656695,32.4841596],[35.0692411,32.4871671],[35.0725673,32.4876876],[35.0736509,32.494804],[35.0783226,32.4919095],[35.0806663,32.4838223],[35.0857483,32.4840825],[35.0879847,32.4821868],[35.0903653,32.4830305],[35.0916969,32.4782608],[35.0971082,32.4801583],[35.098968,32.4780982],[35.1039216,32.4777679],[35.1070338,32.4754054],[35.1135601,32.4796354],[35.1260373,32.4839034],[35.1399394,32.493407],[35.1378829,32.4945417],[35.138998,32.496292],[35.1447483,32.4963148],[35.1557284,32.5029999],[35.1604086,32.5040434],[35.1640368,32.5087667],[35.1632266,32.5100316],[35.162204,32.5092547],[35.1592232,32.5049929],[35.1549801,32.5070613],[35.1489517,32.5072009],[35.1479034,32.5086026],[35.1416677,32.5064008],[35.1323548,32.5084187],[35.1330679,32.5100908],[35.1309162,32.5108589],[35.1254932,32.507446],[35.1205363,32.5067608],[35.1233398,32.5054265],[35.1299904,32.508613],[35.1257499,32.5020564],[35.1213608,32.5010527],[35.1192796,32.4972996],[35.1218942,32.4956327],[35.1209099,32.4940597],[35.1187674,32.4951811],[35.1165172,32.494103],[35.1213007,32.4898279],[35.1234898,32.4898851],[35.1244915,32.4857078],[35.1150828,32.488545],[35.1148209,32.4874202],[35.1148221,32.488995],[35.1114047,32.489572],[35.1128245,32.4913524],[35.1093162,32.4925221],[35.0840857,32.4857506],[35.0809178,32.4905827],[35.0688,32.499988],[35.0490922,32.4883864],[35.0455762,32.4940507],[35.0398804,32.4952221],[35.0273505,32.4934761],[35.0271733,32.4971782],[35.0249081,32.4966609],[35.02779,32.5106671],[35.0456143,32.5129297],[35.051171,32.5172788],[35.0506172,32.5219036],[35.0640525,32.5203176],[35.0691564,32.5178901],[35.080427,32.5203196],[35.0901342,32.5197511],[35.0897125,32.5235759],[35.085041,32.5316614],[35.082727,32.5441449],[35.0715229,32.5436425],[35.0667773,32.5465054],[35.0669418,32.5488604],[35.0650061,32.5467159],[35.0604339,32.5485414],[35.0606713,32.5455889],[35.0576988,32.5453716],[35.0581492,32.5433052],[35.05673,32.542774],[35.0581672,32.5399242],[35.0527199,32.5363584],[35.0525083,32.5431418],[35.0496297,32.5408962],[35.0468553,32.5408718],[35.0452453,32.5368211],[35.0414259,32.5378391],[35.0423186,32.5334734],[35.0369306,32.5321318],[35.0366525,32.5304479],[35.0348305,32.5340604],[35.0371812,32.5390541],[35.0347578,32.5379936],[35.0308988,32.5395331],[35.0296937,32.5376331],[35.0277493,32.541348],[35.0242901,32.5406256],[35.0253435,32.5382183],[35.0241152,32.5378457],[35.0216254,32.5399889],[35.0172883,32.5376857],[35.0191712,32.5360047],[35.0141954,32.5349307],[35.0134045,32.5332338],[35.0107146,32.5331961],[35.0111448,32.5358395],[35.0087644,32.5374812],[35.0074043,32.5348448],[35.011884,32.5322044],[35.0165912,32.5307871],[35.0147802,32.5265568],[35.0165127,32.5243472],[35.0201666,32.523629],[35.0201848,32.5198187],[35.0219503,32.5197351],[35.0087711,32.5116983],[35.0052546,32.5131466],[35.0003091,32.512484],[35.0009185,32.5103238],[34.9976113,32.5100567],[35.0019311,32.5059167],[35.0005022,32.5051937],[35.0016543,32.5021176],[34.9854419,32.5049085],[34.9816379,32.5074874],[34.970171,32.5054847],[34.9760562,32.5027314],[34.9758304,32.5010844],[34.9792658,32.5003968],[34.9797,32.4987528],[34.9856851,32.497539],[34.9867126,32.494948],[34.9835164,32.4948017],[34.9836807,32.4925459],[34.980396,32.4928647],[34.977563,32.4877231],[34.9793673,32.4889645],[34.981345,32.4881317],[34.9799208,32.4857175],[34.9778784,32.4873218],[34.9767677,32.4859232],[34.9796189,32.4826465],[34.9824379,32.4851263],[34.987579,32.4846878],[34.9881559,32.4889117],[34.9921061,32.4885724],[34.9930202,32.4941171],[34.9960566,32.4942169],[34.9956216,32.4915405],[35.0011792,32.4908818],[35.000574,32.4864136],[34.9984242,32.4865388],[34.9985974,32.4888344],[34.9931313,32.4894549],[34.9950461,32.4819613],[34.999149,32.4784489],[35.0098325,32.4801229],[35.0095266,32.4772634],[35.0148815,32.4759485],[35.0117766,32.4714827],[35.0083996,32.4695483],[34.9974921,32.4691341],[34.9941319,32.4649185],[34.992032,32.4663186],[34.9884204,32.4631025],[34.9909051,32.4595797],[34.988949,32.4580376],[34.9906072,32.4559097],[34.9776811,32.4489355],[34.9741612,32.4484908],[34.9737392,32.4509755],[34.971772,32.4507504],[34.9718334,32.4454534],[34.9696302,32.4446077],[34.9684795,32.4467574],[34.9606946,32.4471398],[34.9624111,32.4521418],[34.9598616,32.4521999],[34.963441,32.4575942],[34.9625775,32.4587519],[34.9422182,32.4594323]]],[[[35.0619248,32.4591337],[35.0633483,32.4565151],[35.0723612,32.4584113],[35.0792625,32.4650534],[35.0781183,32.4668545],[35.0704139,32.4667769],[35.0656407,32.4644282],[35.0619248,32.4591337]]]]}},{"type":"Feature","properties":{"name":"כפר קרע","osm_id":1391829},"geometry":{"type":"MultiPolygon","coordinates":[[[[35.0249081,32.4966609],[35.0271733,32.4971782],[35.0273505,32.4934761],[35.0398804,32.4952221],[35.0457344,32.4940099],[35.0490922,32.4883864],[35.0676427,32.4994877],[35.0645316,32.507017],[35.0678331,32.5088588],[35.069418,32.5153519],[35.0647682,32.5143165],[35.0643206,32.5202546],[35.0506172,32.5219036],[35.051171,32.5172788],[35.0456143,32.5129297],[35.02779,32.5106671],[35.0249081,32.4966609]]]]}},{"type":"Feature","properties":{"name":"عرعرة","osm_id":1391830},"geometry":{"type":"MultiPolygon","coordinates":[[[[35.0645316,32.507017],[35.0676427,32.4994877],[35.0696505,32.4994788],[35.0805213,32.4909371],[35.0840857,32.4857506],[35.1093162,32.4925221],[35.1079347,32.4939877],[35.1119275,32.4937875],[35.1092427,32.4962602],[35.1129653,32.4941169],[35.1187674,32.4951811],[35.1209099,32.4940597],[35.1218942,32.4956327],[35.1192796,32.4972996],[35.1213608,32.5010527],[35.1191674,32.5044074],[35.1215723,32.5045857],[35.1175866,32.5123214],[35.110475,32.5084104],[35.1015808,32.5066628],[35.1019181,32.5102595],[35.0880784,32.5099852],[35.0824204,32.5117874],[35.0810741,32.515335],[35.069418,32.5153519],[35.0678331,32.5088588],[35.0645316,32.507017]]]]}},{"type":"Feature","properties":{"name":"جولس","osm_id":1392112},"geometry":{"type":"MultiPolygon","coordinates":[[[[35.1610422,32.9328885],[35.1735488,32.9357718],[35.1788291,32.9349164],[35.1801007,32.9330549],[35.1811155,32.9342881],[35.1848278,32.9337101],[35.1920602,32.9352704],[35.1938128,32.9375816],[35.1979449,32.9371451],[35.199519,32.9390815],[35.195614,32.941398],[35.1935126,32.9405916],[35.195615,32.9482356],[35.1822813,32.9508199],[35.1795221,32.9491204],[35.1780111,32.9440095],[35.1637841,32.9412525],[35.1610422,32.9328885]]]]}},{"type":"Feature","properties":{"name":"يركا","osm_id":1392113},"geometry":{"type":"MultiPolygon","coordinates":[[[[35.1679628,32.9436166],[35.1738687,32.9426745],[35.1780111,32.9440095],[35.1795221,32.9491204],[35.1822813,32.9508199],[35.2090595,32.9457347],[35.2175809,32.9422093],[35.2268454,32.9419118],[35.2282442,32.9404643],[35.2329302,32.9430023],[35.2310996,32.9471598],[35.2381191,32.9476114],[35.2378397,32.948877],[35.2412534,32.9507834],[35.2509861,32.950616],[35.2495902,32.9561424],[35.2509012,32.9579943],[35.2483399,32.9618223],[35.253493,32.9642628],[35.245732,32.9659782],[35.2426343,32.9644827],[35.2374734,32.9655967],[35.2328663,32.9638099],[35.2309021,32.9646174],[35.2282168,32.9617615],[35.2181478,32.967429],[35.2162837,32.9656658],[35.2133932,32.9675266],[35.2057794,32.9649968],[35.1997641,32.9693001],[35.2024144,32.9689547],[35.2002801,32.97098],[35.2018985,32.973573],[35.1824734,32.9751318],[35.1820345,32.9699434],[35.1805646,32.9688259],[35.1823026,32.9656315],[35.180064,32.9654623],[35.1826302,32.9647856],[35.1841627,32.9594975],[35.1817638,32.959009],[35.1815434,32.9568945],[35.1747126,32.952487],[35.1719656,32.9528693],[35.1679628,32.9436166]]]]}},{"type":"Feature","properties":{"name":"كفر ياسيف","osm_id":1392114},"geometry":{"type":"MultiPolygon","coordinates":[[[[35.1253393,32.9471008],[35.1300669,32.9483523],[35.1498681,32.9464401],[35.1616484,32.9405268],[35.1685245,32.9421364],[35.1719787,32.9530809],[35.1684474,32.9536973],[35.1669948,32.9580726],[35.1635382,32.9579114],[35.163086,32.9594825],[35.1579149,32.9601868],[35.1561138,32.9583574],[35.1523662,32.960401],[35.1439841,32.9610018],[35.1434854,32.9554186],[35.1282336,32.9565164],[35.1253393,32.9471008]]]]}},{"type":"Feature","properties":{"name":"جديدة-المكر","osm_id":1392115},"geometry":{"type":"MultiPolygon","coordinates":[[[[35.1207615,32.9308949],[35.1209835,32.922696],[35.1288674,32.9224013],[35.1262559,32.9201292],[35.1219084,32.9208413],[35.1210826,32.9154139],[35.1287603,32.91436],[35.1326995,32.9203817],[35.1287676,32.9221636],[35.1333219,32.925822],[35.1440499,32.9252043],[35.1436536,32.9229045],[35.1455271,32.9216938],[35.1577207,32.9176516],[35.1637841,32.9412525],[35.1589352,32.9412084],[35.1569647,32.9435831],[35.1498681,32.9464401],[35.1300812,32.948224],[35.1302992,32.9350596],[35.1263267,32.9350479],[35.1263941,32.931573],[35.1207615,32.9308949]]]]}},{"type":"Feature","properties":{"name":"دير حنا","osm_id":1392167},"geometry":{"type":"MultiPolygon","coordinates":[[[[35.3416277,32.8723583],[35.3430907,32.8720941],[35.3449814,32.8653048],[35.3470868,32.865301],[35.3495052,32.861559],[35.3544911,32.8605767],[35.3541368,32.8589723],[35.3577601,32.8563478],[35.3609155,32.8561531],[35.3700295,32.8505731],[35.3773183,32.8513257],[35.3802302,32.8540138],[35.3794928,32.8558951],[35.3839922,32.855485],[35.3863767,32.8534316],[35.3936246,32.8601071],[35.3910334,32.862043],[35.3907831,32.8671748],[35.3867706,32.8696548],[35.385165,32.8739424],[35.3760238,32.8707641],[35.3729381,32.8738],[35.3738873,32.8733749],[35.3735371,32.8752082],[35.368805,32.8778284],[35.3603012,32.8729],[35.3597325,32.8761942],[35.3575814,32.87699],[35.3416928,32.8747903],[35.3416277,32.8723583]]]]}},{"type":"Feature","properties":{"name":"عرابة","osm_id":1392179},"geometry":{"type":"MultiPolygon","coordinates":[[[[35.3179611,32.8413027],[35.3203193,32.8389964],[35.3303971,32.8396437],[35.3381271,32.8386928],[35.3401271,32.8368564],[35.3439441,32.8395469],[35.3502747,32.8397911],[35.3525773,32.8416931],[35.3524752,32.8465327],[35.3602085,32.847262],[35.3585167,32.8486446],[35.3617818,32.852717],[35.3617164,32.8549709],[35.3541368,32.8589723],[35.3544911,32.8605767],[35.3495052,32.861559],[35.3470868,32.865301],[35.3449814,32.8653048],[35.3429531,32.8723076],[35.3395964,32.8720016],[35.3338192,32.87488],[35.334232,32.8672139],[35.3322174,32.8673056],[35.3317162,32.8646529],[35.3276508,32.8634713],[35.3195879,32.8525813],[35.3215318,32.8500076],[35.3206538,32.8473096],[35.3233017,32.846573],[35.3234662,32.8431516],[35.3209008,32.8419962],[35.3185554,32.8449991],[35.3179611,32.8413027]]]]}},{"type":"Feature","properties":{"name":"מועצה אזורית מעלה יוסף","osm_id":1392186},"geometry":{"type":"MultiPolygon","coordinates":[[[[35.1662259,33.0449882],[35.1700173,33.0424269],[35.1972556,33.0432754],[35.2004264,33.05298],[35.2029946,33.0553227],[35.2009759,33.0562121],[35.2022286,33.0603],[35.2097032,33.0594253],[35.2020118,33.0645929],[35.2078628,33.066379],[35.2103805,33.0697613],[35.2040483,33.0687017],[35.1962889,33.0723459],[35.1754579,33.0756803],[35.1753253,33.0705412],[35.1800471,33.0707731],[35.1804241,33.0695668],[35.1800668,33.0679776],[35.1750301,33.0683637],[35.1750179,33.0668142],[35.1768887,33.0643861],[35.1819843,33.0656252],[35.1837368,33.0637295],[35.183153,33.0601916],[35.1725726,33.0572662],[35.1737021,33.0552263],[35.1785335,33.0549233],[35.1784712,33.0528804],[35.1733257,33.0537978],[35.1708411,33.046798],[35.1662259,33.0449882]]],[[[35.1720907,33.0306464],[35.1711295,33.0261339],[35.18928,33.0251418],[35.1946188,33.0348519],[35.2004846,33.0346823],[35.2035262,33.0362752],[35.2037605,33.0388455],[35.1959612,33.041469],[35.1906015,33.0389629],[35.1820961,33.0387807],[35.1769393,33.0372282],[35.1808636,33.0347951],[35.1790809,33.0298604],[35.1720907,33.0306464]]],[[[35.2132233,33.0458747],[35.2137661,33.042418],[35.2169393,33.042196],[35.2231339,33.0446765],[35.2246144,33.046905],[35.2275861,33.0460875],[35.2313287,33.0477975],[35.231784,33.0430738],[35.2363542,33.0431375],[35.235136,33.0386262],[35.2399208,33.036584],[35.2394765,33.0334053],[35.246911,33.0335378],[35.2512974,33.0361103],[35.2517039,33.0379284],[35.2565548,33.0383024],[35.2672746,33.0346218],[35.2682156,33.0284377],[35.2780835,33.0292965],[35.2803149,33.0271625],[35.2805377,33.0298856],[35.2861237,33.0296402],[35.2860621,33.0340305],[35.2879762,33.0338026],[35.2912838,33.0370995],[35.294858,33.0430561],[35.2912063,33.0456344],[35.2853512,33.0447187],[35.2844234,33.0487704],[35.2856159,33.052547],[35.2831587,33.0538791],[35.282354,33.0574404],[35.2978308,33.0662378],[35.3152894,33.0696263],[35.3171149,33.0650977],[35.3158411,33.0625969],[35.3173303,33.0608473],[35.3230588,33.0613853],[35.3228839,33.0588902],[35.3270526,33.0568052],[35.3273281,33.0530852],[35.3313734,33.0498698],[35.3290109,33.0437287],[35.3304166,33.0434472],[35.3259352,33.0378169],[35.3143172,33.0402524],[35.3124644,33.0399669],[35.3133019,33.0378673],[35.3051845,33.0373789],[35.3104893,33.0299907],[35.3100586,33.0188281],[35.3074095,33.0202571],[35.3077611,33.0222988],[35.3055974,33.0216594],[35.3041055,33.0237981],[35.3012514,33.0220111],[35.2991122,33.0239013],[35.2954701,33.0240272],[35.2957204,33.0260668],[35.292116,33.0245883],[35.2915701,33.0226347],[35.29389,33.0201259],[35.2918023,33.019416],[35.2914523,33.0168453],[35.2943009,33.0135861],[35.2936991,33.0092488],[35.2977362,33.0108546],[35.2967036,33.0145713],[35.2990478,33.0157076],[35.2996434,33.0205263],[35.3048797,33.0196003],[35.3061821,33.0177004],[35.3063095,33.011636],[35.3077143,33.0097882],[35.3049544,33.0067486],[35.2989605,33.0078024],[35.2954127,33.0059731],[35.2913641,33.0093868],[35.285959,33.0064496],[35.2876141,33.0055985],[35.2852948,33.002718],[35.2867057,33.0021721],[35.284854,32.9990911],[35.2924375,32.9956163],[35.2916662,32.9941692],[35.2937632,32.9940216],[35.2958963,32.9882254],[35.2951659,32.9867275],[35.2997948,32.9863001],[35.3048969,32.9876462],[35.3029872,32.9913673],[35.3039003,32.9956326],[35.3108566,32.9942842],[35.3126798,32.9950636],[35.3124535,32.9970039],[35.3140682,32.9939661],[35.3186712,32.9983132],[35.3272044,32.9981944],[35.3279451,33.0050662],[35.3256247,33.0066332],[35.3241826,33.0108875],[35.3257804,33.0130389],[35.3250411,33.0162615],[35.3266862,33.0171937],[35.3266255,33.0222996],[35.3298864,33.0237373],[35.3327936,33.0226469],[35.3309631,33.0252095],[35.3354762,33.0284267],[35.338894,33.0268862],[35.3393658,33.0330142],[35.3463422,33.0358131],[35.3553712,33.0335632],[35.3611027,33.0369948],[35.3649023,33.0362253],[35.3647963,33.0389205],[35.3672631,33.0411065],[35.3729711,33.0438865],[35.3782764,33.0434735],[35.3802443,33.0474501],[35.3776165,33.0505316],[35.378215,33.0550325],[35.3530749,33.0577454],[35.348386,33.0597809],[35.3437901,33.0654566],[35.3392149,33.0678568],[35.3345105,33.07588],[35.3259694,33.0814251],[35.3212191,33.0874932],[35.3242641,33.0960733],[35.3173894,33.104768],[35.3091446,33.1008506],[35.3005716,33.1004703],[35.2995443,33.1051672],[35.2941622,33.1080938],[35.2798202,33.1007809],[35.2600924,33.0750851],[35.2547479,33.0731483],[35.2532303,33.0702924],[35.2399363,33.0655168],[35.2380528,33.067698],[35.225635,33.0691623],[35.2239288,33.0708518],[35.2236171,33.0606988],[35.2161509,33.0529448],[35.2170304,33.0496437],[35.2132233,33.0458747]]],[[[35.2166905,33.0131871],[35.2177276,33.009518],[35.2193639,33.0102897],[35.2193536,33.0089342],[35.2212064,33.0089517],[35.2220126,33.0050572],[35.2383556,33.0078989],[35.2365188,33.0088105],[35.2377939,33.0141475],[35.2506842,33.0145907],[35.2507976,33.0115869],[35.2555597,33.0100342],[35.257567,33.0113448],[35.2573514,33.0093398],[35.2601573,33.0071548],[35.2660717,33.0116249],[35.2656885,33.013881],[35.2675869,33.0156524],[35.2661043,33.017663],[35.2696454,33.0162979],[35.2723153,33.0214369],[35.2707851,33.0224149],[35.2694098,33.0203444],[35.2707615,33.0246376],[35.2690373,33.0259488],[35.2692337,33.0236193],[35.2671531,33.0240722],[35.2654626,33.0214538],[35.2585031,33.0232991],[35.2556661,33.0194802],[35.2516887,33.0199333],[35.2458858,33.0179973],[35.2396532,33.0216713],[35.2348179,33.0223818],[35.2286109,33.0198196],[35.2288387,33.0158901],[35.2219114,33.0159114],[35.2210255,33.0142276],[35.2166905,33.0131871]]],[[[35.2420036,32.9705574],[35.2459028,32.9688424],[35.245732,32.9659782],[35.253493,32.9642628],[35.2483399,32.9618223],[35.2504469,32.9574295],[35.2588369,32.9543973],[35.2610604,32.9502376],[35.2633127,32.9545359],[35.271363,32.9596457],[35.2713669,32.9614771],[35.2812818,32.9610137],[35.271979,32.9636286],[35.2734608,32.9685751],[35.267721,32.9695484],[35.2665624,32.9711653],[35.256258,32.9697949],[35.2559673,32.9677054],[35.2580921,32.9675253],[35.2554908,32.9661088],[35.2513476,32.9693894],[35.2420036,32.9705574]]],[[[35.3108761,32.9872083],[35.3164758,32.9830008],[35.3179444,32.976917],[35.3280218,32.9786044],[35.3276709,32.9829348],[35.3218989,32.9896401],[35.3155733,32.9926961],[35.3108761,32.9872083]]]]}},{"type":"Feature","properties":{"name":"זכרון יעקב","osm_id":1392828},"geometry":{"type":"MultiPolygon","coordinates":[[[[34.9278075,32.5830133],[34.929614,32.579154],[34.9328317,32.5804052],[34.9347327,32.5785598],[34.9365805,32.5824787],[34.9407452,32.5805417],[34.9381962,32.574023],[34.9346169,32.5745908],[34.9377913,32.5728567],[34.9373621,32.5713832],[34.9318839,32.5714641],[34.9323422,32.5620467],[34.9335388,32.5617282],[34.937883,32.5716383],[34.9389782,32.5715889],[34.9385403,32.5687486],[34.9413346,32.5706419],[34.9433579,32.5688385],[34.9396306,32.5663647],[34.9404079,32.5647008],[34.9373427,32.5599134],[34.9512064,32.5615716],[34.9547192,32.5581239],[34.9532167,32.5553153],[34.9613062,32.5480266],[34.9544692,32.5404858],[34.9569789,32.5355727],[34.9562112,32.5295138],[34.9662843,32.5285318],[34.9660281,32.526537],[34.9692366,32.5263431],[34.9758035,32.5309086],[34.9825405,32.5327012],[34.9871878,32.5363661],[34.9948497,32.5391665],[34.9878878,32.5380017],[34.9859015,32.540702],[34.9897507,32.5477593],[34.9940657,32.5489158],[34.9956122,32.5520438],[34.997532,32.5525929],[34.9958149,32.5583081],[34.9987414,32.5602291],[34.995226,32.5635228],[34.9967677,32.5658744],[34.9946747,32.5671466],[34.9965722,32.5699341],[34.9942787,32.571144],[34.9953853,32.5752518],[35.0026106,32.576922],[35.0029268,32.5783703],[34.9967527,32.5876859],[34.9917366,32.5856912],[34.985728,32.5896006],[34.989651,32.5904691],[34.9896321,32.5930632],[34.9842977,32.5998505],[34.9811277,32.6014006],[34.9791312,32.5999109],[34.9720043,32.6038624],[34.9710429,32.5980648],[34.9728744,32.5952836],[34.9723497,32.5924404],[34.9747572,32.5897346],[34.9723004,32.5838536],[34.9704449,32.589154],[34.9668416,32.5886152],[34.9665893,32.592393],[34.9694858,32.5948157],[34.967239,32.5970274],[34.9699229,32.5979004],[34.9669964,32.5995214],[34.962462,32.5951377],[34.9608884,32.5886799],[34.9575535,32.5862135],[34.9528455,32.5914787],[34.9482486,32.5916891],[34.9457183,32.5900929],[34.9360492,32.5949493],[34.9351789,32.5886904],[34.9449531,32.5838505],[34.9430531,32.5831407],[34.934857,32.5866478],[34.934213,32.5828639],[34.9278075,32.5830133]]]]}},{"type":"Feature","properties":{"name":"מועצה אזורית אלונה","osm_id":1392829},"geometry":{"type":"MultiPolygon","coordinates":[[[[34.9796626,32.5322114],[34.9859452,32.5254166],[35.0037319,32.5309753],[35.0042873,32.5349121],[35.0074043,32.5348448],[35.0087644,32.5374812],[35.0111448,32.5358395],[35.0107146,32.5331961],[35.0134045,32.5332338],[35.0141954,32.5349307],[35.0191712,32.5360047],[35.0172883,32.5376857],[35.0193663,32.5393808],[35.0224696,32.5400555],[35.0241152,32.5378457],[35.0253435,32.5382183],[35.0242901,32.5406256],[35.0277493,32.541348],[35.0296937,32.5376331],[35.0308988,32.5395331],[35.0347578,32.5379936],[35.0371812,32.5390541],[35.0348305,32.5340604],[35.0359591,32.530447],[35.0369306,32.5321318],[35.0423186,32.5334734],[35.0414259,32.5378391],[35.0452453,32.5368211],[35.0468553,32.5408718],[35.0496297,32.5408962],[35.0525083,32.5431418],[35.0527199,32.5363584],[35.0536921,32.5368339],[35.0581672,32.5399242],[35.05673,32.542774],[35.0581492,32.5433052],[35.0576988,32.5453716],[35.0606713,32.5455889],[35.0605438,32.5488621],[35.0559706,32.5522907],[35.0567608,32.5542059],[35.0488341,32.5544803],[35.0312507,32.5617287],[35.039393,32.5660548],[35.0474167,32.5668451],[35.053204,32.5711828],[35.0484008,32.5736412],[35.0422363,32.5729075],[35.0439185,32.5835432],[35.0412441,32.5852295],[35.0265641,32.5855864],[35.0178095,32.5797901],[35.0152261,32.5804412],[35.0134361,32.585682],[35.0112105,32.5863623],[35.0109788,32.5842054],[35.0073603,32.5814388],[35.0026263,32.5799813],[35.0030588,32.5771185],[34.9953853,32.5752518],[34.9942787,32.571144],[34.9965582,32.5694784],[34.9946747,32.5671466],[34.9967677,32.5658744],[34.995226,32.5635228],[34.9987414,32.5602291],[34.9958149,32.5583081],[34.997532,32.5525929],[34.9956122,32.5520438],[34.9940657,32.5489158],[34.9897507,32.5477593],[34.9859015,32.540702],[34.9878878,32.5380017],[34.9949036,32.5392497],[34.9796626,32.5322114]]]]}},{"type":"Feature","properties":{"name":"בנימינה - גבעת עדה","osm_id":1392847},"geometry":{"type":"MultiPolygon","coordinates":[[[[34.9306846,32.5068596],[34.9298385,32.5014875],[34.9333193,32.4999688],[34.9407425,32.501053],[34.9488468,32.4990805],[34.9676002,32.5025681],[34.9677496,32.5045581],[34.9702132,32.5055855],[34.9816379,32.5074874],[34.9854419,32.5049085],[34.9946088,32.503967],[34.9998858,32.5017031],[35.0016543,32.5021176],[35.0005022,32.5051937],[35.0019311,32.5059167],[34.9976113,32.5100567],[35.0009185,32.5103238],[35.0003091,32.512484],[35.0052546,32.5131466],[35.0087711,32.5116983],[35.0219503,32.5197351],[35.0201848,32.5198187],[35.0201666,32.523629],[35.0165127,32.5243472],[35.0147802,32.5265568],[35.0165912,32.5307871],[35.0074043,32.5348448],[35.0042873,32.5349121],[35.0041704,32.531326],[34.9965256,32.5276974],[34.9859452,32.5254166],[34.9795107,32.5325855],[34.9684445,32.5262237],[34.9660281,32.526537],[34.9662843,32.5285318],[34.9562112,32.5295138],[34.9569789,32.5355727],[34.9544692,32.5404858],[34.9613062,32.5480266],[34.9573883,32.5522142],[34.9541673,32.5521066],[34.9532484,32.5454103],[34.9509121,32.5411793],[34.9520029,32.540407],[34.9490874,32.5359033],[34.9376646,32.5352039],[34.9388861,32.5308372],[34.9346744,32.5311243],[34.9335518,32.5234663],[34.9293046,32.5236632],[34.9306846,32.5068596]]]]}},{"type":"Feature","properties":{"name":"אור עקיבא","osm_id":1392848},"geometry":{"type":"MultiPolygon","coordinates":[[[[34.9117671,32.5116715],[34.9185166,32.4935622],[34.9171325,32.4887135],[34.913033,32.4843549],[34.9197755,32.4806888],[34.9306846,32.5068596],[34.9293046,32.5236632],[34.9144774,32.5231309],[34.9117671,32.5116715]]],[[[34.9321519,32.4987007],[34.9375839,32.4950842],[34.9400409,32.4978082],[34.9360079,32.5005043],[34.9321519,32.4987007]]]]}},{"type":"Feature","properties":{"name":"פרדס חנה - כרכור","osm_id":1392849},"geometry":{"type":"MultiPolygon","coordinates":[[[[34.9418438,32.4616623],[34.9437631,32.4586918],[34.9625775,32.4587519],[34.963441,32.4575942],[34.9598616,32.4521999],[34.9624111,32.4521418],[34.9606946,32.4471398],[34.9684795,32.4467574],[34.9696302,32.4446077],[34.9718334,32.4454534],[34.971772,32.4507504],[34.9737392,32.4509755],[34.9741612,32.4484908],[34.9776811,32.4489355],[34.9906072,32.4559097],[34.988949,32.4580376],[34.9909051,32.4595797],[34.9884204,32.4631025],[34.992032,32.4663186],[34.9941319,32.4649185],[34.9974921,32.4691341],[35.0098457,32.469962],[35.0148815,32.4759485],[35.0095266,32.4772634],[35.0098325,32.4801229],[34.9973989,32.4787238],[34.9947815,32.482351],[34.9931313,32.4894549],[34.9985974,32.4888344],[34.9984242,32.4865388],[35.000574,32.4864136],[35.0011792,32.4908818],[34.9956216,32.4915405],[34.9960566,32.4942169],[34.9930202,32.4941171],[34.9921061,32.4885724],[34.9881559,32.4889117],[34.987579,32.4846878],[34.9824379,32.4851263],[34.9796189,32.4826465],[34.9767677,32.4859232],[34.9778784,32.4873218],[34.9799208,32.4857175],[34.981345,32.4881317],[34.9793673,32.4889645],[34.977563,32.4877231],[34.980396,32.4928647],[34.9836807,32.4925459],[34.9835164,32.4948017],[34.9867126,32.494948],[34.9856851,32.497539],[34.9797,32.4987528],[34.9792658,32.5003968],[34.9758304,32.5010844],[34.9760562,32.5027314],[34.9694449,32.5051069],[34.9677496,32.5045581],[34.9676002,32.5025681],[34.9523619,32.5000178],[34.9540172,32.4853925],[34.9478267,32.4793242],[34.9476118,32.4773341],[34.9515121,32.4759996],[34.9418438,32.4616623]]]]}},{"type":"Feature","properties":{"name":"חדרה","osm_id":1392860},"geometry":{"type":"MultiPolygon","coordinates":[[[[34.8623456,32.4768753],[34.8623945,32.4637981],[34.8788474,32.4626711],[34.8730791,32.4379408],[34.8644631,32.4123941],[34.910257,32.4036965],[34.9127303,32.4115487],[34.9207695,32.4127716],[34.9779433,32.4033988],[34.9784698,32.4091793],[34.9764453,32.4197029],[34.9631062,32.418933],[34.9582399,32.4253535],[34.9611066,32.425545],[34.9630479,32.4308489],[34.9598764,32.431553],[34.959672,32.4352505],[34.946022,32.4375094],[34.9471379,32.4414936],[34.9535825,32.4405241],[34.9501572,32.4459863],[34.9513956,32.4464144],[34.9459721,32.448355],[34.9436163,32.4519107],[34.9460906,32.4528864],[34.9418904,32.4603303],[34.9428089,32.4645696],[34.9236448,32.4628924],[34.9212631,32.4638288],[34.9208415,32.471885],[34.9158268,32.4732201],[34.9146347,32.4699875],[34.9076064,32.4716908],[34.9040001,32.4781612],[34.8964767,32.475037],[34.8865122,32.4768598],[34.8623456,32.4768753]]]]}},{"type":"Feature","properties":{"name":"אליכין","osm_id":1392861},"geometry":{"type":"MultiPolygon","coordinates":[[[[34.910257,32.4036965],[34.9152436,32.4029826],[34.9174603,32.4091578],[34.9167946,32.4065579],[34.9198563,32.4058923],[34.9195073,32.4037942],[34.9291317,32.4041139],[34.9335514,32.411142],[34.9207695,32.4127716],[34.9127303,32.4115487],[34.910257,32.4036965]]]]}},{"type":"Feature","properties":{"name":"جسر الزرقاء","osm_id":1392894},"geometry":{"type":"MultiPolygon","coordinates":[[[[34.8957087,32.5324708],[34.9153736,32.5297138],[34.9155849,32.5474388],[34.9120448,32.545572],[34.9073523,32.538453],[34.9037062,32.5384219],[34.8978972,32.5417651],[34.8957087,32.5324708]]]]}},{"type":"Feature","properties":{"name":"الرامة","osm_id":1392964},"geometry":{"type":"MultiPolygon","coordinates":[[[[35.3541593,32.9282336],[35.357015,32.9238669],[35.3632547,32.9252354],[35.3654771,32.921991],[35.3744071,32.922625],[35.3782201,32.9217387],[35.3768793,32.9210332],[35.3783001,32.919803],[35.3800134,32.9226545],[35.3835207,32.9225013],[35.3830222,32.9239251],[35.3853342,32.9251917],[35.3893643,32.9241639],[35.3896767,32.9287432],[35.3864088,32.9311995],[35.3880292,32.9345857],[35.3867188,32.9363865],[35.3918,32.9392424],[35.3894821,32.9414815],[35.3860736,32.9393517],[35.3781276,32.9414893],[35.3745783,32.9400628],[35.3672197,32.9475956],[35.3580128,32.9433878],[35.3544142,32.9442243],[35.3556746,32.9411639],[35.354752,32.9388513],[35.3565836,32.9374491],[35.3555863,32.9363732],[35.3601666,32.9364411],[35.3617682,32.9346737],[35.3603606,32.9314325],[35.3541593,32.9282336]]]]}},{"type":"Feature","properties":{"name":"سخنين","osm_id":1392988},"geometry":{"type":"MultiPolygon","coordinates":[[[[35.2792581,32.8654128],[35.2816841,32.8653195],[35.2821473,32.8615771],[35.287743,32.8581829],[35.2915031,32.8583223],[35.2994485,32.8552318],[35.3013317,32.8533952],[35.3013597,32.8516571],[35.2995565,32.8516596],[35.3011669,32.8487702],[35.301531,32.853391],[35.3059023,32.8534662],[35.3067322,32.8476274],[35.3100169,32.8464588],[35.313422,32.848306],[35.3191355,32.8456435],[35.3209008,32.8419962],[35.3225718,32.8417129],[35.3233017,32.846573],[35.3206538,32.8473096],[35.3215318,32.8500076],[35.3197135,32.8528962],[35.3276508,32.8634713],[35.3317162,32.8646529],[35.3322174,32.8673056],[35.334232,32.8672139],[35.3346883,32.8718735],[35.3338192,32.87488],[35.3197695,32.8781419],[35.3157154,32.878397],[35.3153243,32.8747556],[35.3095019,32.8728664],[35.3011479,32.8734701],[35.298327,32.8759154],[35.2999838,32.8785447],[35.2919815,32.8778297],[35.2831401,32.8761247],[35.2841778,32.8734842],[35.2811626,32.8717431],[35.2822906,32.8673895],[35.2792581,32.8654128]]]]}},{"type":"Feature","properties":{"name":"الجش","osm_id":1393009},"geometry":{"type":"MultiPolygon","coordinates":[[[[35.4065002,33.0120656],[35.4074941,33.0094005],[35.4191412,33.0053926],[35.4194295,33.0075951],[35.4230375,33.0074024],[35.4244148,33.0114203],[35.4303916,33.0137731],[35.4315648,33.0160161],[35.4352399,33.0156972],[35.4372561,33.0177101],[35.4522407,33.0166888],[35.4550619,33.0232927],[35.4546719,33.0291951],[35.4514665,33.0323875],[35.4498842,33.0316401],[35.449056,33.0387812],[35.4417285,33.0414408],[35.4403626,33.0391145],[35.4413162,33.0343464],[35.4355652,33.0376523],[35.4347664,33.0357888],[35.4316523,33.0360379],[35.432809,33.0289317],[35.4302257,33.0268192],[35.4281582,33.0272205],[35.4251909,33.0202607],[35.4261167,33.0191683],[35.4188042,33.0198945],[35.4175413,33.0166253],[35.4136551,33.0161918],[35.4065002,33.0120656]]]]}},{"type":"Feature","properties":{"name":"بيت جن","osm_id":1393026},"geometry":{"type":"MultiPolygon","coordinates":[[[[35.3524149,32.9615736],[35.3627366,32.9621633],[35.3700603,32.9602606],[35.3715812,32.9569078],[35.370033,32.9556737],[35.372606,32.9540272],[35.3838881,32.9534285],[35.3877983,32.9515019],[35.3927839,32.9544452],[35.3915273,32.9583123],[35.3959293,32.9579685],[35.4006444,32.9613228],[35.3945226,32.9648877],[35.3893402,32.9645174],[35.386784,32.966595],[35.3901698,32.9703455],[35.3934734,32.9712315],[35.394272,32.9733605],[35.3925659,32.9766365],[35.3898612,32.9760536],[35.3822765,32.9786003],[35.3805912,32.9760078],[35.3749968,32.9802867],[35.3700468,32.9788986],[35.3723525,32.9714491],[35.3596732,32.9702808],[35.3583117,32.9686892],[35.3605415,32.9661047],[35.3541128,32.9654267],[35.3524149,32.9615736]]]]}},{"type":"Feature","properties":{"name":"קדימה - צורן","osm_id":1395617},"geometry":{"type":"MultiPolygon","coordinates":[[[[34.8892621,32.2843265],[34.8917577,32.2824789],[34.8966454,32.2840601],[34.8936179,32.2667153],[34.8947361,32.2682386],[34.9188874,32.2655174],[34.9217752,32.2688096],[34.9228146,32.2734355],[34.9192715,32.2737649],[34.9191828,32.2775794],[34.923954,32.2772921],[34.9252639,32.2788966],[34.9261771,32.2775696],[34.9253364,32.2805586],[34.9264903,32.2823798],[34.932288,32.2838204],[34.9323271,32.2851709],[34.9424335,32.2854222],[34.9455979,32.2838821],[34.9534358,32.2905085],[34.944313,32.2895961],[34.9405488,32.2917269],[34.9384759,32.2907526],[34.939085,32.2964646],[34.9347935,32.2990415],[34.9354404,32.2915105],[34.9250961,32.294161],[34.9248764,32.2919686],[34.9115869,32.2892242],[34.9114572,32.2935101],[34.9008884,32.2943963],[34.9009422,32.2975275],[34.8978851,32.2969796],[34.8977841,32.2990309],[34.8911882,32.2991449],[34.8892621,32.2843265]]]]}},{"type":"Feature","properties":{"name":"קלנסווה","osm_id":1395618},"geometry":{"type":"MultiPolygon","coordinates":[[[[34.9572577,32.2849514],[34.9665925,32.2836082],[34.9676223,32.2788813],[34.9750054,32.2772198],[34.9826429,32.2780545],[34.9816932,32.2799852],[34.984539,32.2807086],[34.9907416,32.2805602],[34.989788,32.2836594],[34.9913711,32.2837524],[34.9931017,32.2938197],[34.9946448,32.2953711],[34.9933729,32.2972785],[34.9985915,32.3006456],[34.9858239,32.3035864],[34.9859968,32.3046933],[34.9778918,32.3043042],[34.9723303,32.3087629],[34.9671419,32.3089619],[34.967232,32.3051477],[34.9630085,32.2963054],[34.9601135,32.2950704],[34.9594769,32.2889891],[34.9581334,32.2889104],[34.9572577,32.2849514]]]]}},{"type":"Feature","properties":{"name":"אבן יהודה","osm_id":1395619},"geometry":{"type":"MultiPolygon","coordinates":[[[[34.8659082,32.2663782],[34.8722103,32.262929],[34.8695613,32.2592299],[34.8742993,32.2582141],[34.8730839,32.2526551],[34.8780945,32.2509494],[34.8779784,32.2472969],[34.8873496,32.242071],[34.8885281,32.2464293],[34.8844065,32.2458159],[34.8842364,32.2468556],[34.8871142,32.2511447],[34.889762,32.2506303],[34.8966454,32.2840601],[34.8917577,32.2824789],[34.8896078,32.2836207],[34.8906037,32.2927406],[34.8839821,32.2934],[34.8826477,32.2865042],[34.8786833,32.286941],[34.8778114,32.281195],[34.8793333,32.2783808],[34.8760839,32.2771794],[34.8764627,32.2751194],[34.8705779,32.2683185],[34.8659082,32.2663782]]]]}},{"type":"Feature","properties":{"name":"תל מונד","osm_id":1395620},"geometry":{"type":"MultiPolygon","coordinates":[[[[34.883239,32.2278678],[34.8980505,32.2254753],[34.8979049,32.2227741],[34.9101746,32.2195091],[34.9100816,32.2241773],[34.9076934,32.2253324],[34.9120774,32.2304959],[34.911306,32.231654],[34.8987791,32.2348345],[34.8902336,32.2348975],[34.8904532,32.2370182],[34.887755,32.237348],[34.8882414,32.2392426],[34.8870747,32.2395624],[34.8884402,32.2422366],[34.8952733,32.2415775],[34.8994927,32.246236],[34.9198606,32.2464611],[34.9244522,32.2444651],[34.9283015,32.2469265],[34.9284618,32.2510976],[34.9258993,32.2567324],[34.9268028,32.2600532],[34.9221544,32.2624833],[34.9154311,32.262083],[34.912686,32.2536688],[34.9083581,32.2543951],[34.9082764,32.2517865],[34.9062549,32.2516406],[34.899647,32.2534286],[34.900346,32.2551276],[34.8969743,32.2580185],[34.8953244,32.2559888],[34.8971451,32.2499857],[34.8891832,32.2486598],[34.883239,32.2278678]]]]}},{"type":"Feature","properties":{"name":"زيمر‎","osm_id":1398018},"geometry":{"type":"MultiPolygon","coordinates":[[[[35.014321,32.3709263],[35.0154359,32.3588855],[35.0202568,32.3592505],[35.0192997,32.3552656],[35.0250311,32.3530326],[35.0285765,32.3468988],[35.0354352,32.3468747],[35.0417848,32.3502435],[35.0411595,32.355128],[35.0442673,32.3589494],[35.0482719,32.3596298],[35.0516032,32.3669444],[35.049042,32.3765007],[35.0427808,32.3778044],[35.0311061,32.3759184],[35.0292176,32.3722063],[35.0250999,32.376029],[35.0236572,32.3734644],[35.0155765,32.3748952],[35.014321,32.3709263]]]]}},{"type":"Feature","properties":{"name":"باقة الغربية","osm_id":1398019},"geometry":{"type":"MultiPolygon","coordinates":[[[[35.0117763,32.4146806],[35.0193566,32.4156188],[35.0205767,32.4138789],[35.022333,32.4147165],[35.0228025,32.4125793],[35.0366165,32.4118707],[35.0393061,32.4075908],[35.0385473,32.405244],[35.0440136,32.4013282],[35.0469185,32.4043818],[35.0501387,32.4018077],[35.0513011,32.4050522],[35.0530634,32.4048362],[35.0514634,32.4071456],[35.0545629,32.4073448],[35.05517,32.4117939],[35.0536484,32.4161997],[35.0570815,32.4192555],[35.0566095,32.423333],[35.0600202,32.4313115],[35.0546823,32.4327459],[35.0538273,32.4347099],[35.0512228,32.4339036],[35.0453029,32.4357209],[35.0446632,32.4340561],[35.0421994,32.4336752],[35.0323476,32.4360542],[35.0282207,32.432842],[35.0273247,32.4340769],[35.0236832,32.4300741],[35.0215287,32.4209265],[35.0149815,32.4201404],[35.0145429,32.415535],[35.0117763,32.4146806]]]]}},{"type":"Feature","properties":{"name":"חריש","osm_id":1398023},"geometry":{"type":"MultiPolygon","coordinates":[[[[35.0352275,32.4660315],[35.0371971,32.4578038],[35.0366929,32.4508912],[35.0430146,32.4523625],[35.0515802,32.4482441],[35.0569428,32.4475138],[35.0613375,32.448584],[35.0626001,32.4506395],[35.0656845,32.4493218],[35.0734558,32.4558715],[35.0716212,32.4585103],[35.0633483,32.4565151],[35.0620565,32.4602007],[35.0698318,32.4665748],[35.0744933,32.4661184],[35.0773563,32.46666],[35.0739614,32.4696965],[35.0757574,32.4802442],[35.0838223,32.4787413],[35.0847566,32.4797092],[35.0828825,32.481627],[35.0873087,32.4810569],[35.0879847,32.4821868],[35.0857483,32.4840825],[35.0806138,32.4838679],[35.0783226,32.4919095],[35.0736509,32.494804],[35.0725673,32.4876876],[35.0692411,32.4871671],[35.0656695,32.4841596],[35.0656261,32.4820379],[35.0623921,32.4783347],[35.0661902,32.4773787],[35.0629704,32.4754892],[35.064294,32.4699997],[35.0630662,32.465737],[35.0578348,32.4632852],[35.0554331,32.464324],[35.0515998,32.4619856],[35.0525275,32.4657333],[35.0514008,32.467847],[35.0370952,32.4731215],[35.0352275,32.4660315]]]]}},{"type":"Feature","properties":{"name":"أبو سنان","osm_id":1399119},"geometry":{"type":"MultiPolygon","coordinates":[[[[35.1251098,32.958439],[35.1253966,32.9569278],[35.1434854,32.9554186],[35.1439841,32.9610018],[35.1523662,32.960401],[35.1561138,32.9583574],[35.1592776,32.9600554],[35.1633225,32.9593865],[35.1635382,32.9579114],[35.1669948,32.9580726],[35.168525,32.9536587],[35.1747126,32.952487],[35.1815434,32.9568945],[35.1817638,32.959009],[35.1841627,32.9594975],[35.1826302,32.9647856],[35.180064,32.9654623],[35.1823026,32.9656315],[35.1805646,32.9688259],[35.1820345,32.9699434],[35.1825367,32.9753804],[35.1802928,32.9760889],[35.1793483,32.9798418],[35.1740257,32.9776398],[35.1767317,32.9751193],[35.1728643,32.975888],[35.1748604,32.9743402],[35.1747275,32.9681265],[35.1672949,32.9705158],[35.1658644,32.9704709],[35.1664886,32.9685629],[35.1597463,32.9699132],[35.1404388,32.9645691],[35.1278298,32.9635082],[35.1264703,32.9620568],[35.1273256,32.9591331],[35.1251098,32.958439]]]]}},{"type":"Feature","properties":{"name":"אלעד","osm_id":1399133},"geometry":{"type":"MultiPolygon","coordinates":[[[[34.9392606,32.0583615],[34.9455013,32.0469382],[34.9515625,32.0412828],[34.9541356,32.0412428],[34.9533941,32.0438494],[34.9571555,32.0454225],[34.9642418,32.0456502],[34.9665385,32.0442348],[34.9704074,32.0612521],[34.9652006,32.0604704],[34.9634683,32.0581469],[34.9590085,32.0607858],[34.9538598,32.0570098],[34.9530949,32.0555947],[34.9544469,32.0540073],[34.9508194,32.0534181],[34.9430754,32.0558217],[34.9425356,32.0590146],[34.9392606,32.0583615]]]]}},{"type":"Feature","properties":{"name":"بسمة طبعون","osm_id":1399264},"geometry":{"type":"MultiPolygon","coordinates":[[[[35.1282082,32.730264],[35.1396885,32.7306058],[35.1395961,32.7331553],[35.142782,32.7325438],[35.1445046,32.7339414],[35.1427148,32.7351979],[35.1468596,32.7404344],[35.1499993,32.7387494],[35.1458503,32.737418],[35.1496342,32.7369861],[35.1473173,32.7333349],[35.1482324,32.7316638],[35.1543815,32.7334225],[35.1568164,32.7364768],[35.1609284,32.7371079],[35.1607722,32.7417059],[35.1642138,32.7446907],[35.158297,32.7487644],[35.1565218,32.7491909],[35.15623,32.7477954],[35.1562703,32.7522956],[35.1539505,32.7514318],[35.1532123,32.7485494],[35.1486309,32.7530962],[35.1444767,32.7530318],[35.1446954,32.7505566],[35.1420736,32.7479053],[35.1430557,32.7403689],[35.1366055,32.738517],[35.1314282,32.7401347],[35.1314496,32.7382194],[35.1319112,32.7386867],[35.1356043,32.7372624],[35.1292759,32.7367441],[35.1288233,32.7348382],[35.1306696,32.7343203],[35.1282082,32.730264]]]]}},{"type":"Feature","properties":{"name":"גני תקווה","osm_id":1401193},"geometry":{"type":"MultiPolygon","coordinates":[[[[34.8676515,32.0710646],[34.866763,32.0552837],[34.8795949,32.0560619],[34.8829864,32.0574094],[34.8844151,32.0604862],[34.8837898,32.0639182],[34.8818942,32.0632934],[34.879109,32.0667489],[34.875462,32.0662626],[34.8758342,32.0708924],[34.8676515,32.0710646]]]]}},{"type":"Feature","properties":{"name":"ראש העין","osm_id":1401781},"geometry":{"type":"MultiPolygon","coordinates":[[[[34.9344063,32.0978621],[34.9470795,32.0870698],[34.9527602,32.0843977],[34.9492203,32.0766914],[34.9507158,32.0751959],[34.955866,32.0753278],[34.9591696,32.0697712],[34.961302,32.0691813],[34.9645541,32.0731009],[34.9680147,32.0739138],[34.9678372,32.0796697],[34.9744271,32.0801634],[34.9736976,32.0768123],[34.977065,32.0735997],[34.9831117,32.0773155],[34.9883197,32.0742088],[34.9912371,32.0746535],[34.9863064,32.089783],[34.9832269,32.0887465],[34.9824924,32.0899435],[34.9856929,32.0959929],[34.9861573,32.1003065],[34.9910617,32.1023617],[34.9902431,32.1049324],[34.99322,32.1064223],[34.9919345,32.1079443],[34.9889312,32.1063696],[34.9869847,32.1071973],[34.9855067,32.1040725],[34.9809921,32.1049531],[34.9802133,32.1034291],[34.9757702,32.1036298],[34.9719713,32.109054],[34.963648,32.1105479],[34.9629816,32.1086127],[34.959964,32.1105524],[34.9601678,32.1127971],[34.9584075,32.1129097],[34.9560345,32.1036444],[34.9487526,32.1071492],[34.9472739,32.114167],[34.9411196,32.1156677],[34.9378253,32.1123045],[34.9364009,32.1061959],[34.9352,32.1063841],[34.9344063,32.0978621]]]]}},{"type":"Feature","properties":{"name":"يانوح جت","osm_id":1401793},"geometry":{"type":"MultiPolygon","coordinates":[[[[35.2071604,32.9672601],[35.2115657,32.9665284],[35.2141689,32.9675179],[35.2162837,32.9656658],[35.2176908,32.9673386],[35.2200987,32.9670754],[35.2282168,32.9617615],[35.2309021,32.9646174],[35.2328663,32.9638099],[35.2374734,32.9655967],[35.2426343,32.9644827],[35.245732,32.9659782],[35.2459028,32.9688424],[35.2423128,32.9699628],[35.2424358,32.9711225],[35.2513476,32.9693894],[35.2567562,32.96633],[35.2580921,32.9675253],[35.2559673,32.9677054],[35.256258,32.9697949],[35.2665624,32.9711653],[35.2640941,32.9717869],[35.2659784,32.975707],[35.262535,32.9778041],[35.2650048,32.9800516],[35.2699439,32.9821907],[35.2802219,32.9811245],[35.2819664,32.9851583],[35.2745563,32.9905776],[35.2422199,32.994928],[35.2404923,32.9869921],[35.2368476,32.9891843],[35.2354649,32.986754],[35.2280533,32.9886068],[35.2276224,32.9874349],[35.2195593,32.9874794],[35.2165728,32.9852029],[35.2111538,32.9856384],[35.2135411,32.9770881],[35.2167602,32.9767469],[35.2175414,32.9752635],[35.2182509,32.9683757],[35.2071604,32.9672601]]]]}},{"type":"Feature","properties":{"name":"קריית טבעון","osm_id":1401800},"geometry":{"type":"MultiPolygon","coordinates":[[[[35.0964627,32.7249276],[35.1059132,32.6844692],[35.1082443,32.6846073],[35.1114601,32.6875412],[35.1100787,32.6886797],[35.1116263,32.6916397],[35.109577,32.6968915],[35.1127683,32.7003908],[35.110472,32.7022957],[35.1139857,32.7050073],[35.1197352,32.7038124],[35.1222868,32.7013665],[35.1279524,32.7032192],[35.1307674,32.7034136],[35.1331477,32.7014718],[35.1341262,32.7027294],[35.1359253,32.7075437],[35.1334316,32.7077346],[35.1315343,32.7108608],[35.1316979,32.7182777],[35.144091,32.7242402],[35.1455529,32.7283489],[35.1505031,32.7291523],[35.1505602,32.7322538],[35.1482324,32.7316638],[35.1473173,32.7333349],[35.1496342,32.7369861],[35.1458503,32.737418],[35.1499993,32.7387494],[35.1468596,32.7404344],[35.1427148,32.7351979],[35.1445046,32.7339414],[35.142782,32.7325438],[35.1395961,32.7331553],[35.1397226,32.7291996],[35.1381396,32.7279616],[35.1207233,32.7250944],[35.1189702,32.7201862],[35.1160061,32.721382],[35.1153427,32.7203378],[35.1143514,32.7168007],[35.1167257,32.7145258],[35.1126305,32.7112112],[35.1054271,32.711611],[35.1057101,32.7140603],[35.1086145,32.7150971],[35.1063173,32.7171553],[35.1071629,32.7199996],[35.1055629,32.7219504],[35.0964627,32.7249276]]]]}},{"type":"Feature","properties":{"name":"טירת הכרמל","osm_id":1403089},"geometry":{"type":"MultiPolygon","coordinates":[[[[34.9479148,32.767972],[34.9556316,32.7673007],[34.9567958,32.7726483],[34.9629124,32.7723524],[34.9610915,32.7589785],[34.9643586,32.7476218],[34.9677887,32.7480367],[34.9697325,32.7507105],[34.9738379,32.7508951],[34.9710728,32.7450681],[34.9744058,32.7463194],[34.9738088,32.7445329],[34.9763336,32.745428],[34.9790272,32.7442387],[34.9783852,32.746702],[34.9805109,32.7484078],[34.9822156,32.7619224],[34.978425,32.7621995],[34.9792413,32.7633805],[34.9765317,32.7677269],[34.9782469,32.7712581],[34.9639375,32.7737359],[34.9628972,32.7851221],[34.949982,32.7846342],[34.9479148,32.767972]]]]}},{"type":"Feature","properties":{"name":"دالية الكرمل","osm_id":1403095},"geometry":{"type":"MultiPolygon","coordinates":[[[[35.0162463,32.6976194],[35.0227185,32.6943275],[35.0201482,32.6898619],[35.0266455,32.6839328],[35.0324079,32.6856699],[35.0390322,32.6816135],[35.0484542,32.6825155],[35.0674775,32.6793795],[35.0697518,32.6810585],[35.0790085,32.6795661],[35.0814162,32.6809876],[35.0799513,32.6839222],[35.0802549,32.6895098],[35.0816561,32.6902064],[35.0753595,32.6927595],[35.0752196,32.6946586],[35.0670098,32.6997123],[35.0451001,32.7068896],[35.0432156,32.7108755],[35.0409675,32.7115035],[35.0362981,32.71027],[35.0274748,32.7034817],[35.0267056,32.7004615],[35.0238755,32.6987042],[35.0179772,32.6996384],[35.0162463,32.6976194]]]]}},{"type":"Feature","properties":{"name":"عسفيا","osm_id":1403485},"geometry":{"type":"MultiPolygon","coordinates":[[[[35.0398505,32.7357062],[35.0414981,32.7326009],[35.0453384,32.7336467],[35.0438799,32.732303],[35.0461642,32.7316527],[35.0449869,32.7296985],[35.0485382,32.728246],[35.0501001,32.7246742],[35.0477882,32.7239584],[35.0438759,32.7186157],[35.0409456,32.7180399],[35.0410771,32.7158596],[35.043123,32.7146976],[35.0485159,32.7163436],[35.0494353,32.7153021],[35.0508239,32.7169973],[35.0530111,32.7167335],[35.052491,32.713392],[35.0644135,32.7136828],[35.0609655,32.710917],[35.0617747,32.7090877],[35.0583494,32.7089123],[35.0589018,32.709897],[35.0540476,32.7114706],[35.0520829,32.7076917],[35.0415913,32.7117316],[35.0447995,32.7071005],[35.0519391,32.7055203],[35.0538787,32.7031849],[35.0577968,32.7033297],[35.0588117,32.7013658],[35.0670098,32.6997123],[35.0752196,32.6946586],[35.0753595,32.6927595],[35.077608,32.6914825],[35.08552,32.6895168],[35.0869322,32.6959401],[35.0855516,32.7090345],[35.0842113,32.7110301],[35.0780861,32.7128327],[35.0822378,32.7136707],[35.0816505,32.7163459],[35.0783444,32.7174356],[35.0744219,32.7226896],[35.0710423,32.7224835],[35.0719575,32.7204977],[35.0692685,32.7211987],[35.0666722,32.7235098],[35.063907,32.7296606],[35.0648944,32.7308288],[35.0599423,32.7303251],[35.0598533,32.7319803],[35.0539359,32.7334278],[35.0541634,32.7354883],[35.0522006,32.7349222],[35.05013,32.7379172],[35.0415306,32.7377592],[35.0398505,32.7357062]]]]}},{"type":"Feature","properties":{"name":"فسوطة","osm_id":1404516},"geometry":{"type":"MultiPolygon","coordinates":[[[[35.282354,33.0574404],[35.2831587,33.0538791],[35.2856159,33.052547],[35.2844234,33.0487704],[35.2853512,33.0447187],[35.2912063,33.0456344],[35.294858,33.0430561],[35.2990406,33.0368553],[35.3132056,33.0378429],[35.3128174,33.0402079],[35.3259352,33.0378169],[35.3304166,33.0434472],[35.3290109,33.0437287],[35.3313734,33.0498698],[35.3273281,33.0530852],[35.3270526,33.0568052],[35.3228839,33.0588902],[35.3230588,33.0613853],[35.3173303,33.0608473],[35.3158411,33.0625969],[35.3171149,33.0650977],[35.3152894,33.0696263],[35.2978308,33.0662378],[35.282354,33.0574404]]]]}},{"type":"Feature","properties":{"name":"מעלות תרשיחא","osm_id":1404529},"geometry":{"type":"MultiPolygon","coordinates":[[[[35.1845811,33.0088115],[35.1837233,33.0068802],[35.1902333,33.0085025],[35.1845811,33.0088115]]],[[[35.2365188,33.0088105],[35.2523438,33.0079453],[35.2620206,33.0018795],[35.2669998,33.0019748],[35.2742892,32.9991489],[35.2796441,32.9994492],[35.2796329,33.0015565],[35.284854,32.9990911],[35.2867057,33.0021721],[35.2852948,33.002718],[35.2876141,33.0055985],[35.285959,33.0064496],[35.2893532,33.00857],[35.2913641,33.0093868],[35.2954127,33.0059731],[35.2989605,33.0078024],[35.3049544,33.0067486],[35.3077143,33.0097882],[35.3048797,33.0196003],[35.2996434,33.0205263],[35.2990478,33.0157076],[35.2967036,33.0145713],[35.2977362,33.0108546],[35.2936991,33.0092488],[35.2943009,33.0135861],[35.2914523,33.0168453],[35.2918023,33.019416],[35.29389,33.0201259],[35.2926543,33.0218375],[35.2875324,33.0259678],[35.2798767,33.0260825],[35.2781966,33.0292631],[35.2694485,33.0294935],[35.268027,33.028327],[35.2707615,33.0246376],[35.2694098,33.0203444],[35.2707851,33.0224149],[35.2723153,33.0214369],[35.2712723,33.0182872],[35.2696454,33.0162979],[35.2661043,33.017663],[35.2675869,33.0156524],[35.2656885,33.013881],[35.2660717,33.0116249],[35.2603494,33.0071919],[35.2573514,33.0093398],[35.257567,33.0113448],[35.2555597,33.0100342],[35.2507976,33.0115869],[35.2506842,33.0145907],[35.2377939,33.0141475],[35.2365188,33.0088105]]]]}},{"type":"Feature","properties":{"name":"حرفيش","osm_id":1404543},"geometry":{"type":"MultiPolygon","coordinates":[[[[35.3265119,33.0218739],[35.3380266,33.0176474],[35.3299946,33.0169818],[35.3311166,33.012343],[35.3370256,33.0126775],[35.3427166,33.0090444],[35.34497,33.0140957],[35.3480682,33.0111277],[35.3546146,33.0112304],[35.3546581,33.0090304],[35.3551239,33.0101726],[35.3575717,33.0079947],[35.3624877,33.0140376],[35.3650902,33.0146541],[35.3610394,33.0175289],[35.361659,33.020114],[35.3571228,33.022063],[35.3587871,33.0249945],[35.3565102,33.0259956],[35.3566321,33.0336481],[35.3529021,33.0350202],[35.3463422,33.0358131],[35.3404734,33.0335923],[35.338894,33.0268862],[35.3354762,33.0284267],[35.3309631,33.0252095],[35.3327936,33.0226469],[35.3298864,33.0237373],[35.3265119,33.0218739]]]]}},{"type":"Feature","properties":{"name":"ג'לג'וליה","osm_id":1405256},"geometry":{"type":"MultiPolygon","coordinates":[[[[34.9341141,32.1406057],[34.9372763,32.1440753],[34.9375996,32.142938],[34.9416362,32.1429607],[34.9415859,32.1463685],[34.946374,32.1488956],[34.9487365,32.1483953],[34.9509741,32.1454621],[34.9596674,32.1444187],[34.962263,32.1491589],[34.9602829,32.1495076],[34.9615732,32.1506563],[34.9607224,32.1579336],[34.9479306,32.1559878],[34.9375913,32.1492369],[34.9373328,32.153086],[34.9341141,32.1406057]]]]}},{"type":"Feature","properties":{"name":"كفر برا","osm_id":1405260},"geometry":{"type":"MultiPolygon","coordinates":[[[[34.9568153,32.1315715],[34.9578366,32.1299216],[34.9692566,32.1285464],[34.9725232,32.1243955],[34.9785286,32.1254236],[34.9860771,32.1229461],[34.9849429,32.1274013],[34.9882466,32.1342014],[34.9758712,32.1358538],[34.9731309,32.1352078],[34.9740171,32.1339812],[34.9728504,32.1330736],[34.958062,32.1355982],[34.9568153,32.1315715]]]]}},{"type":"Feature","properties":{"name":"كفر قاسم‎","osm_id":1405261},"geometry":{"type":"MultiPolygon","coordinates":[[[[34.9435805,32.1223521],[34.9487526,32.1071492],[34.9560345,32.1036444],[34.9584075,32.1129097],[34.9601678,32.1127971],[34.959964,32.1105524],[34.9629816,32.1086127],[34.963648,32.1105479],[34.9719713,32.109054],[34.9757702,32.1036298],[34.9802133,32.1034291],[34.9809921,32.1049531],[34.9855067,32.1040725],[34.9869847,32.1071973],[34.9935901,32.1072909],[34.9928023,32.1125912],[34.9889067,32.1149603],[34.9887868,32.1194566],[34.9860771,32.1229461],[34.9785286,32.1254236],[34.9725232,32.1243955],[34.9692566,32.1285464],[34.9660636,32.1280594],[34.9635886,32.1299119],[34.9519243,32.1296124],[34.951108,32.1317424],[34.9508787,32.1302928],[34.9461572,32.1294514],[34.9435805,32.1223521]]]]}},{"type":"Feature","properties":{"name":"שהם","osm_id":1406086},"geometry":{"type":"MultiPolygon","coordinates":[[[[34.9317027,31.9841767],[34.9415995,31.9825801],[34.9510022,31.984502],[34.9501826,31.9867863],[34.953624,31.9890441],[34.9568768,31.9880919],[34.9656946,31.9909854],[34.9675759,31.9927641],[34.9677756,32.0013762],[34.9648485,32.0041793],[34.952669,32.0048263],[34.9530479,32.0126784],[34.9502065,32.0126525],[34.939983,32.0075461],[34.9391888,32.0044349],[34.9390969,32.0009683],[34.9412274,31.9995161],[34.9412524,31.9972715],[34.9404821,31.9945914],[34.9370723,31.9933212],[34.9367503,31.9915192],[34.9385199,31.9905494],[34.9418625,31.9932623],[34.9446388,31.9904329],[34.9396356,31.9879872],[34.9385183,31.9905265],[34.9342548,31.988311],[34.9326091,31.9889822],[34.9317027,31.9841767]]],[[[34.9537831,32.0143958],[34.9608519,32.0134717],[34.9660066,32.0145641],[34.9641486,32.0224794],[34.953965,32.0208972],[34.9537831,32.0143958]]]]}},{"type":"Feature","properties":{"name":"מגדל תפן","osm_id":1406228},"geometry":{"type":"MultiPolygon","coordinates":[[[[35.262535,32.9778041],[35.2659784,32.975707],[35.2640941,32.9717869],[35.267721,32.9695484],[35.2750927,32.9680367],[35.2782615,32.969861],[35.2788125,32.9718901],[35.285707,32.9693869],[35.2880034,32.9703072],[35.2885257,32.978041],[35.2865437,32.9799046],[35.2699439,32.9821907],[35.262535,32.9778041]]]]}},{"type":"Feature","properties":{"name":"כפר ורדים","osm_id":1406229},"geometry":{"type":"MultiPolygon","coordinates":[[[[35.2374625,33.0056034],[35.2389515,33.0033056],[35.2444701,33.003717],[35.2448529,33.0012801],[35.2434649,33.0009694],[35.2457309,32.993948],[35.2745563,32.9905776],[35.2769076,32.9891597],[35.2785091,32.9894014],[35.2795147,32.9923993],[35.2838565,32.9933485],[35.2820403,33.0005073],[35.2796329,33.0015565],[35.2789353,32.9992405],[35.2717362,32.9996546],[35.2669998,33.0019748],[35.2599941,33.0025357],[35.2523438,33.0079453],[35.2468414,33.0085556],[35.2382422,33.0083662],[35.2374625,33.0056034]]]]}},{"type":"Feature","properties":{"name":"מועצה אזורית אשכול","osm_id":1473950},"geometry":{"type":"MultiPolygon","coordinates":[[[[34.2674994,31.2201289],[34.3251712,31.0593937],[34.4119256,31.0785343],[34.5080931,31.1102832],[34.5822481,31.1082488],[34.6085644,31.1374981],[34.616762,31.1333121],[34.6241391,31.1342525],[34.6180854,31.1415511],[34.5839723,31.1654068],[34.5855912,31.166494],[34.5793838,31.1720555],[34.5844687,31.1758459],[34.5864298,31.1804198],[34.5835035,31.1813757],[34.5848118,31.1842919],[34.5819436,31.1865033],[34.5849167,31.1885716],[34.5843783,31.1897102],[34.5679543,31.192026],[34.5617003,31.1958409],[34.5516331,31.1981533],[34.5472673,31.2026986],[34.5470044,31.20689],[34.53819,31.2106563],[34.5395985,31.2120643],[34.5365703,31.2187089],[34.5318963,31.2209654],[34.5280882,31.2183832],[34.5171294,31.2273515],[34.5121451,31.228168],[34.5108819,31.2300704],[34.51217,31.2312874],[34.5108071,31.2331674],[34.5116419,31.2366322],[34.5094823,31.2414339],[34.5015301,31.2416821],[34.496774,31.2448763],[34.4900947,31.2444087],[34.4888756,31.2493161],[34.4928386,31.2512851],[34.4985513,31.2515353],[34.4989907,31.256218],[34.4929685,31.2599694],[34.4969786,31.2629584],[34.492759,31.2714791],[34.4883317,31.2703603],[34.4908057,31.2787279],[34.4832797,31.280568],[34.4835307,31.2824251],[34.4878442,31.2857851],[34.4850153,31.2875026],[34.4862491,31.291126],[34.4839532,31.2952923],[34.485668,31.3100274],[34.4494685,31.3120874],[34.4517916,31.3147212],[34.4465437,31.3165418],[34.4508894,31.3251623],[34.4547786,31.3238136],[34.4552731,31.3265594],[34.4584985,31.3254757],[34.4575621,31.3284936],[34.4596061,31.3309292],[34.4612056,31.3261167],[34.463763,31.3259593],[34.4624998,31.3225643],[34.4839986,31.3218303],[34.4856407,31.3221409],[34.4835193,31.3241746],[34.4852314,31.3265019],[34.4931334,31.3233524],[34.5103198,31.3356239],[34.5145311,31.3316876],[34.4970227,31.3184783],[34.5001777,31.3179309],[34.4982247,31.3144375],[34.4967972,31.3146485],[34.4974923,31.3131136],[34.5050024,31.308278],[34.5081312,31.3079859],[34.5103246,31.3053438],[34.5072368,31.3050595],[34.5071447,31.3034766],[34.503417,31.3037641],[34.5025097,31.3019091],[34.5028398,31.2994778],[34.506658,31.2982788],[34.505032,31.2933145],[34.5068306,31.292684],[34.5057123,31.2902807],[34.5395706,31.2781676],[34.541523,31.2832216],[34.5369009,31.2956291],[34.5382105,31.29845],[34.5422008,31.2970361],[34.5442179,31.3014465],[34.5469416,31.300524],[34.549612,31.3065524],[34.5428265,31.3088512],[34.5431296,31.3048264],[34.5447101,31.3034945],[34.541366,31.3036855],[34.5309939,31.3077163],[34.537525,31.311623],[34.5350793,31.312587],[34.5358411,31.3143974],[34.5339901,31.3150588],[34.5354004,31.3187279],[34.5331764,31.3190443],[34.5220856,31.3402951],[34.5169298,31.3460928],[34.5132885,31.3465098],[34.5050753,31.3414525],[34.4891316,31.3601546],[34.4985541,31.3719474],[34.4944945,31.3738609],[34.4888806,31.3804799],[34.5027021,31.3767786],[34.5143485,31.3910381],[34.5035736,31.3975403],[34.5024941,31.4095729],[34.5106746,31.4045208],[34.5131392,31.4048165],[34.5159825,31.4027929],[34.5169134,31.4037629],[34.5200811,31.4010472],[34.5286088,31.4013157],[34.533403,31.4047747],[34.5300382,31.4087378],[34.5289126,31.4076811],[34.5243633,31.41066],[34.5189376,31.4099542],[34.5134757,31.4148572],[34.5105477,31.4151886],[34.5079439,31.41347],[34.5089548,31.4182785],[34.5107011,31.4196374],[34.5101664,31.4255542],[34.5139999,31.428436],[34.5149919,31.4350177],[34.5178885,31.438076],[34.5133385,31.447012],[34.5054011,31.4395878],[34.5013612,31.4445042],[34.4922547,31.4408697],[34.4833221,31.4405117],[34.4726576,31.4356876],[34.4688495,31.4375508],[34.4670955,31.4366102],[34.4650271,31.4384896],[34.4626566,31.4356789],[34.4578091,31.4349809],[34.4597402,31.4426287],[34.4508791,31.4490174],[34.4455503,31.4437879],[34.4370599,31.4402701],[34.4236027,31.4233727],[34.4163984,31.4197246],[34.4075179,31.4115831],[34.4048312,31.4120836],[34.4027644,31.4104671],[34.3950243,31.4018527],[34.3802664,31.3895735],[34.3740162,31.3788011],[34.3718339,31.3702214],[34.3671664,31.3695828],[34.3650551,31.3644112],[34.373288,31.3061738],[34.3665475,31.2905287],[34.3421974,31.2782519],[34.3363609,31.2683994],[34.3258087,31.2579736],[34.316188,31.2517026],[34.2919106,31.2412003],[34.2674994,31.2201289]]]]}},{"type":"Feature","properties":{"name":"מועצה אזורית חוף אשקלון","osm_id":1473951},"geometry":{"type":"MultiPolygon","coordinates":[[[[34.4879386,31.5968541],[34.549277,31.5538349],[34.5528304,31.5576811],[34.5466687,31.561475],[34.5455817,31.5662014],[34.5426261,31.5660708],[34.5424361,31.5705848],[34.5465521,31.5707796],[34.548286,31.5725478],[34.5637865,31.5651853],[34.5661952,31.5658972],[34.5739917,31.5754144],[34.5810001,31.5720946],[34.5929004,31.5704468],[34.5929374,31.5726007],[34.5955757,31.571734],[34.5960058,31.5766619],[34.6008511,31.5815994],[34.6035985,31.5822487],[34.607291,31.5801213],[34.6133519,31.5795757],[34.6177916,31.5736704],[34.6174935,31.5710676],[34.6258663,31.569659],[34.626247,31.5740528],[34.6309553,31.5760169],[34.6429089,31.5723892],[34.6431693,31.5691922],[34.6478192,31.5684183],[34.6597925,31.5712809],[34.6663744,31.5764803],[34.66648,31.5814326],[34.6704853,31.5860546],[34.6759228,31.584987],[34.6826261,31.5859898],[34.6837302,31.5897854],[34.688391,31.592538],[34.6870752,31.5966291],[34.6891002,31.5982663],[34.6891979,31.6013829],[34.6859506,31.6017496],[34.6862366,31.6036856],[34.6825933,31.6049055],[34.6840184,31.6064787],[34.6789685,31.6091506],[34.6856373,31.6148603],[34.6811789,31.6222469],[34.6772092,31.6242647],[34.6798548,31.6264949],[34.6758066,31.6304381],[34.6783481,31.6354127],[34.6753276,31.6346278],[34.6632379,31.6384143],[34.6632388,31.6485188],[34.6552855,31.6489624],[34.6574428,31.6558666],[34.6629948,31.6538293],[34.6648258,31.6598013],[34.6619321,31.6626789],[34.6608093,31.6663007],[34.6625407,31.6663142],[34.6609512,31.6677803],[34.6645816,31.6687983],[34.6614083,31.6708846],[34.6592754,31.6691538],[34.6548076,31.6704254],[34.6525157,31.6762051],[34.6543338,31.6757812],[34.6564545,31.6788639],[34.6524078,31.6787961],[34.6521615,31.6822939],[34.6538074,31.6828593],[34.6505414,31.6884594],[34.6499809,31.6946639],[34.6437,31.7103535],[34.649625,31.7149138],[34.6451949,31.7183113],[34.6489053,31.7279811],[34.6410352,31.7330741],[34.6448786,31.7395892],[34.6357932,31.7424154],[34.6290164,31.7475766],[34.6183011,31.7516599],[34.6169946,31.7507334],[34.6113846,31.7552138],[34.6025479,31.7587096],[34.5768594,31.7177905],[34.5836709,31.714318],[34.5884862,31.7093156],[34.5910713,31.7093907],[34.5933343,31.7063792],[34.5933194,31.7014129],[34.597333,31.7022081],[34.6066664,31.7100748],[34.6084601,31.7089641],[34.6071233,31.7076739],[34.6095583,31.706359],[34.609573,31.7027281],[34.5977273,31.6986185],[34.6028536,31.6956834],[34.6042744,31.6926136],[34.6083659,31.6932113],[34.6097501,31.6963375],[34.6142545,31.6950743],[34.6093916,31.6842171],[34.6099592,31.6762851],[34.6069207,31.6702411],[34.6065717,31.6620717],[34.5996224,31.6555818],[34.5950935,31.648689],[34.5898103,31.6349969],[34.5801771,31.6407663],[34.5689708,31.6362845],[34.5572585,31.6291196],[34.5340121,31.6280839],[34.5394045,31.6249411],[34.5339682,31.6196996],[34.5200765,31.6277539],[34.5183205,31.6257145],[34.5111017,31.6295436],[34.4879386,31.5968541]]]]}},{"type":"Feature","properties":{"name":"מועצה אזורית שדות נגב","osm_id":1473953},"geometry":{"type":"MultiPolygon","coordinates":[[[[34.4508791,31.4490174],[34.4597402,31.4426287],[34.4578091,31.4349809],[34.4626566,31.4356789],[34.4650271,31.4384896],[34.4670955,31.4366102],[34.4688495,31.4375508],[34.4726576,31.4356876],[34.4833221,31.4405117],[34.4922547,31.4408697],[34.5013612,31.4445042],[34.5054011,31.4395878],[34.5133385,31.447012],[34.5178885,31.438076],[34.5149919,31.4350177],[34.5139999,31.428436],[34.5101664,31.4255542],[34.5107011,31.4196374],[34.5089548,31.4182785],[34.5079439,31.41347],[34.5105477,31.4151886],[34.5134757,31.4148572],[34.5189376,31.4099542],[34.5243633,31.41066],[34.5289126,31.4076811],[34.5300382,31.4087378],[34.533403,31.4047747],[34.5286088,31.4013157],[34.5200811,31.4010472],[34.5169134,31.4037629],[34.5159825,31.4027929],[34.5131392,31.4048165],[34.5106746,31.4045208],[34.5024941,31.4095729],[34.5035736,31.3975403],[34.5143485,31.3910381],[34.503127,31.3759918],[34.5089909,31.376666],[34.5198727,31.3704197],[34.527892,31.3719011],[34.5322293,31.3653615],[34.536765,31.3662718],[34.5404439,31.3642545],[34.5506781,31.3636285],[34.5612901,31.3664788],[34.56757,31.362026],[34.5764113,31.3587216],[34.5835229,31.3611419],[34.5837815,31.3640362],[34.5883556,31.3662218],[34.5873663,31.3688165],[34.5936548,31.3689593],[34.5940065,31.3708157],[34.5985378,31.3728834],[34.6029664,31.3777399],[34.6090789,31.3785312],[34.6131982,31.3773437],[34.6162762,31.3801291],[34.613687,31.3864921],[34.6172519,31.3872965],[34.6167096,31.397973],[34.6185645,31.3998114],[34.6133555,31.4001614],[34.611445,31.4091626],[34.6080421,31.4155541],[34.6202226,31.4238984],[34.6242994,31.4168424],[34.6265112,31.4163364],[34.6368261,31.4231314],[34.6367231,31.4260744],[34.6298005,31.4296539],[34.6382806,31.4424838],[34.6375638,31.4478405],[34.6337781,31.450585],[34.6355069,31.4539287],[34.6389908,31.4533502],[34.6402046,31.4552331],[34.6369256,31.4629628],[34.6228287,31.4645243],[34.6167846,31.4676013],[34.6158689,31.4657762],[34.6113818,31.4648565],[34.6108681,31.4627623],[34.6093068,31.4637267],[34.5979129,31.456281],[34.5939811,31.4638811],[34.5913678,31.4648778],[34.5904103,31.4625548],[34.5759243,31.4617983],[34.5744227,31.4587509],[34.5682626,31.4660676],[34.5725956,31.4690399],[34.5720999,31.4708089],[34.5708735,31.4705108],[34.5656705,31.4764568],[34.5612133,31.4800602],[34.5574004,31.4787631],[34.5463452,31.4831293],[34.5283948,31.469429],[34.5339624,31.4651297],[34.5312188,31.4613743],[34.5229097,31.4557179],[34.5157285,31.4608559],[34.5064071,31.4532312],[34.495503,31.4587162],[34.489725,31.4526403],[34.481902,31.4580674],[34.479379,31.4558755],[34.4726908,31.460712],[34.4677258,31.4554527],[34.4625343,31.4593577],[34.4508791,31.4490174]]],[[[34.5902536,31.4156631],[34.591095,31.4144537],[34.5990794,31.4147979],[34.6025746,31.4170685],[34.6010356,31.4189062],[34.5902536,31.4156631]]]]}},{"type":"Feature","properties":{"name":"מועצה אזורית שער הנגב","osm_id":1473954},"geometry":{"type":"MultiPolygon","coordinates":[[[[34.4625343,31.4593577],[34.4677258,31.4554527],[34.4726908,31.460712],[34.479379,31.4558755],[34.481902,31.4580674],[34.489725,31.4526403],[34.495503,31.4587162],[34.5064071,31.4532312],[34.5157285,31.4608559],[34.5229097,31.4557179],[34.5312188,31.4613743],[34.5339624,31.4651297],[34.5283948,31.469429],[34.5463452,31.4831293],[34.5574004,31.4787631],[34.5612133,31.4800602],[34.5656705,31.4764568],[34.5708735,31.4705108],[34.5720999,31.4708089],[34.5725956,31.4690399],[34.5682626,31.4660676],[34.5744227,31.4587509],[34.5759243,31.4617983],[34.5904103,31.4625548],[34.5913678,31.4648778],[34.5939811,31.4638811],[34.5979129,31.456281],[34.614721,31.4657021],[34.6123323,31.4686264],[34.6151792,31.4713739],[34.6089601,31.4721078],[34.6176433,31.4758157],[34.6206366,31.4815765],[34.6149385,31.485987],[34.6166343,31.4887342],[34.6220941,31.4874777],[34.6234906,31.4948943],[34.6262902,31.492906],[34.6272781,31.4947779],[34.6315304,31.4924194],[34.6333577,31.4929245],[34.6374579,31.4864461],[34.6379529,31.4813837],[34.644027,31.4827238],[34.6450206,31.4842484],[34.6519933,31.4824368],[34.6461021,31.4915047],[34.6522266,31.493605],[34.6527915,31.4917829],[34.6567665,31.4911539],[34.6589186,31.4941356],[34.6623526,31.4911625],[34.6619902,31.4946293],[34.6595275,31.4954468],[34.6628599,31.4967539],[34.665159,31.4961337],[34.6659765,31.4941261],[34.6707112,31.4956877],[34.6807486,31.4917236],[34.6848636,31.4855066],[34.693134,31.483176],[34.6907386,31.4812488],[34.6945255,31.4746792],[34.6938203,31.4690609],[34.6918441,31.4683379],[34.6899936,31.4701089],[34.6868436,31.4661792],[34.6820083,31.4649423],[34.6838204,31.4645248],[34.6823361,31.463534],[34.6758553,31.4661927],[34.6769319,31.4707957],[34.6747062,31.4739328],[34.6701649,31.4756632],[34.6707038,31.4736056],[34.6672999,31.4687674],[34.6698318,31.4627386],[34.6729608,31.4636773],[34.674384,31.4604586],[34.679405,31.4621057],[34.6832424,31.4582056],[34.6894086,31.4602057],[34.6907825,31.4586809],[34.6947283,31.4607041],[34.6976369,31.4580546],[34.711242,31.4560985],[34.7226436,31.4626578],[34.7241234,31.4621207],[34.7223184,31.4576879],[34.7261039,31.4559262],[34.7250099,31.4538141],[34.7279737,31.4517614],[34.7331771,31.4513044],[34.7362845,31.4546896],[34.7358653,31.4597271],[34.7341364,31.4608814],[34.7363279,31.4635829],[34.7357362,31.4667031],[34.7333964,31.465715],[34.7331044,31.4714624],[34.7356295,31.4736176],[34.7318029,31.4737973],[34.7334622,31.4777038],[34.7305267,31.4800839],[34.7329609,31.4858496],[34.738147,31.4911207],[34.7399368,31.487712],[34.7425439,31.4868225],[34.7423715,31.4834207],[34.7466885,31.4820817],[34.7546027,31.4907793],[34.7514099,31.4918969],[34.7491024,31.4871793],[34.7406902,31.4907559],[34.7409605,31.4935639],[34.7388924,31.4944414],[34.7397694,31.4961046],[34.7366204,31.4984025],[34.7329707,31.4993113],[34.7321314,31.4980015],[34.729706,31.4997217],[34.7268199,31.4964155],[34.7195546,31.4994323],[34.7205941,31.5037176],[34.7186057,31.5055718],[34.7209652,31.5074661],[34.7180492,31.5114203],[34.7133027,31.5137267],[34.7134883,31.5163105],[34.7170116,31.5175104],[34.7173436,31.5207984],[34.7205027,31.5253753],[34.718619,31.5311822],[34.7110885,31.5322207],[34.7095082,31.5368402],[34.7027221,31.53579],[34.7026624,31.5333102],[34.6994649,31.5308834],[34.694016,31.5349583],[34.692151,31.5432272],[34.6869434,31.5494395],[34.6795017,31.5491144],[34.6789211,31.5507777],[34.6629506,31.547763],[34.6558032,31.5525213],[34.6597925,31.5712809],[34.6457429,31.5684504],[34.6431693,31.5691922],[34.6429089,31.5723892],[34.6309553,31.5760169],[34.626247,31.5740528],[34.6258663,31.569659],[34.6194695,31.5706106],[34.6174935,31.5710676],[34.6177916,31.5736704],[34.6133519,31.5795757],[34.6027761,31.5822015],[34.5960058,31.5766619],[34.5955757,31.571734],[34.5929374,31.5726007],[34.5929004,31.5704468],[34.5810001,31.5720946],[34.5739917,31.5754144],[34.5661952,31.5658972],[34.5637865,31.5651853],[34.548286,31.5725478],[34.5465521,31.5707796],[34.5424361,31.5705848],[34.5426261,31.5660708],[34.5455817,31.5662014],[34.5466687,31.561475],[34.5528304,31.5576811],[34.549277,31.5538349],[34.5666802,31.5414644],[34.5645456,31.5319131],[34.5590514,31.5284143],[34.5581922,31.5251233],[34.5537837,31.5212465],[34.5542243,31.5187413],[34.5467531,31.5130345],[34.5247268,31.5029453],[34.5127105,31.500695],[34.5085156,31.4983257],[34.4865427,31.4808794],[34.4779067,31.4762123],[34.4625343,31.4593577]]]]}},{"type":"Feature","properties":{"name":"שלומי","osm_id":1663091},"geometry":{"type":"MultiPolygon","coordinates":[[[[35.1302043,33.0829417],[35.1316392,33.0760139],[35.135239,33.0774794],[35.1421929,33.0754547],[35.1400273,33.0709061],[35.1413506,33.0667652],[35.1388641,33.0635061],[35.142046,33.0632301],[35.1436138,33.0482292],[35.1473161,33.0471383],[35.1535014,33.0517676],[35.1509112,33.0565386],[35.1499371,33.0685552],[35.1531312,33.0706593],[35.1626356,33.071802],[35.1606075,33.0726196],[35.1592759,33.0783549],[35.1610508,33.0826914],[35.1575915,33.0865167],[35.1385365,33.085058],[35.1302043,33.0829417]]]]}},{"type":"Feature","properties":{"name":"معليا","osm_id":1932118},"geometry":{"type":"MultiPolygon","coordinates":[[[[35.2458765,33.0315351],[35.2481457,33.0310236],[35.2469463,33.0271324],[35.2494226,33.0254645],[35.2477881,33.0230797],[35.2487845,33.0248105],[35.2514236,33.0250549],[35.2533654,33.0245517],[35.2523027,33.0229396],[35.262087,33.0228504],[35.2639072,33.0210274],[35.2667543,33.022268],[35.2671531,33.0240722],[35.2692337,33.0236193],[35.2684528,33.0293045],[35.2652105,33.0288445],[35.2637623,33.0303827],[35.2658906,33.034148],[35.262366,33.0369695],[35.2604116,33.0369108],[35.2589143,33.0329802],[35.2526986,33.0339784],[35.249214,33.0307991],[35.2458765,33.0315351]]]]}},{"type":"Feature","properties":{"name":"المزرعة","osm_id":1932154},"geometry":{"type":"MultiPolygon","coordinates":[[[[35.0941119,32.9810316],[35.1055288,32.9802771],[35.1124481,32.9829251],[35.1118867,32.9844861],[35.1049975,32.9867246],[35.1003245,32.9858859],[35.0965693,32.9890438],[35.0951393,32.9878809],[35.0941119,32.9810316]]]]}},{"type":"Feature","properties":{"name":"נהריה","osm_id":1932164},"geometry":{"type":"MultiPolygon","coordinates":[[[[35.0775853,32.988991],[35.091059,32.9871678],[35.0964459,32.9880005],[35.0974018,32.9951866],[35.1025749,32.9938933],[35.1047627,33.0016411],[35.1089885,33.0007199],[35.1116104,33.0086212],[35.1187704,33.0074622],[35.1197507,33.00807],[35.1182729,33.0136385],[35.1188109,33.0136828],[35.1198256,33.0081174],[35.1259731,33.0133146],[35.1244659,33.013938],[35.1250241,33.0156219],[35.1157861,33.0150906],[35.1168208,33.0240496],[35.113986,33.0242696],[35.1162766,33.0270922],[35.1169485,33.0309591],[35.1137197,33.024292],[35.1135387,33.0256775],[35.1041797,33.0267653],[35.1067134,33.043599],[35.0959402,33.0445274],[35.0775853,32.988991]]],[[[35.0817473,33.0408882],[35.084161,33.0416],[35.0839638,33.042144],[35.0819421,33.0420732],[35.0817473,33.0408882]]],[[[35.1446159,33.0030492],[35.1478537,33.0007993],[35.1481104,33.0070018],[35.1459207,33.0073812],[35.1446159,33.0030492]]],[[[35.180633,33.0254458],[35.1821467,33.0199971],[35.1909331,33.0205519],[35.1916246,33.0250175],[35.180633,33.0254458]]]]}},{"type":"Feature","properties":{"name":"סביון","osm_id":1932371},"geometry":{"type":"MultiPolygon","coordinates":[[[[34.8657963,32.0465682],[34.8660712,32.0439829],[34.8735688,32.039978],[34.8759235,32.0368416],[34.8830548,32.0382036],[34.8833812,32.0403668],[34.8915516,32.0388889],[34.8911473,32.0498405],[34.884319,32.0494287],[34.8828443,32.0573887],[34.866763,32.0552837],[34.8683224,32.0480527],[34.8657963,32.0465682]]],[[[34.8665234,32.0343071],[34.8669125,32.0332254],[34.8671751,32.0343193],[34.8665234,32.0343071]]]]}},{"type":"Feature","properties":{"name":"רמת ישי","osm_id":1933844},"geometry":{"type":"MultiPolygon","coordinates":[[[[35.155305,32.7029154],[35.1650618,32.695978],[35.1680336,32.7004355],[35.1726965,32.6991142],[35.1747611,32.701642],[35.1742424,32.7059919],[35.1765821,32.7056272],[35.1824021,32.7147126],[35.1775347,32.716443],[35.1652518,32.7065496],[35.1572908,32.7074028],[35.155305,32.7029154]]]]}},{"type":"Feature","properties":{"name":"زرزير","osm_id":1933845},"geometry":{"type":"MultiPolygon","coordinates":[[[[35.2093931,32.7313723],[35.2103032,32.7263563],[35.2189867,32.7205254],[35.2167467,32.7193101],[35.2186366,32.7157253],[35.2163714,32.7140217],[35.213061,32.714586],[35.2119782,32.7089621],[35.2136159,32.7123342],[35.2192132,32.7136282],[35.2295347,32.7107494],[35.2295578,32.714438],[35.2319883,32.7144458],[35.2342636,32.7181763],[35.2311527,32.7202479],[35.2291792,32.7183675],[35.2233952,32.7218203],[35.2328544,32.7262385],[35.237021,32.7255019],[35.2378921,32.7271128],[35.2360804,32.7312076],[35.231574,32.7339397],[35.2305229,32.7366978],[35.2205934,32.7359003],[35.2207464,32.7370724],[35.2178268,32.7374547],[35.2190109,32.7357669],[35.2171072,32.7331412],[35.2118946,32.7333519],[35.2093931,32.7313723]]]]}},{"type":"Feature","properties":{"name":"كعبية طباش حجاجرة‎","osm_id":1933846},"geometry":{"type":"MultiPolygon","coordinates":[[[[35.1655666,32.7484472],[35.1693681,32.7454099],[35.1719044,32.7470001],[35.1715716,32.7452333],[35.177148,32.7465086],[35.1815474,32.7446953],[35.189083,32.7465521],[35.1893911,32.7533583],[35.1907507,32.753365],[35.191655,32.7571278],[35.188705,32.7578069],[35.1885075,32.7597901],[35.185802,32.7616615],[35.1784336,32.758729],[35.1816175,32.7559953],[35.1846869,32.7575116],[35.1888694,32.756787],[35.1890629,32.7488671],[35.1847478,32.7529002],[35.1784119,32.751707],[35.1799845,32.7543014],[35.1790931,32.7552685],[35.1777103,32.7522606],[35.1754308,32.7536318],[35.1782821,32.7515592],[35.1807911,32.7514532],[35.1804865,32.7476885],[35.1723121,32.7487277],[35.1724914,32.7520948],[35.1711802,32.752569],[35.1655666,32.7484472]]],[[[35.1912307,32.7466522],[35.1943258,32.7433038],[35.2028732,32.7394025],[35.2030983,32.7425735],[35.197079,32.7422506],[35.2012749,32.7461178],[35.1978445,32.7471449],[35.1991717,32.7483233],[35.1955924,32.7488219],[35.1984977,32.7479357],[35.1912307,32.7466522]]]]}},{"type":"Feature","properties":{"name":"البقيعة","osm_id":1933868},"geometry":{"type":"MultiPolygon","coordinates":[[[[35.3039003,32.9956326],[35.3038818,32.9894162],[35.3108761,32.9872083],[35.3155733,32.9926961],[35.3231846,32.9888931],[35.3278943,32.9824121],[35.3280218,32.9786044],[35.3204826,32.977079],[35.3207878,32.974443],[35.3158348,32.9717218],[35.3131607,32.9671874],[35.3137046,32.9647464],[35.3235799,32.9622835],[35.3239906,32.9604197],[35.3335366,32.9601255],[35.337974,32.9582835],[35.3382165,32.9609673],[35.3428989,32.9623041],[35.3416234,32.9664561],[35.344386,32.9670245],[35.3370619,32.9804079],[35.3330027,32.9808376],[35.3246613,32.9872022],[35.3234793,32.9900069],[35.3140617,32.9937041],[35.3126008,32.9969756],[35.3115341,32.9965771],[35.3126798,32.9950636],[35.3108566,32.9942842],[35.3039003,32.9956326]]]]}},{"type":"Feature","properties":{"name":"רכסים","osm_id":1933959},"geometry":{"type":"MultiPolygon","coordinates":[[[[35.094522,32.757403],[35.0955409,32.754784],[35.0992897,32.7531676],[35.0965391,32.7523347],[35.0957298,32.749042],[35.0982732,32.7488083],[35.0964199,32.7462083],[35.0990283,32.7443618],[35.102375,32.7460713],[35.1120015,32.7412001],[35.1217825,32.7430287],[35.11862,32.7477078],[35.1269695,32.7453587],[35.1155584,32.7562231],[35.1117463,32.7549093],[35.1103196,32.7563358],[35.109691,32.7537106],[35.1085339,32.757507],[35.1102795,32.7590559],[35.1044914,32.7619411],[35.1054755,32.7639052],[35.1030051,32.7621787],[35.0998766,32.7620888],[35.099333,32.7634838],[35.0966627,32.7620314],[35.094522,32.757403]]]]}},{"type":"Feature","properties":{"name":"مجلس إقليمي القيصوم","osm_id":10052487},"geometry":{"type":"MultiPolygon","coordinates":[[[[34.7274311,31.3383166],[34.7291511,31.3370811],[34.7305732,31.3400106],[34.7352714,31.3398616],[34.7353815,31.338717],[34.7397747,31.3398555],[34.7375978,31.3365701],[34.7425815,31.3345156],[34.7470629,31.3395775],[34.7492586,31.3386954],[34.7522205,31.3423233],[34.7479711,31.3445806],[34.7454361,31.3438573],[34.7440102,31.3465884],[34.7459222,31.3479906],[34.7435975,31.347987],[34.7436898,31.3506355],[34.7368765,31.34757],[34.7365962,31.3497262],[34.7350839,31.3495213],[34.7322913,31.348085],[34.7343323,31.3465803],[34.7276879,31.3434685],[34.7293412,31.3412599],[34.7310508,31.341771],[34.7291808,31.338384],[34.7274311,31.3383166]]],[[[34.8679865,31.2690079],[34.8688922,31.2659103],[34.8830998,31.258083],[34.8854027,31.2581246],[34.8866464,31.2619869],[34.88809,31.2620095],[34.8872405,31.2659382],[34.8914308,31.2651319],[34.893394,31.2674016],[34.8926712,31.2768589],[34.8891611,31.2898901],[34.88591,31.2951598],[34.8772334,31.2887738],[34.8696195,31.2867305],[34.8707849,31.2824955],[34.8679865,31.2690079]]],[[[34.9031902,31.2905802],[34.900496,31.2848326],[34.9040889,31.2843501],[34.9097823,31.2796395],[34.9115844,31.2776904],[34.9106051,31.2767056],[34.9136002,31.2747181],[34.9154688,31.2767616],[34.9184992,31.2739157],[34.9203748,31.2759023],[34.9176387,31.2773066],[34.9189053,31.2803343],[34.9209789,31.2797261],[34.9301366,31.2866224],[34.9214995,31.2933829],[34.9225131,31.2921832],[34.9120727,31.2918313],[34.9100251,31.2896806],[34.9031902,31.2905802]]],[[[34.944174,31.2660696],[34.9443518,31.2640873],[34.9475527,31.2636753],[34.9467994,31.2602607],[34.9521445,31.2565485],[34.9512059,31.2520313],[34.9528125,31.2472289],[34.9513662,31.2444413],[34.9529408,31.2444443],[34.952872,31.2469891],[34.9571427,31.2447965],[34.9616134,31.248052],[34.9632311,31.24699],[34.9612013,31.2453995],[34.9626612,31.2448927],[34.9633329,31.2469297],[34.9668801,31.2460394],[34.9705542,31.2403556],[34.9754882,31.2407718],[34.9796855,31.2374408],[34.982552,31.2384332],[34.9824491,31.2417461],[34.9968695,31.2475992],[34.9950976,31.2500049],[34.9960329,31.2543356],[34.9990247,31.2549514],[34.9996322,31.2567766],[34.9977817,31.2591803],[34.9992103,31.2622215],[34.9952419,31.2619253],[34.9768375,31.2669372],[34.9576731,31.266594],[34.9532732,31.2684052],[34.944174,31.2660696]]],[[[35.0301133,31.2654889],[35.0427817,31.2620454],[35.0400358,31.2601496],[35.0421089,31.2596025],[35.0411347,31.2606052],[35.042982,31.2619905],[35.0478973,31.2607161],[35.0599138,31.2615465],[35.0611125,31.2613959],[35.0597879,31.2591518],[35.0614762,31.2588473],[35.06338,31.2701971],[35.0702602,31.2761127],[35.0798371,31.2794278],[35.0896247,31.2964334],[35.0889992,31.2990572],[35.0801164,31.3041697],[35.0798779,31.306442],[35.0835048,31.3089712],[35.0824853,31.3129584],[35.0794405,31.3149118],[35.0752334,31.3095691],[35.0729525,31.3012181],[35.0703884,31.3012103],[35.0688748,31.2994437],[35.0648108,31.301065],[35.0572512,31.2952558],[35.0562745,31.2967179],[35.0579244,31.2979508],[35.0565968,31.298228],[35.0566122,31.3023298],[35.0548515,31.3039442],[35.0520132,31.3019248],[35.053889,31.3007083],[35.0530861,31.2995443],[35.0477845,31.3030916],[35.0453652,31.2999542],[35.0463973,31.298838],[35.0446881,31.2985336],[35.0483374,31.2966429],[35.0484326,31.2946224],[35.042186,31.2867456],[35.0432656,31.279452],[35.0301133,31.2654889]]]]}},{"type":"Feature","properties":{"name":"جت","osm_id":10072527},"geometry":{"type":"MultiPolygon","coordinates":[[[[35.0070411,32.4051034],[35.0101038,32.4046629],[35.009682,32.4014086],[35.0156696,32.4009358],[35.0153291,32.3938227],[35.0195141,32.392523],[35.0197507,32.3945681],[35.0250932,32.3944919],[35.0284963,32.3918477],[35.0340093,32.3915853],[35.0342932,32.3900059],[35.0432111,32.3869923],[35.0461574,32.3942123],[35.04785,32.3916368],[35.0492746,32.3967023],[35.0538973,32.4029022],[35.0545629,32.4073448],[35.0514634,32.4071456],[35.0530634,32.4048362],[35.0513011,32.4050522],[35.0503748,32.4018907],[35.0469185,32.4043818],[35.0440136,32.4013282],[35.0385473,32.405244],[35.0393061,32.4075908],[35.0366165,32.4118707],[35.0228025,32.4125793],[35.022333,32.4147165],[35.0205767,32.4138789],[35.0193566,32.4156188],[35.011886,32.4140034],[35.0121671,32.4095912],[35.0077853,32.4101471],[35.0070411,32.4051034]]]]}},{"type":"Feature","properties":{"name":"צור הדסה","osm_id":15979563},"geometry":{"type":"MultiPolygon","coordinates":[[[[35.0805151,31.7208365],[35.0807057,31.7194517],[35.0872096,31.7214424],[35.0884902,31.7196415],[35.0853717,31.7165161],[35.0865157,31.7144099],[35.091061,31.7137047],[35.0938743,31.7083168],[35.0982988,31.7070433],[35.1067712,31.7150009],[35.1164331,31.7137165],[35.1185632,31.7175629],[35.1033048,31.7198209],[35.1043849,31.7294442],[35.0930714,31.7287662],[35.0805151,31.7208365]]]]}}]}